[INFO] Scanning for projects...
[INFO] Inspecting build with total of 6 modules...
[INFO] Installing Nexus Staging features:
[INFO]   ... total of 6 executions of maven-deploy-plugin replaced with nexus-staging-maven-plugin
[INFO] ------------------------------------------------------------------------
[INFO] Reactor Build Order:
[INFO] 
[INFO] rome                                                               [pom]
[INFO] rome-test                                                          [jar]
[INFO] rome-utils                                                         [jar]
[INFO] rome-core                                                          [jar]
[INFO] rome-modules                                                       [jar]
[INFO] rome-opml                                                          [jar]
[INFO] 
[INFO] -------------------------< com.rometools:rome >-------------------------
[INFO] Building rome 1.19.0-SNAPSHOT                                      [1/6]
[INFO] --------------------------------[ pom ]---------------------------------
[INFO] 
[INFO] --- flatten-maven-plugin:1.2.7:flatten (flatten) @ rome ---
[INFO] Generating flattened POM of project com.rometools:rome:pom:1.19.0-SNAPSHOT...
[INFO] 
[INFO] ----------------------< com.rometools:rome-test >-----------------------
[INFO] Building rome-test 1.19.0-SNAPSHOT                                 [2/6]
[INFO] --------------------------------[ jar ]---------------------------------
[INFO] 
[INFO] --- maven-resources-plugin:3.2.0:resources (default-resources) @ rome-test ---
[INFO] Using 'UTF-8' encoding to copy filtered resources.
[INFO] Using 'UTF-8' encoding to copy filtered properties files.
[INFO] skip non existing resourceDirectory C:\Users\67171876\git\rome\rome-test\src\main\resources
[INFO] 
[INFO] --- flatten-maven-plugin:1.2.7:flatten (flatten) @ rome-test ---
[INFO] Generating flattened POM of project com.rometools:rome-test:jar:1.19.0-SNAPSHOT...
[INFO] 
[INFO] --- maven-compiler-plugin:3.10.0:compile (default-compile) @ rome-test ---
[INFO] Nothing to compile - all classes are up to date
[INFO] 
[INFO] --- maven-resources-plugin:3.2.0:testResources (default-testResources) @ rome-test ---
[INFO] Using 'UTF-8' encoding to copy filtered resources.
[INFO] Using 'UTF-8' encoding to copy filtered properties files.
[INFO] skip non existing resourceDirectory C:\Users\67171876\git\rome\rome-test\src\test\resources
[INFO] 
[INFO] --- maven-compiler-plugin:3.10.0:testCompile (default-testCompile) @ rome-test ---
[INFO] No sources to compile
[INFO] 
[INFO] --- maven-surefire-plugin:2.22.2:test (default-test) @ rome-test ---
[INFO] No tests to run.
[INFO] 
[INFO] ----------------------< com.rometools:rome-utils >----------------------
[INFO] Building rome-utils 1.19.0-SNAPSHOT                                [3/6]
[INFO] --------------------------------[ jar ]---------------------------------
[INFO] 
[INFO] --- jacoco-maven-plugin:0.8.6:prepare-agent (jacoco-initialize) @ rome-utils ---
[INFO] argLine set to -javaagent:C:\\Users\\67171876\\.m2\\MVN_REPO\\org\\jacoco\\org.jacoco.agent\\0.8.6\\org.jacoco.agent-0.8.6-runtime.jar=destfile=C:\\Users\\67171876\\git\\rome\\rome-utils\\target\\jacoco-ut.exec
[INFO] 
[INFO] --- maven-resources-plugin:3.2.0:resources (default-resources) @ rome-utils ---
[INFO] Using 'UTF-8' encoding to copy filtered resources.
[INFO] Using 'UTF-8' encoding to copy filtered properties files.
[INFO] Copying 0 resource
[INFO] 
[INFO] --- flatten-maven-plugin:1.2.7:flatten (flatten) @ rome-utils ---
[INFO] Generating flattened POM of project com.rometools:rome-utils:jar:1.19.0-SNAPSHOT...
[INFO] 
[INFO] --- maven-compiler-plugin:3.10.0:compile (default-compile) @ rome-utils ---
[INFO] Nothing to compile - all classes are up to date
[INFO] 
[INFO] --- maven-resources-plugin:3.2.0:testResources (default-testResources) @ rome-utils ---
[INFO] Using 'UTF-8' encoding to copy filtered resources.
[INFO] Using 'UTF-8' encoding to copy filtered properties files.
[INFO] Copying 1 resource
[INFO] 
[INFO] --- maven-compiler-plugin:3.10.0:testCompile (default-testCompile) @ rome-utils ---
[INFO] Nothing to compile - all classes are up to date
[INFO] 
[INFO] --- maven-surefire-plugin:2.22.2:test (default-test) @ rome-utils ---
[INFO] 
[INFO] -------------------------------------------------------
[INFO]  T E S T S
[INFO] -------------------------------------------------------
[INFO] Running com.rometools.utils.DatesTest
[INFO] Tests run: 1, Failures: 0, Errors: 0, Skipped: 0, Time elapsed: 0.239 s - in com.rometools.utils.DatesTest
[INFO] Running com.rometools.utils.DoublesTest
[INFO] Tests run: 1, Failures: 0, Errors: 0, Skipped: 0, Time elapsed: 0.006 s - in com.rometools.utils.DoublesTest
[INFO] Running com.rometools.utils.IntegersTest
[INFO] Tests run: 1, Failures: 0, Errors: 0, Skipped: 0, Time elapsed: 0.006 s - in com.rometools.utils.IntegersTest
[INFO] Running com.rometools.utils.ListsTest
[INFO] Tests run: 7, Failures: 0, Errors: 0, Skipped: 0, Time elapsed: 0.008 s - in com.rometools.utils.ListsTest
[INFO] Running com.rometools.utils.LongsTest
[INFO] Tests run: 1, Failures: 0, Errors: 0, Skipped: 0, Time elapsed: 0.006 s - in com.rometools.utils.LongsTest
[INFO] Running com.rometools.utils.StringsTest
[INFO] Tests run: 8, Failures: 0, Errors: 0, Skipped: 0, Time elapsed: 0.008 s - in com.rometools.utils.StringsTest
[INFO] Running com.rometools.utils.URIsTest
[INFO] Tests run: 1, Failures: 0, Errors: 0, Skipped: 0, Time elapsed: 0.386 s - in com.rometools.utils.URIsTest
[INFO] 
[INFO] Results:
[INFO] 
[INFO] Tests run: 20, Failures: 0, Errors: 0, Skipped: 0
[INFO] 
[INFO] 
[INFO] ----------------------< com.rometools:rome-core >-----------------------
[INFO] Building rome-core 1.19.0-SNAPSHOT                                 [4/6]
[INFO] --------------------------------[ jar ]---------------------------------
[INFO] 
[INFO] --- jacoco-maven-plugin:0.8.6:prepare-agent (jacoco-initialize) @ rome-core ---
[INFO] argLine set to -javaagent:C:\\Users\\67171876\\.m2\\MVN_REPO\\org\\jacoco\\org.jacoco.agent\\0.8.6\\org.jacoco.agent-0.8.6-runtime.jar=destfile=C:\\Users\\67171876\\git\\rome\\rome-core\\target\\jacoco-ut.exec
[INFO] 
[INFO] --- maven-resources-plugin:3.2.0:resources (default-resources) @ rome-core ---
[INFO] Using 'UTF-8' encoding to copy filtered resources.
[INFO] Using 'UTF-8' encoding to copy filtered properties files.
[INFO] Copying 1 resource
[INFO] 
[INFO] --- flatten-maven-plugin:1.2.7:flatten (flatten) @ rome-core ---
[INFO] Generating flattened POM of project com.rometools:rome-core:jar:1.19.0-SNAPSHOT...
[INFO] 
[INFO] --- maven-compiler-plugin:3.10.0:compile (default-compile) @ rome-core ---
[INFO] Nothing to compile - all classes are up to date
[INFO] 
[INFO] --- maven-resources-plugin:3.2.0:testResources (default-testResources) @ rome-core ---
[INFO] Using 'UTF-8' encoding to copy filtered resources.
[INFO] Using 'UTF-8' encoding to copy filtered properties files.
[INFO] Copying 26 resources
[INFO] 
[INFO] --- maven-compiler-plugin:3.10.0:testCompile (default-testCompile) @ rome-core ---
[INFO] Nothing to compile - all classes are up to date
[INFO] 
[INFO] --- maven-surefire-plugin:2.22.2:test (default-test) @ rome-core ---
[INFO] 
[INFO] -------------------------------------------------------
[INFO]  T E S T S
[INFO] -------------------------------------------------------
[INFO] Running com.rometools.rome.io.impl.Atom10ParserTest
[INFO] Tests run: 1, Failures: 0, Errors: 0, Skipped: 0, Time elapsed: 0.463 s - in com.rometools.rome.io.impl.Atom10ParserTest
[INFO] Running com.rometools.rome.io.impl.DateParserTest
[INFO] Tests run: 3, Failures: 0, Errors: 0, Skipped: 0, Time elapsed: 0.157 s - in com.rometools.rome.io.impl.DateParserTest
[INFO] Running com.rometools.rome.io.impl.NumberParserTest
[INFO] Tests run: 10, Failures: 0, Errors: 0, Skipped: 0, Time elapsed: 0.006 s - in com.rometools.rome.io.impl.NumberParserTest
[INFO] Running com.rometools.rome.io.impl.RSS20ParserTest
[INFO] Tests run: 5, Failures: 0, Errors: 0, Skipped: 0, Time elapsed: 0.007 s - in com.rometools.rome.io.impl.RSS20ParserTest
[INFO] Running com.rometools.rome.io.XmLReaderHttpHeaderTest
[INFO] Tests run: 2, Failures: 0, Errors: 0, Skipped: 0, Time elapsed: 6.452 s - in com.rometools.rome.io.XmLReaderHttpHeaderTest
[INFO] Running com.rometools.rome.io.XmlReaderTest
[INFO] Tests run: 16, Failures: 0, Errors: 0, Skipped: 0, Time elapsed: 0.436 s - in com.rometools.rome.io.XmlReaderTest
[INFO] Running com.rometools.rome.unittest.CloneableBeanTest
[INFO] Tests run: 11, Failures: 0, Errors: 0, Skipped: 0, Time elapsed: 0.041 s - in com.rometools.rome.unittest.CloneableBeanTest
[INFO] Running com.rometools.rome.unittest.DublinCoreTest
[INFO] Tests run: 1, Failures: 0, Errors: 0, Skipped: 0, Time elapsed: 0.078 s - in com.rometools.rome.unittest.DublinCoreTest
[INFO] Running com.rometools.rome.unittest.issues.Issue131Test
[INFO] Tests run: 3, Failures: 0, Errors: 0, Skipped: 0, Time elapsed: 0.108 s - in com.rometools.rome.unittest.issues.Issue131Test
[INFO] Running com.rometools.rome.unittest.issues.Issue134Test
[INFO] Tests run: 1, Failures: 0, Errors: 0, Skipped: 0, Time elapsed: 0.015 s - in com.rometools.rome.unittest.issues.Issue134Test
[INFO] Running com.rometools.rome.unittest.issues.Issue137Test
[INFO] Tests run: 2, Failures: 0, Errors: 0, Skipped: 0, Time elapsed: 0.188 s - in com.rometools.rome.unittest.issues.Issue137Test
[INFO] Running com.rometools.rome.unittest.issues.Issue158Test
[INFO] Tests run: 1, Failures: 0, Errors: 0, Skipped: 0, Time elapsed: 0.312 s - in com.rometools.rome.unittest.issues.Issue158Test
[INFO] Running com.rometools.rome.unittest.issues.Issue161Test
[INFO] Tests run: 23, Failures: 0, Errors: 0, Skipped: 0, Time elapsed: 0.367 s - in com.rometools.rome.unittest.issues.Issue161Test
[INFO] Running com.rometools.rome.unittest.issues.Issue162Test
[INFO] Tests run: 26, Failures: 0, Errors: 0, Skipped: 0, Time elapsed: 0.423 s - in com.rometools.rome.unittest.issues.Issue162Test
[INFO] Running com.rometools.rome.unittest.issues.Issue1Test
[INFO] Tests run: 15, Failures: 0, Errors: 0, Skipped: 0, Time elapsed: 0.298 s - in com.rometools.rome.unittest.issues.Issue1Test
[INFO] Running com.rometools.rome.unittest.issues.Issue2Test
[INFO] Tests run: 20, Failures: 0, Errors: 0, Skipped: 0, Time elapsed: 0.185 s - in com.rometools.rome.unittest.issues.Issue2Test
[INFO] Running com.rometools.rome.unittest.TestAtomContent
[INFO] Tests run: 2, Failures: 0, Errors: 0, Skipped: 0, Time elapsed: 0.106 s - in com.rometools.rome.unittest.TestAtomContent
[INFO] Running com.rometools.rome.unittest.TestDateParser
[INFO] Tests run: 12, Failures: 0, Errors: 0, Skipped: 0, Time elapsed: 0.011 s - in com.rometools.rome.unittest.TestDateParser
[INFO] Running com.rometools.rome.unittest.TestEqualsBean
[INFO] Tests run: 1, Failures: 0, Errors: 0, Skipped: 0, Time elapsed: 0.007 s - in com.rometools.rome.unittest.TestEqualsBean
[INFO] Running com.rometools.rome.unittest.TestOpsAtom03
[INFO] Tests run: 10, Failures: 0, Errors: 0, Skipped: 0, Time elapsed: 0.625 s - in com.rometools.rome.unittest.TestOpsAtom03
[INFO] Running com.rometools.rome.unittest.TestOpsAtom10
[INFO] Tests run: 10, Failures: 0, Errors: 0, Skipped: 0, Time elapsed: 0.13 s - in com.rometools.rome.unittest.TestOpsAtom10
[INFO] Running com.rometools.rome.unittest.TestOpsRSS090
[INFO] Tests run: 10, Failures: 0, Errors: 0, Skipped: 0, Time elapsed: 0.045 s - in com.rometools.rome.unittest.TestOpsRSS090
[INFO] Running com.rometools.rome.unittest.TestOpsRSS091N
[INFO] Tests run: 10, Failures: 0, Errors: 0, Skipped: 0, Time elapsed: 0.088 s - in com.rometools.rome.unittest.TestOpsRSS091N
[INFO] Running com.rometools.rome.unittest.TestOpsRSS091U
[INFO] Tests run: 10, Failures: 0, Errors: 0, Skipped: 0, Time elapsed: 0.08 s - in com.rometools.rome.unittest.TestOpsRSS091U
[INFO] Running com.rometools.rome.unittest.TestOpsRSS092
[INFO] Tests run: 10, Failures: 0, Errors: 0, Skipped: 0, Time elapsed: 0.139 s - in com.rometools.rome.unittest.TestOpsRSS092
[INFO] Running com.rometools.rome.unittest.TestOpsRSS093
[INFO] Tests run: 10, Failures: 0, Errors: 0, Skipped: 0, Time elapsed: 0.135 s - in com.rometools.rome.unittest.TestOpsRSS093
[INFO] Running com.rometools.rome.unittest.TestOpsRSS094
[INFO] Tests run: 10, Failures: 0, Errors: 0, Skipped: 0, Time elapsed: 0.119 s - in com.rometools.rome.unittest.TestOpsRSS094
[INFO] Running com.rometools.rome.unittest.TestOpsRSS10
[INFO] Tests run: 10, Failures: 0, Errors: 0, Skipped: 0, Time elapsed: 0.073 s - in com.rometools.rome.unittest.TestOpsRSS10
[INFO] Running com.rometools.rome.unittest.TestOpsRSS20
[INFO] Tests run: 10, Failures: 0, Errors: 0, Skipped: 0, Time elapsed: 0.136 s - in com.rometools.rome.unittest.TestOpsRSS20
[INFO] Running com.rometools.rome.unittest.TestSyndFeedAtom03
[INFO] Tests run: 15, Failures: 0, Errors: 0, Skipped: 0, Time elapsed: 0.098 s - in com.rometools.rome.unittest.TestSyndFeedAtom03
[INFO] Running com.rometools.rome.unittest.TestSyndFeedAtom03DCSyModules
[INFO] Tests run: 19, Failures: 0, Errors: 0, Skipped: 0, Time elapsed: 0.198 s - in com.rometools.rome.unittest.TestSyndFeedAtom03DCSyModules
[INFO] Running com.rometools.rome.unittest.TestSyndFeedAtom10
[INFO] Tests run: 17, Failures: 0, Errors: 0, Skipped: 0, Time elapsed: 0.064 s - in com.rometools.rome.unittest.TestSyndFeedAtom10
[INFO] Running com.rometools.rome.unittest.TestSyndFeedAtom10b
[INFO] Tests run: 1, Failures: 0, Errors: 0, Skipped: 0, Time elapsed: 0.021 s - in com.rometools.rome.unittest.TestSyndFeedAtom10b
[INFO] Running com.rometools.rome.unittest.TestSyndFeedAtom10Bray
[INFO] Tests run: 3, Failures: 0, Errors: 0, Skipped: 0, Time elapsed: 0.034 s - in com.rometools.rome.unittest.TestSyndFeedAtom10Bray
[INFO] Running com.rometools.rome.unittest.TestSyndFeedAtom10prefix
[INFO] Tests run: 1, Failures: 0, Errors: 0, Skipped: 0, Time elapsed: 0.016 s - in com.rometools.rome.unittest.TestSyndFeedAtom10prefix
[INFO] Running com.rometools.rome.unittest.TestSyndFeedAtom10Ruby
[INFO] Tests run: 3, Failures: 0, Errors: 0, Skipped: 0, Time elapsed: 0.085 s - in com.rometools.rome.unittest.TestSyndFeedAtom10Ruby
[INFO] Running com.rometools.rome.unittest.TestSyndFeedRSS090
[INFO] Tests run: 17, Failures: 0, Errors: 0, Skipped: 0, Time elapsed: 0.052 s - in com.rometools.rome.unittest.TestSyndFeedRSS090
[INFO] Running com.rometools.rome.unittest.TestSyndFeedRSS091N
[INFO] Tests run: 18, Failures: 0, Errors: 0, Skipped: 0, Time elapsed: 0.174 s - in com.rometools.rome.unittest.TestSyndFeedRSS091N
[INFO] Running com.rometools.rome.unittest.TestSyndFeedRSS091U
[INFO] Tests run: 18, Failures: 0, Errors: 0, Skipped: 0, Time elapsed: 0.072 s - in com.rometools.rome.unittest.TestSyndFeedRSS091U
[INFO] Running com.rometools.rome.unittest.TestSyndFeedRSS092
[INFO] Tests run: 18, Failures: 0, Errors: 0, Skipped: 0, Time elapsed: 0.089 s - in com.rometools.rome.unittest.TestSyndFeedRSS092
[INFO] Running com.rometools.rome.unittest.TestSyndFeedRSS092Alt
[INFO] Tests run: 18, Failures: 0, Errors: 0, Skipped: 0, Time elapsed: 0.122 s - in com.rometools.rome.unittest.TestSyndFeedRSS092Alt
[INFO] Running com.rometools.rome.unittest.TestSyndFeedRSS093
[INFO] Tests run: 19, Failures: 0, Errors: 0, Skipped: 0, Time elapsed: 0.112 s - in com.rometools.rome.unittest.TestSyndFeedRSS093
[INFO] Running com.rometools.rome.unittest.TestSyndFeedRSS094
[INFO] Tests run: 20, Failures: 0, Errors: 0, Skipped: 0, Time elapsed: 0.101 s - in com.rometools.rome.unittest.TestSyndFeedRSS094
[INFO] Running com.rometools.rome.unittest.TestSyndFeedRSS10
[INFO] Tests run: 18, Failures: 0, Errors: 0, Skipped: 0, Time elapsed: 0.04 s - in com.rometools.rome.unittest.TestSyndFeedRSS10
[INFO] Running com.rometools.rome.unittest.TestSyndFeedRSS10DCMulti
[INFO] Tests run: 20, Failures: 0, Errors: 0, Skipped: 0, Time elapsed: 0.235 s - in com.rometools.rome.unittest.TestSyndFeedRSS10DCMulti
[INFO] Running com.rometools.rome.unittest.TestSyndFeedRSS10DCSyModules
[INFO] Tests run: 21, Failures: 0, Errors: 0, Skipped: 0, Time elapsed: 0.164 s - in com.rometools.rome.unittest.TestSyndFeedRSS10DCSyModules
[INFO] Running com.rometools.rome.unittest.TestSyndFeedRSS20
[INFO] Tests run: 22, Failures: 0, Errors: 0, Skipped: 0, Time elapsed: 0.133 s - in com.rometools.rome.unittest.TestSyndFeedRSS20
[INFO] Running com.rometools.rome.unittest.TestXmlFixerReader
[INFO] Tests run: 3, Failures: 0, Errors: 0, Skipped: 0, Time elapsed: 0.045 s - in com.rometools.rome.unittest.TestXmlFixerReader
[INFO] 
[INFO] Results:
[INFO] 
[INFO] Tests run: 526, Failures: 0, Errors: 0, Skipped: 0
[INFO] 
[INFO] 
[INFO] ---------------------< com.rometools:rome-modules >---------------------
[INFO] Building rome-modules 1.19.0-SNAPSHOT                              [5/6]
[INFO] --------------------------------[ jar ]---------------------------------
[INFO] 
[INFO] --- jacoco-maven-plugin:0.8.6:prepare-agent (jacoco-initialize) @ rome-modules ---
[INFO] argLine set to -javaagent:C:\\Users\\67171876\\.m2\\MVN_REPO\\org\\jacoco\\org.jacoco.agent\\0.8.6\\org.jacoco.agent-0.8.6-runtime.jar=destfile=C:\\Users\\67171876\\git\\rome\\rome-modules\\target\\jacoco-ut.exec
[INFO] 
[INFO] --- maven-resources-plugin:3.2.0:resources (default-resources) @ rome-modules ---
[INFO] Using 'UTF-8' encoding to copy filtered resources.
[INFO] Using 'UTF-8' encoding to copy filtered properties files.
[INFO] Copying 2 resources
[INFO] 
[INFO] --- flatten-maven-plugin:1.2.7:flatten (flatten) @ rome-modules ---
[INFO] Generating flattened POM of project com.rometools:rome-modules:jar:1.19.0-SNAPSHOT...
[INFO] 
[INFO] --- maven-compiler-plugin:3.10.0:compile (default-compile) @ rome-modules ---
[INFO] Nothing to compile - all classes are up to date
[INFO] 
[INFO] --- maven-resources-plugin:3.2.0:testResources (default-testResources) @ rome-modules ---
[INFO] Using 'UTF-8' encoding to copy filtered resources.
[INFO] Using 'UTF-8' encoding to copy filtered properties files.
[INFO] Copying 137 resources
[INFO] 
[INFO] --- maven-compiler-plugin:3.10.0:testCompile (default-testCompile) @ rome-modules ---
[INFO] Nothing to compile - all classes are up to date
[INFO] 
[INFO] --- maven-surefire-plugin:2.22.2:test (default-test) @ rome-modules ---
[INFO] 
[INFO] -------------------------------------------------------
[INFO]  T E S T S
[INFO] -------------------------------------------------------
[INFO] Running com.rometools.modules.activitystreams.types.VerbTest
23:44:12.458 [main] DEBUG com.rometools.modules.activitystreams.types.VerbTest - valueOf
[INFO] Tests run: 1, Failures: 0, Errors: 0, Skipped: 0, Time elapsed: 0.952 s - in com.rometools.modules.activitystreams.types.VerbTest
[INFO] Running com.rometools.modules.atom.AtomGeneratorTest
23:44:12.503 [main] DEBUG com.rometools.modules.atom.AtomGeneratorTest - testGenerate
23:44:13.274 [main] DEBUG com.rometools.modules.atom.AtomGeneratorTest - <?xml-stylesheet type="text/xsl" href="/~files/feed-premium.xsl"?><rss xmlns:atom="http://www.w3.org/2005/Atom" version="2.0">
  <channel>
    <title>Lorem Ipsum</title>
    <link>http://example.org</link>
    <description>Lorem Ipsum</description>
    <atom:link href="http://test.com" hreflang="" rel="self" title="" type="application/rss+xml"/>
    <atom:link href="http://test.com/alt" hreflang="" rel="alternate" title="" type="application/rss+xml"/>
    <atom:author>
      <atom:name>Lorem Ipsum</atom:name>
      <atom:email>test@example.org</atom:email>
      <atom:uri>http://example.org</atom:uri>
    </atom:author>
    <atom:contributor>
      <atom:name>Lorem Ipsum</atom:name>
      <atom:email>test@example.org</atom:email>
      <atom:uri>http://example.org</atom:uri>
    </atom:contributor>
    <item>
      <title>Lorem Ipsum</title>
      <link>http://example.org/episode1</link>
      <description>Lorem Ipsum</description>
      <guid isPermaLink="false">http://example.org/episode1</guid>
      <atom:link href="" hreflang="" rel="" title="" type=""/>
      <atom:author>
        <atom:name>Lorem Ipsum</atom:name>
        <atom:email>test@example.org</atom:email>
        <atom:uri>http://example.org</atom:uri>
      </atom:author>
      <atom:contributor>
        <atom:name>Lorem Ipsum</atom:name>
        <atom:email>test@example.org</atom:email>
        <atom:uri>http://example.org</atom:uri>
      </atom:contributor>
    </item>
  </channel>
</rss>

[INFO] Tests run: 2, Failures: 0, Errors: 0, Skipped: 0, Time elapsed: 0.984 s - in com.rometools.modules.atom.AtomGeneratorTest
[INFO] Running com.rometools.modules.atom.AtomLinkTest
[INFO] Tests run: 3, Failures: 0, Errors: 0, Skipped: 0, Time elapsed: 0.011 s - in com.rometools.modules.atom.AtomLinkTest
[INFO] Running com.rometools.modules.atom.AtomParserTest
23:44:13.325 [main] DEBUG com.rometools.modules.atom.AtomParserTest - testParse
[INFO] Tests run: 2, Failures: 0, Errors: 0, Skipped: 0, Time elapsed: 0.021 s - in com.rometools.modules.atom.AtomParserTest
[INFO] Running com.rometools.modules.base.io.CustomTagGeneratorTest
23:44:13.394 [main] DEBUG com.rometools.modules.base.io.GoogleBaseParser - Property: format doesn't have a tag mapping.
23:44:13.394 [main] DEBUG com.rometools.modules.base.io.GoogleBaseParser - Property: expirationDateTime doesn't have a tag mapping.
23:44:13.394 [main] DEBUG com.rometools.modules.base.io.GoogleBaseParser - Property: interface doesn't have a tag mapping.
23:44:13.394 [main] DEBUG com.rometools.modules.base.io.GoogleBaseParser - Property: uri doesn't have a tag mapping.
23:44:13.394 [main] DEBUG com.rometools.modules.base.io.GoogleBaseParser - Property: licenses doesn't have a tag mapping.
23:44:13.487 [main] DEBUG com.rometools.modules.base.io.GoogleBaseParser - Property: format doesn't have a tag mapping.
23:44:13.487 [main] DEBUG com.rometools.modules.base.io.GoogleBaseParser - Property: expirationDateTime doesn't have a tag mapping.
23:44:13.487 [main] DEBUG com.rometools.modules.base.io.GoogleBaseParser - Property: interface doesn't have a tag mapping.
23:44:13.487 [main] DEBUG com.rometools.modules.base.io.GoogleBaseParser - Property: uri doesn't have a tag mapping.
23:44:13.487 [main] DEBUG com.rometools.modules.base.io.GoogleBaseParser - Property: licenses doesn't have a tag mapping.
23:44:13.505 [main] DEBUG com.rometools.modules.base.io.CustomTagGeneratorTest - tag1: [custom name="language_skills" value="Fluent in English and German"]
23:44:13.529 [main] DEBUG com.rometools.modules.base.io.CustomTagGeneratorTest - tag2: [custom name="language_skills" value="Fluent in English and German"]
23:44:13.537 [main] DEBUG com.rometools.modules.base.io.CustomTagGeneratorTest - tag1: [custom name="prior_experience_years" value="5"]
23:44:13.537 [main] DEBUG com.rometools.modules.base.io.CustomTagGeneratorTest - tag2: [custom name="prior_experience_years" value="5"]
23:44:13.537 [main] DEBUG com.rometools.modules.base.io.CustomTagGeneratorTest - tag1: [custom name="start_date" value="Tue Nov 15 00:00:00 CET 2005"]
23:44:13.561 [main] DEBUG com.rometools.modules.base.io.CustomTagGeneratorTest - tag2: [custom name="start_date" value="Tue Nov 15 00:00:00 CET 2005"]
23:44:13.561 [main] DEBUG com.rometools.modules.base.io.CustomTagGeneratorTest - tag1: [custom name="test_url" value="http://www.screaming-penguin.com"]
23:44:13.562 [main] DEBUG com.rometools.modules.base.io.CustomTagGeneratorTest - tag2: [custom name="test_url" value="http://www.screaming-penguin.com"]
23:44:13.568 [main] DEBUG com.rometools.modules.base.io.CustomTagGeneratorTest - tag1: [custom name="test_boolean" value="true"]
23:44:13.568 [main] DEBUG com.rometools.modules.base.io.CustomTagGeneratorTest - tag2: [custom name="test_boolean" value="true"]
23:44:13.569 [main] DEBUG com.rometools.modules.base.io.CustomTagGeneratorTest - tag1: [custom name="test_intUnit" value="25 horses"]
23:44:13.569 [main] DEBUG com.rometools.modules.base.io.CustomTagGeneratorTest - tag2: [custom name="test_intUnit" value="25 horses"]
23:44:13.570 [main] DEBUG com.rometools.modules.base.io.CustomTagGeneratorTest - tag1: [custom name="test_floatUnit" value="2.5 cows"]
23:44:13.570 [main] DEBUG com.rometools.modules.base.io.CustomTagGeneratorTest - tag2: [custom name="test_floatUnit" value="2.5 cows"]
23:44:13.570 [main] DEBUG com.rometools.modules.base.io.CustomTagGeneratorTest - tag1: [custom name="test_location" value="125 Main St, Sometown, GA"]
23:44:13.570 [main] DEBUG com.rometools.modules.base.io.CustomTagGeneratorTest - tag2: [custom name="test_location" value="125 Main St, Sometown, GA"]
23:44:13.570 [main] DEBUG com.rometools.modules.base.io.CustomTagGeneratorTest - tag1: [custom name="test_dateRange" value="Start: Mon Jul 04 20:00:00 CEST 2005 End: Mon Jul 04 23:00:00 CEST 2005"]
23:44:13.584 [main] DEBUG com.rometools.modules.base.io.CustomTagGeneratorTest - tag2: [custom name="test_dateRange" value="Start: Mon Jul 04 20:00:00 CEST 2005 End: Mon Jul 04 23:00:00 CEST 2005"]
[INFO] Tests run: 1, Failures: 0, Errors: 0, Skipped: 0, Time elapsed: 0.558 s - in com.rometools.modules.base.io.CustomTagGeneratorTest
[INFO] Running com.rometools.modules.base.io.CustomTagParserTest
23:44:13.615 [main] DEBUG com.rometools.modules.base.io.GoogleBaseParser - Property: format doesn't have a tag mapping.
23:44:13.615 [main] DEBUG com.rometools.modules.base.io.GoogleBaseParser - Property: expirationDateTime doesn't have a tag mapping.
23:44:13.616 [main] DEBUG com.rometools.modules.base.io.GoogleBaseParser - Property: interface doesn't have a tag mapping.
23:44:13.616 [main] DEBUG com.rometools.modules.base.io.GoogleBaseParser - Property: uri doesn't have a tag mapping.
23:44:13.616 [main] DEBUG com.rometools.modules.base.io.GoogleBaseParser - Property: licenses doesn't have a tag mapping.
23:44:13.620 [main] DEBUG com.rometools.modules.base.io.CustomTagParserTest - [custom name="language_skills" value="Fluent in English and German"]
23:44:13.621 [main] DEBUG com.rometools.modules.base.io.CustomTagParserTest - [custom name="prior_experience_years" value="5"]
23:44:13.621 [main] DEBUG com.rometools.modules.base.io.CustomTagParserTest - [custom name="start_date" value="Tue Nov 15 00:00:00 CET 2005"]
23:44:13.621 [main] DEBUG com.rometools.modules.base.io.CustomTagParserTest - [custom name="test_url" value="http://www.screaming-penguin.com"]
23:44:13.622 [main] DEBUG com.rometools.modules.base.io.CustomTagParserTest - [custom name="test_boolean" value="true"]
23:44:13.622 [main] DEBUG com.rometools.modules.base.io.CustomTagParserTest - [custom name="test_intUnit" value="25 horses"]
23:44:13.622 [main] DEBUG com.rometools.modules.base.io.CustomTagParserTest - [custom name="test_floatUnit" value="2.5 cows"]
23:44:13.623 [main] DEBUG com.rometools.modules.base.io.CustomTagParserTest - [custom name="test_location" value="125 Main St, Sometown, GA"]
23:44:13.630 [main] DEBUG com.rometools.modules.base.io.CustomTagParserTest - [custom name="test_dateRange" value="Start: Mon Jul 04 20:00:00 CEST 2005 End: Mon Jul 04 23:00:00 CEST 2005"]
[INFO] Tests run: 1, Failures: 0, Errors: 0, Skipped: 0, Time elapsed: 0.099 s - in com.rometools.modules.base.io.CustomTagParserTest
[INFO] Running com.rometools.modules.base.io.GoogleBaseGeneratorTest
23:44:13.636 [main] DEBUG com.rometools.modules.base.io.GoogleBaseGeneratorTest - testGenerate
23:44:13.638 [main] DEBUG com.rometools.modules.base.io.GoogleBaseGeneratorTest - at.xml
23:44:13.771 [main] WARN  com.rometools.modules.itunes.io.ITunesParser - Malformed URL Exception reading itunes:image tag: 
23:44:14.108 [main] WARN  com.rometools.modules.itunes.io.ITunesParser - Malformed URL Exception reading itunes:image tag: 
23:44:14.109 [main] WARN  com.rometools.modules.itunes.io.ITunesParser - Malformed URL Exception reading itunes:image tag: 
23:44:14.113 [main] WARN  com.rometools.modules.itunes.io.ITunesParser - Failed to parse duration: 
23:44:14.125 [main] WARN  com.rometools.modules.itunes.io.ITunesParser - Failed to parse duration: 
23:44:14.131 [main] WARN  com.rometools.modules.itunes.io.ITunesParser - Failed to parse duration: 
23:44:14.178 [main] DEBUG com.rometools.modules.base.io.GoogleBaseGeneratorTest - courses-atom.xml
23:44:14.192 [main] DEBUG com.rometools.modules.base.io.GoogleBaseParser - Property: format doesn't have a tag mapping.
23:44:14.193 [main] DEBUG com.rometools.modules.base.io.GoogleBaseParser - Property: expirationDateTime doesn't have a tag mapping.
23:44:14.194 [main] DEBUG com.rometools.modules.base.io.GoogleBaseParser - Property: interface doesn't have a tag mapping.
23:44:14.194 [main] DEBUG com.rometools.modules.base.io.GoogleBaseParser - Property: uri doesn't have a tag mapping.
23:44:14.194 [main] DEBUG com.rometools.modules.base.io.GoogleBaseParser - Property: licenses doesn't have a tag mapping.
23:44:14.204 [main] DEBUG com.rometools.modules.base.io.GoogleBaseParser - Property: format doesn't have a tag mapping.
23:44:14.204 [main] DEBUG com.rometools.modules.base.io.GoogleBaseParser - Property: expirationDateTime doesn't have a tag mapping.
23:44:14.204 [main] DEBUG com.rometools.modules.base.io.GoogleBaseParser - Property: interface doesn't have a tag mapping.
23:44:14.204 [main] DEBUG com.rometools.modules.base.io.GoogleBaseParser - Property: uri doesn't have a tag mapping.
23:44:14.204 [main] DEBUG com.rometools.modules.base.io.GoogleBaseParser - Property: licenses doesn't have a tag mapping.
23:44:14.243 [main] DEBUG com.rometools.modules.base.io.GoogleBaseParser - Property: format doesn't have a tag mapping.
23:44:14.243 [main] DEBUG com.rometools.modules.base.io.GoogleBaseParser - Property: expirationDateTime doesn't have a tag mapping.
23:44:14.243 [main] DEBUG com.rometools.modules.base.io.GoogleBaseParser - Property: interface doesn't have a tag mapping.
23:44:14.243 [main] DEBUG com.rometools.modules.base.io.GoogleBaseParser - Property: uri doesn't have a tag mapping.
23:44:14.243 [main] DEBUG com.rometools.modules.base.io.GoogleBaseParser - Property: licenses doesn't have a tag mapping.
23:44:14.247 [main] DEBUG com.rometools.modules.base.io.GoogleBaseParser - Property: format doesn't have a tag mapping.
23:44:14.247 [main] DEBUG com.rometools.modules.base.io.GoogleBaseParser - Property: expirationDateTime doesn't have a tag mapping.
23:44:14.247 [main] DEBUG com.rometools.modules.base.io.GoogleBaseParser - Property: interface doesn't have a tag mapping.
23:44:14.247 [main] DEBUG com.rometools.modules.base.io.GoogleBaseParser - Property: uri doesn't have a tag mapping.
23:44:14.247 [main] DEBUG com.rometools.modules.base.io.GoogleBaseParser - Property: licenses doesn't have a tag mapping.
23:44:14.366 [main] DEBUG com.rometools.modules.base.io.GoogleBaseGeneratorTest - courses2.xml
23:44:14.376 [main] DEBUG com.rometools.modules.base.io.GoogleBaseParser - Property: format doesn't have a tag mapping.
23:44:14.376 [main] DEBUG com.rometools.modules.base.io.GoogleBaseParser - Property: expirationDateTime doesn't have a tag mapping.
23:44:14.376 [main] DEBUG com.rometools.modules.base.io.GoogleBaseParser - Property: interface doesn't have a tag mapping.
23:44:14.376 [main] DEBUG com.rometools.modules.base.io.GoogleBaseParser - Property: uri doesn't have a tag mapping.
23:44:14.376 [main] DEBUG com.rometools.modules.base.io.GoogleBaseParser - Property: licenses doesn't have a tag mapping.
23:44:14.379 [main] DEBUG com.rometools.modules.base.io.GoogleBaseParser - Property: format doesn't have a tag mapping.
23:44:14.380 [main] DEBUG com.rometools.modules.base.io.GoogleBaseParser - Property: expirationDateTime doesn't have a tag mapping.
23:44:14.380 [main] DEBUG com.rometools.modules.base.io.GoogleBaseParser - Property: interface doesn't have a tag mapping.
23:44:14.380 [main] DEBUG com.rometools.modules.base.io.GoogleBaseParser - Property: uri doesn't have a tag mapping.
23:44:14.380 [main] DEBUG com.rometools.modules.base.io.GoogleBaseParser - Property: licenses doesn't have a tag mapping.
23:44:14.413 [main] DEBUG com.rometools.modules.base.io.GoogleBaseParser - Property: format doesn't have a tag mapping.
23:44:14.414 [main] DEBUG com.rometools.modules.base.io.GoogleBaseParser - Property: expirationDateTime doesn't have a tag mapping.
23:44:14.415 [main] DEBUG com.rometools.modules.base.io.GoogleBaseParser - Property: interface doesn't have a tag mapping.
23:44:14.415 [main] DEBUG com.rometools.modules.base.io.GoogleBaseParser - Property: uri doesn't have a tag mapping.
23:44:14.415 [main] DEBUG com.rometools.modules.base.io.GoogleBaseParser - Property: licenses doesn't have a tag mapping.
23:44:14.417 [main] DEBUG com.rometools.modules.base.io.GoogleBaseParser - Property: format doesn't have a tag mapping.
23:44:14.418 [main] DEBUG com.rometools.modules.base.io.GoogleBaseParser - Property: expirationDateTime doesn't have a tag mapping.
23:44:14.418 [main] DEBUG com.rometools.modules.base.io.GoogleBaseParser - Property: interface doesn't have a tag mapping.
23:44:14.418 [main] DEBUG com.rometools.modules.base.io.GoogleBaseParser - Property: uri doesn't have a tag mapping.
23:44:14.418 [main] DEBUG com.rometools.modules.base.io.GoogleBaseParser - Property: licenses doesn't have a tag mapping.
23:44:14.423 [main] DEBUG com.rometools.modules.base.io.GoogleBaseGeneratorTest - custom-tags-example.xml
23:44:14.443 [main] DEBUG com.rometools.modules.base.io.GoogleBaseParser - Property: format doesn't have a tag mapping.
23:44:14.443 [main] DEBUG com.rometools.modules.base.io.GoogleBaseParser - Property: expirationDateTime doesn't have a tag mapping.
23:44:14.443 [main] DEBUG com.rometools.modules.base.io.GoogleBaseParser - Property: interface doesn't have a tag mapping.
23:44:14.443 [main] DEBUG com.rometools.modules.base.io.GoogleBaseParser - Property: uri doesn't have a tag mapping.
23:44:14.443 [main] DEBUG com.rometools.modules.base.io.GoogleBaseParser - Property: licenses doesn't have a tag mapping.
23:44:14.492 [main] DEBUG com.rometools.modules.base.io.GoogleBaseParser - Property: format doesn't have a tag mapping.
23:44:14.492 [main] DEBUG com.rometools.modules.base.io.GoogleBaseParser - Property: expirationDateTime doesn't have a tag mapping.
23:44:14.492 [main] DEBUG com.rometools.modules.base.io.GoogleBaseParser - Property: interface doesn't have a tag mapping.
23:44:14.492 [main] DEBUG com.rometools.modules.base.io.GoogleBaseParser - Property: uri doesn't have a tag mapping.
23:44:14.492 [main] DEBUG com.rometools.modules.base.io.GoogleBaseParser - Property: licenses doesn't have a tag mapping.
23:44:14.531 [main] DEBUG com.rometools.modules.base.io.GoogleBaseGeneratorTest - events-atom.xml
23:44:14.656 [main] DEBUG com.rometools.modules.base.io.GoogleBaseParser - Property: format doesn't have a tag mapping.
23:44:14.656 [main] DEBUG com.rometools.modules.base.io.GoogleBaseParser - Property: expirationDateTime doesn't have a tag mapping.
23:44:14.656 [main] DEBUG com.rometools.modules.base.io.GoogleBaseParser - Property: interface doesn't have a tag mapping.
23:44:14.656 [main] DEBUG com.rometools.modules.base.io.GoogleBaseParser - Property: uri doesn't have a tag mapping.
23:44:14.657 [main] DEBUG com.rometools.modules.base.io.GoogleBaseParser - Property: licenses doesn't have a tag mapping.
23:44:14.686 [main] DEBUG com.rometools.modules.base.io.GoogleBaseParser - Property: format doesn't have a tag mapping.
23:44:14.687 [main] DEBUG com.rometools.modules.base.io.GoogleBaseParser - Property: expirationDateTime doesn't have a tag mapping.
23:44:14.687 [main] DEBUG com.rometools.modules.base.io.GoogleBaseParser - Property: interface doesn't have a tag mapping.
23:44:14.687 [main] DEBUG com.rometools.modules.base.io.GoogleBaseParser - Property: uri doesn't have a tag mapping.
23:44:14.687 [main] DEBUG com.rometools.modules.base.io.GoogleBaseParser - Property: licenses doesn't have a tag mapping.
23:44:14.728 [main] DEBUG com.rometools.modules.base.io.GoogleBaseParser - Property: format doesn't have a tag mapping.
23:44:14.728 [main] DEBUG com.rometools.modules.base.io.GoogleBaseParser - Property: expirationDateTime doesn't have a tag mapping.
23:44:14.728 [main] DEBUG com.rometools.modules.base.io.GoogleBaseParser - Property: interface doesn't have a tag mapping.
23:44:14.728 [main] DEBUG com.rometools.modules.base.io.GoogleBaseParser - Property: uri doesn't have a tag mapping.
23:44:14.728 [main] DEBUG com.rometools.modules.base.io.GoogleBaseParser - Property: licenses doesn't have a tag mapping.
23:44:14.733 [main] DEBUG com.rometools.modules.base.io.GoogleBaseParser - Property: format doesn't have a tag mapping.
23:44:14.733 [main] DEBUG com.rometools.modules.base.io.GoogleBaseParser - Property: expirationDateTime doesn't have a tag mapping.
23:44:14.733 [main] DEBUG com.rometools.modules.base.io.GoogleBaseParser - Property: interface doesn't have a tag mapping.
23:44:14.733 [main] DEBUG com.rometools.modules.base.io.GoogleBaseParser - Property: uri doesn't have a tag mapping.
23:44:14.733 [main] DEBUG com.rometools.modules.base.io.GoogleBaseParser - Property: licenses doesn't have a tag mapping.
23:44:14.752 [main] DEBUG com.rometools.modules.base.io.GoogleBaseGeneratorTest - events2.xml
23:44:14.758 [main] DEBUG com.rometools.modules.base.io.GoogleBaseParser - Property: format doesn't have a tag mapping.
23:44:14.758 [main] DEBUG com.rometools.modules.base.io.GoogleBaseParser - Property: expirationDateTime doesn't have a tag mapping.
23:44:14.758 [main] DEBUG com.rometools.modules.base.io.GoogleBaseParser - Property: interface doesn't have a tag mapping.
23:44:14.758 [main] DEBUG com.rometools.modules.base.io.GoogleBaseParser - Property: uri doesn't have a tag mapping.
23:44:14.759 [main] DEBUG com.rometools.modules.base.io.GoogleBaseParser - Property: licenses doesn't have a tag mapping.
23:44:14.761 [main] DEBUG com.rometools.modules.base.io.GoogleBaseParser - Property: format doesn't have a tag mapping.
23:44:14.761 [main] DEBUG com.rometools.modules.base.io.GoogleBaseParser - Property: expirationDateTime doesn't have a tag mapping.
23:44:14.761 [main] DEBUG com.rometools.modules.base.io.GoogleBaseParser - Property: interface doesn't have a tag mapping.
23:44:14.762 [main] DEBUG com.rometools.modules.base.io.GoogleBaseParser - Property: uri doesn't have a tag mapping.
23:44:14.762 [main] DEBUG com.rometools.modules.base.io.GoogleBaseParser - Property: licenses doesn't have a tag mapping.
23:44:14.786 [main] DEBUG com.rometools.modules.base.io.GoogleBaseParser - Property: format doesn't have a tag mapping.
23:44:14.786 [main] DEBUG com.rometools.modules.base.io.GoogleBaseParser - Property: expirationDateTime doesn't have a tag mapping.
23:44:14.786 [main] DEBUG com.rometools.modules.base.io.GoogleBaseParser - Property: interface doesn't have a tag mapping.
23:44:14.786 [main] DEBUG com.rometools.modules.base.io.GoogleBaseParser - Property: uri doesn't have a tag mapping.
23:44:14.786 [main] DEBUG com.rometools.modules.base.io.GoogleBaseParser - Property: licenses doesn't have a tag mapping.
23:44:14.788 [main] DEBUG com.rometools.modules.base.io.GoogleBaseParser - Property: format doesn't have a tag mapping.
23:44:14.788 [main] DEBUG com.rometools.modules.base.io.GoogleBaseParser - Property: expirationDateTime doesn't have a tag mapping.
23:44:14.788 [main] DEBUG com.rometools.modules.base.io.GoogleBaseParser - Property: interface doesn't have a tag mapping.
23:44:14.788 [main] DEBUG com.rometools.modules.base.io.GoogleBaseParser - Property: uri doesn't have a tag mapping.
23:44:14.788 [main] DEBUG com.rometools.modules.base.io.GoogleBaseParser - Property: licenses doesn't have a tag mapping.
23:44:14.793 [main] DEBUG com.rometools.modules.base.io.GoogleBaseGeneratorTest - housing-atom.xml
23:44:14.805 [main] DEBUG com.rometools.modules.base.io.GoogleBaseParser - Property: format doesn't have a tag mapping.
23:44:14.805 [main] DEBUG com.rometools.modules.base.io.GoogleBaseParser - Property: expirationDateTime doesn't have a tag mapping.
23:44:14.805 [main] DEBUG com.rometools.modules.base.io.GoogleBaseParser - Property: interface doesn't have a tag mapping.
23:44:14.805 [main] DEBUG com.rometools.modules.base.io.GoogleBaseParser - Property: uri doesn't have a tag mapping.
23:44:14.805 [main] DEBUG com.rometools.modules.base.io.GoogleBaseParser - Property: licenses doesn't have a tag mapping.
23:44:14.812 [main] DEBUG com.rometools.modules.base.io.GoogleBaseParser - Property: format doesn't have a tag mapping.
23:44:14.812 [main] DEBUG com.rometools.modules.base.io.GoogleBaseParser - Property: expirationDateTime doesn't have a tag mapping.
23:44:14.812 [main] DEBUG com.rometools.modules.base.io.GoogleBaseParser - Property: interface doesn't have a tag mapping.
23:44:14.812 [main] DEBUG com.rometools.modules.base.io.GoogleBaseParser - Property: uri doesn't have a tag mapping.
23:44:14.812 [main] DEBUG com.rometools.modules.base.io.GoogleBaseParser - Property: licenses doesn't have a tag mapping.
23:44:14.839 [main] DEBUG com.rometools.modules.base.io.GoogleBaseParser - Property: format doesn't have a tag mapping.
23:44:14.839 [main] DEBUG com.rometools.modules.base.io.GoogleBaseParser - Property: expirationDateTime doesn't have a tag mapping.
23:44:14.839 [main] DEBUG com.rometools.modules.base.io.GoogleBaseParser - Property: interface doesn't have a tag mapping.
23:44:14.839 [main] DEBUG com.rometools.modules.base.io.GoogleBaseParser - Property: uri doesn't have a tag mapping.
23:44:14.839 [main] DEBUG com.rometools.modules.base.io.GoogleBaseParser - Property: licenses doesn't have a tag mapping.
23:44:14.847 [main] DEBUG com.rometools.modules.base.io.GoogleBaseParser - Property: format doesn't have a tag mapping.
23:44:14.847 [main] DEBUG com.rometools.modules.base.io.GoogleBaseParser - Property: expirationDateTime doesn't have a tag mapping.
23:44:14.847 [main] DEBUG com.rometools.modules.base.io.GoogleBaseParser - Property: interface doesn't have a tag mapping.
23:44:14.848 [main] DEBUG com.rometools.modules.base.io.GoogleBaseParser - Property: uri doesn't have a tag mapping.
23:44:14.848 [main] DEBUG com.rometools.modules.base.io.GoogleBaseParser - Property: licenses doesn't have a tag mapping.
23:44:14.854 [main] DEBUG com.rometools.modules.base.io.GoogleBaseGeneratorTest - housing2.xml
23:44:14.859 [main] DEBUG com.rometools.modules.base.io.GoogleBaseParser - Property: format doesn't have a tag mapping.
23:44:14.859 [main] DEBUG com.rometools.modules.base.io.GoogleBaseParser - Property: expirationDateTime doesn't have a tag mapping.
23:44:14.859 [main] DEBUG com.rometools.modules.base.io.GoogleBaseParser - Property: interface doesn't have a tag mapping.
23:44:14.860 [main] DEBUG com.rometools.modules.base.io.GoogleBaseParser - Property: uri doesn't have a tag mapping.
23:44:14.860 [main] DEBUG com.rometools.modules.base.io.GoogleBaseParser - Property: licenses doesn't have a tag mapping.
23:44:14.863 [main] DEBUG com.rometools.modules.base.io.GoogleBaseParser - Property: format doesn't have a tag mapping.
23:44:14.863 [main] DEBUG com.rometools.modules.base.io.GoogleBaseParser - Property: expirationDateTime doesn't have a tag mapping.
23:44:14.863 [main] DEBUG com.rometools.modules.base.io.GoogleBaseParser - Property: interface doesn't have a tag mapping.
23:44:14.864 [main] DEBUG com.rometools.modules.base.io.GoogleBaseParser - Property: uri doesn't have a tag mapping.
23:44:14.864 [main] DEBUG com.rometools.modules.base.io.GoogleBaseParser - Property: licenses doesn't have a tag mapping.
23:44:14.911 [main] DEBUG com.rometools.modules.base.io.GoogleBaseParser - Property: format doesn't have a tag mapping.
23:44:14.912 [main] DEBUG com.rometools.modules.base.io.GoogleBaseParser - Property: expirationDateTime doesn't have a tag mapping.
23:44:14.912 [main] DEBUG com.rometools.modules.base.io.GoogleBaseParser - Property: interface doesn't have a tag mapping.
23:44:14.912 [main] DEBUG com.rometools.modules.base.io.GoogleBaseParser - Property: uri doesn't have a tag mapping.
23:44:14.912 [main] DEBUG com.rometools.modules.base.io.GoogleBaseParser - Property: licenses doesn't have a tag mapping.
23:44:14.914 [main] DEBUG com.rometools.modules.base.io.GoogleBaseParser - Property: format doesn't have a tag mapping.
23:44:14.915 [main] DEBUG com.rometools.modules.base.io.GoogleBaseParser - Property: expirationDateTime doesn't have a tag mapping.
23:44:14.915 [main] DEBUG com.rometools.modules.base.io.GoogleBaseParser - Property: interface doesn't have a tag mapping.
23:44:14.915 [main] DEBUG com.rometools.modules.base.io.GoogleBaseParser - Property: uri doesn't have a tag mapping.
23:44:14.915 [main] DEBUG com.rometools.modules.base.io.GoogleBaseParser - Property: licenses doesn't have a tag mapping.
23:44:14.923 [main] DEBUG com.rometools.modules.base.io.GoogleBaseGeneratorTest - jobs-atom.xml
23:44:14.939 [main] DEBUG com.rometools.modules.base.io.GoogleBaseParser - Property: format doesn't have a tag mapping.
23:44:14.939 [main] DEBUG com.rometools.modules.base.io.GoogleBaseParser - Property: expirationDateTime doesn't have a tag mapping.
23:44:14.939 [main] DEBUG com.rometools.modules.base.io.GoogleBaseParser - Property: interface doesn't have a tag mapping.
23:44:14.939 [main] DEBUG com.rometools.modules.base.io.GoogleBaseParser - Property: uri doesn't have a tag mapping.
23:44:14.939 [main] DEBUG com.rometools.modules.base.io.GoogleBaseParser - Property: licenses doesn't have a tag mapping.
23:44:14.946 [main] DEBUG com.rometools.modules.base.io.GoogleBaseParser - Property: format doesn't have a tag mapping.
23:44:14.946 [main] DEBUG com.rometools.modules.base.io.GoogleBaseParser - Property: expirationDateTime doesn't have a tag mapping.
23:44:14.946 [main] DEBUG com.rometools.modules.base.io.GoogleBaseParser - Property: interface doesn't have a tag mapping.
23:44:14.947 [main] DEBUG com.rometools.modules.base.io.GoogleBaseParser - Property: uri doesn't have a tag mapping.
23:44:14.947 [main] DEBUG com.rometools.modules.base.io.GoogleBaseParser - Property: licenses doesn't have a tag mapping.
23:44:14.972 [main] DEBUG com.rometools.modules.base.io.GoogleBaseParser - Property: format doesn't have a tag mapping.
23:44:14.972 [main] DEBUG com.rometools.modules.base.io.GoogleBaseParser - Property: expirationDateTime doesn't have a tag mapping.
23:44:14.972 [main] DEBUG com.rometools.modules.base.io.GoogleBaseParser - Property: interface doesn't have a tag mapping.
23:44:14.972 [main] DEBUG com.rometools.modules.base.io.GoogleBaseParser - Property: uri doesn't have a tag mapping.
23:44:14.972 [main] DEBUG com.rometools.modules.base.io.GoogleBaseParser - Property: licenses doesn't have a tag mapping.
23:44:14.976 [main] DEBUG com.rometools.modules.base.io.GoogleBaseParser - Property: format doesn't have a tag mapping.
23:44:14.976 [main] DEBUG com.rometools.modules.base.io.GoogleBaseParser - Property: expirationDateTime doesn't have a tag mapping.
23:44:14.976 [main] DEBUG com.rometools.modules.base.io.GoogleBaseParser - Property: interface doesn't have a tag mapping.
23:44:14.976 [main] DEBUG com.rometools.modules.base.io.GoogleBaseParser - Property: uri doesn't have a tag mapping.
23:44:14.976 [main] DEBUG com.rometools.modules.base.io.GoogleBaseParser - Property: licenses doesn't have a tag mapping.
23:44:14.979 [main] DEBUG com.rometools.modules.base.io.GoogleBaseGeneratorTest - jobs2.xml
23:44:14.983 [main] DEBUG com.rometools.modules.base.io.GoogleBaseParser - Property: format doesn't have a tag mapping.
23:44:14.983 [main] DEBUG com.rometools.modules.base.io.GoogleBaseParser - Property: expirationDateTime doesn't have a tag mapping.
23:44:14.983 [main] DEBUG com.rometools.modules.base.io.GoogleBaseParser - Property: interface doesn't have a tag mapping.
23:44:14.983 [main] DEBUG com.rometools.modules.base.io.GoogleBaseParser - Property: uri doesn't have a tag mapping.
23:44:14.983 [main] DEBUG com.rometools.modules.base.io.GoogleBaseParser - Property: licenses doesn't have a tag mapping.
23:44:14.984 [main] DEBUG com.rometools.modules.base.io.GoogleBaseParser - Property: format doesn't have a tag mapping.
23:44:14.984 [main] DEBUG com.rometools.modules.base.io.GoogleBaseParser - Property: expirationDateTime doesn't have a tag mapping.
23:44:14.984 [main] DEBUG com.rometools.modules.base.io.GoogleBaseParser - Property: interface doesn't have a tag mapping.
23:44:14.984 [main] DEBUG com.rometools.modules.base.io.GoogleBaseParser - Property: uri doesn't have a tag mapping.
23:44:14.984 [main] DEBUG com.rometools.modules.base.io.GoogleBaseParser - Property: licenses doesn't have a tag mapping.
23:44:15.014 [main] DEBUG com.rometools.modules.base.io.GoogleBaseParser - Property: format doesn't have a tag mapping.
23:44:15.014 [main] DEBUG com.rometools.modules.base.io.GoogleBaseParser - Property: expirationDateTime doesn't have a tag mapping.
23:44:15.014 [main] DEBUG com.rometools.modules.base.io.GoogleBaseParser - Property: interface doesn't have a tag mapping.
23:44:15.014 [main] DEBUG com.rometools.modules.base.io.GoogleBaseParser - Property: uri doesn't have a tag mapping.
23:44:15.014 [main] DEBUG com.rometools.modules.base.io.GoogleBaseParser - Property: licenses doesn't have a tag mapping.
23:44:15.015 [main] DEBUG com.rometools.modules.base.io.GoogleBaseParser - Property: format doesn't have a tag mapping.
23:44:15.015 [main] DEBUG com.rometools.modules.base.io.GoogleBaseParser - Property: expirationDateTime doesn't have a tag mapping.
23:44:15.016 [main] DEBUG com.rometools.modules.base.io.GoogleBaseParser - Property: interface doesn't have a tag mapping.
23:44:15.016 [main] DEBUG com.rometools.modules.base.io.GoogleBaseParser - Property: uri doesn't have a tag mapping.
23:44:15.016 [main] DEBUG com.rometools.modules.base.io.GoogleBaseParser - Property: licenses doesn't have a tag mapping.
23:44:15.019 [main] DEBUG com.rometools.modules.base.io.GoogleBaseGeneratorTest - leshow.xml
23:44:15.134 [main] DEBUG com.rometools.modules.base.io.GoogleBaseGeneratorTest - lr.xml
23:44:15.140 [main] WARN  com.rometools.modules.itunes.io.ITunesParser - Malformed URL Exception reading itunes:image tag: 
23:44:15.196 [main] WARN  com.rometools.modules.itunes.io.ITunesParser - Malformed URL Exception reading itunes:image tag: 
23:44:15.197 [main] WARN  com.rometools.modules.itunes.io.ITunesParser - Malformed URL Exception reading itunes:image tag: 
23:44:15.198 [main] WARN  com.rometools.modules.itunes.io.ITunesParser - Failed to parse duration: 
23:44:15.201 [main] WARN  com.rometools.modules.itunes.io.ITunesParser - Failed to parse duration: 
23:44:15.203 [main] WARN  com.rometools.modules.itunes.io.ITunesParser - Failed to parse duration: 
23:44:15.206 [main] WARN  com.rometools.modules.itunes.io.ITunesParser - Failed to parse duration: 
23:44:15.209 [main] WARN  com.rometools.modules.itunes.io.ITunesParser - Failed to parse duration: 
23:44:15.211 [main] WARN  com.rometools.modules.itunes.io.ITunesParser - Failed to parse duration: 
23:44:15.214 [main] WARN  com.rometools.modules.itunes.io.ITunesParser - Failed to parse duration: 
23:44:15.216 [main] WARN  com.rometools.modules.itunes.io.ITunesParser - Failed to parse duration: 
23:44:15.224 [main] DEBUG com.rometools.modules.base.io.GoogleBaseGeneratorTest - news-atom.xml
23:44:15.257 [main] DEBUG com.rometools.modules.base.io.GoogleBaseParser - Property: format doesn't have a tag mapping.
23:44:15.258 [main] DEBUG com.rometools.modules.base.io.GoogleBaseParser - Property: expirationDateTime doesn't have a tag mapping.
23:44:15.258 [main] DEBUG com.rometools.modules.base.io.GoogleBaseParser - Property: interface doesn't have a tag mapping.
23:44:15.258 [main] DEBUG com.rometools.modules.base.io.GoogleBaseParser - Property: uri doesn't have a tag mapping.
23:44:15.258 [main] DEBUG com.rometools.modules.base.io.GoogleBaseParser - Property: licenses doesn't have a tag mapping.
23:44:15.263 [main] DEBUG com.rometools.modules.base.io.GoogleBaseParser - Property: format doesn't have a tag mapping.
23:44:15.264 [main] DEBUG com.rometools.modules.base.io.GoogleBaseParser - Property: expirationDateTime doesn't have a tag mapping.
23:44:15.264 [main] DEBUG com.rometools.modules.base.io.GoogleBaseParser - Property: interface doesn't have a tag mapping.
23:44:15.264 [main] DEBUG com.rometools.modules.base.io.GoogleBaseParser - Property: uri doesn't have a tag mapping.
23:44:15.274 [main] DEBUG com.rometools.modules.base.io.GoogleBaseParser - Property: licenses doesn't have a tag mapping.
23:44:15.316 [main] DEBUG com.rometools.modules.base.io.GoogleBaseParser - Property: format doesn't have a tag mapping.
23:44:15.316 [main] DEBUG com.rometools.modules.base.io.GoogleBaseParser - Property: expirationDateTime doesn't have a tag mapping.
23:44:15.316 [main] DEBUG com.rometools.modules.base.io.GoogleBaseParser - Property: interface doesn't have a tag mapping.
23:44:15.316 [main] DEBUG com.rometools.modules.base.io.GoogleBaseParser - Property: uri doesn't have a tag mapping.
23:44:15.316 [main] DEBUG com.rometools.modules.base.io.GoogleBaseParser - Property: licenses doesn't have a tag mapping.
23:44:15.338 [main] DEBUG com.rometools.modules.base.io.GoogleBaseParser - Property: format doesn't have a tag mapping.
23:44:15.338 [main] DEBUG com.rometools.modules.base.io.GoogleBaseParser - Property: expirationDateTime doesn't have a tag mapping.
23:44:15.338 [main] DEBUG com.rometools.modules.base.io.GoogleBaseParser - Property: interface doesn't have a tag mapping.
23:44:15.338 [main] DEBUG com.rometools.modules.base.io.GoogleBaseParser - Property: uri doesn't have a tag mapping.
23:44:15.338 [main] DEBUG com.rometools.modules.base.io.GoogleBaseParser - Property: licenses doesn't have a tag mapping.
23:44:15.345 [main] DEBUG com.rometools.modules.base.io.GoogleBaseGeneratorTest - news2.xml
23:44:15.364 [main] DEBUG com.rometools.modules.base.io.GoogleBaseParser - Property: format doesn't have a tag mapping.
23:44:15.364 [main] DEBUG com.rometools.modules.base.io.GoogleBaseParser - Property: expirationDateTime doesn't have a tag mapping.
23:44:15.370 [main] DEBUG com.rometools.modules.base.io.GoogleBaseParser - Property: interface doesn't have a tag mapping.
23:44:15.371 [main] DEBUG com.rometools.modules.base.io.GoogleBaseParser - Property: uri doesn't have a tag mapping.
23:44:15.371 [main] DEBUG com.rometools.modules.base.io.GoogleBaseParser - Property: licenses doesn't have a tag mapping.
23:44:15.379 [main] DEBUG com.rometools.modules.base.io.GoogleBaseParser - Property: format doesn't have a tag mapping.
23:44:15.379 [main] DEBUG com.rometools.modules.base.io.GoogleBaseParser - Property: expirationDateTime doesn't have a tag mapping.
23:44:15.379 [main] DEBUG com.rometools.modules.base.io.GoogleBaseParser - Property: interface doesn't have a tag mapping.
23:44:15.380 [main] DEBUG com.rometools.modules.base.io.GoogleBaseParser - Property: uri doesn't have a tag mapping.
23:44:15.380 [main] DEBUG com.rometools.modules.base.io.GoogleBaseParser - Property: licenses doesn't have a tag mapping.
23:44:15.407 [main] DEBUG com.rometools.modules.base.io.GoogleBaseParser - Property: format doesn't have a tag mapping.
23:44:15.408 [main] DEBUG com.rometools.modules.base.io.GoogleBaseParser - Property: expirationDateTime doesn't have a tag mapping.
23:44:15.409 [main] DEBUG com.rometools.modules.base.io.GoogleBaseParser - Property: interface doesn't have a tag mapping.
23:44:15.409 [main] DEBUG com.rometools.modules.base.io.GoogleBaseParser - Property: uri doesn't have a tag mapping.
23:44:15.409 [main] DEBUG com.rometools.modules.base.io.GoogleBaseParser - Property: licenses doesn't have a tag mapping.
23:44:15.410 [main] DEBUG com.rometools.modules.base.io.GoogleBaseParser - Property: format doesn't have a tag mapping.
23:44:15.410 [main] DEBUG com.rometools.modules.base.io.GoogleBaseParser - Property: expirationDateTime doesn't have a tag mapping.
23:44:15.411 [main] DEBUG com.rometools.modules.base.io.GoogleBaseParser - Property: interface doesn't have a tag mapping.
23:44:15.411 [main] DEBUG com.rometools.modules.base.io.GoogleBaseParser - Property: uri doesn't have a tag mapping.
23:44:15.411 [main] DEBUG com.rometools.modules.base.io.GoogleBaseParser - Property: licenses doesn't have a tag mapping.
23:44:15.413 [main] DEBUG com.rometools.modules.base.io.GoogleBaseGeneratorTest - personals-atom.xml
23:44:15.423 [main] DEBUG com.rometools.modules.base.io.GoogleBaseParser - Property: format doesn't have a tag mapping.
23:44:15.423 [main] DEBUG com.rometools.modules.base.io.GoogleBaseParser - Property: expirationDateTime doesn't have a tag mapping.
23:44:15.424 [main] DEBUG com.rometools.modules.base.io.GoogleBaseParser - Property: interface doesn't have a tag mapping.
23:44:15.424 [main] DEBUG com.rometools.modules.base.io.GoogleBaseParser - Property: uri doesn't have a tag mapping.
23:44:15.425 [main] DEBUG com.rometools.modules.base.io.GoogleBaseParser - Property: licenses doesn't have a tag mapping.
23:44:15.431 [main] DEBUG com.rometools.modules.base.io.GoogleBaseParser - Property: format doesn't have a tag mapping.
23:44:15.432 [main] DEBUG com.rometools.modules.base.io.GoogleBaseParser - Property: expirationDateTime doesn't have a tag mapping.
23:44:15.432 [main] DEBUG com.rometools.modules.base.io.GoogleBaseParser - Property: interface doesn't have a tag mapping.
23:44:15.432 [main] DEBUG com.rometools.modules.base.io.GoogleBaseParser - Property: uri doesn't have a tag mapping.
23:44:15.432 [main] DEBUG com.rometools.modules.base.io.GoogleBaseParser - Property: licenses doesn't have a tag mapping.
23:44:15.459 [main] DEBUG com.rometools.modules.base.io.GoogleBaseParser - Property: format doesn't have a tag mapping.
23:44:15.459 [main] DEBUG com.rometools.modules.base.io.GoogleBaseParser - Property: expirationDateTime doesn't have a tag mapping.
23:44:15.459 [main] DEBUG com.rometools.modules.base.io.GoogleBaseParser - Property: interface doesn't have a tag mapping.
23:44:15.459 [main] DEBUG com.rometools.modules.base.io.GoogleBaseParser - Property: uri doesn't have a tag mapping.
23:44:15.460 [main] DEBUG com.rometools.modules.base.io.GoogleBaseParser - Property: licenses doesn't have a tag mapping.
23:44:15.463 [main] DEBUG com.rometools.modules.base.io.GoogleBaseParser - Property: format doesn't have a tag mapping.
23:44:15.463 [main] DEBUG com.rometools.modules.base.io.GoogleBaseParser - Property: expirationDateTime doesn't have a tag mapping.
23:44:15.463 [main] DEBUG com.rometools.modules.base.io.GoogleBaseParser - Property: interface doesn't have a tag mapping.
23:44:15.463 [main] DEBUG com.rometools.modules.base.io.GoogleBaseParser - Property: uri doesn't have a tag mapping.
23:44:15.463 [main] DEBUG com.rometools.modules.base.io.GoogleBaseParser - Property: licenses doesn't have a tag mapping.
23:44:15.467 [main] DEBUG com.rometools.modules.base.io.GoogleBaseGeneratorTest - personals2.xml
23:44:15.512 [main] DEBUG com.rometools.modules.base.io.GoogleBaseParser - Property: format doesn't have a tag mapping.
23:44:15.512 [main] DEBUG com.rometools.modules.base.io.GoogleBaseParser - Property: expirationDateTime doesn't have a tag mapping.
23:44:15.514 [main] DEBUG com.rometools.modules.base.io.GoogleBaseParser - Property: interface doesn't have a tag mapping.
23:44:15.514 [main] DEBUG com.rometools.modules.base.io.GoogleBaseParser - Property: uri doesn't have a tag mapping.
23:44:15.516 [main] DEBUG com.rometools.modules.base.io.GoogleBaseParser - Property: licenses doesn't have a tag mapping.
23:44:15.518 [main] DEBUG com.rometools.modules.base.io.GoogleBaseParser - Property: format doesn't have a tag mapping.
23:44:15.519 [main] DEBUG com.rometools.modules.base.io.GoogleBaseParser - Property: expirationDateTime doesn't have a tag mapping.
23:44:15.519 [main] DEBUG com.rometools.modules.base.io.GoogleBaseParser - Property: interface doesn't have a tag mapping.
23:44:15.519 [main] DEBUG com.rometools.modules.base.io.GoogleBaseParser - Property: uri doesn't have a tag mapping.
23:44:15.519 [main] DEBUG com.rometools.modules.base.io.GoogleBaseParser - Property: licenses doesn't have a tag mapping.
23:44:15.534 [main] DEBUG com.rometools.modules.base.io.GoogleBaseParser - Property: format doesn't have a tag mapping.
23:44:15.534 [main] DEBUG com.rometools.modules.base.io.GoogleBaseParser - Property: expirationDateTime doesn't have a tag mapping.
23:44:15.535 [main] DEBUG com.rometools.modules.base.io.GoogleBaseParser - Property: interface doesn't have a tag mapping.
23:44:15.535 [main] DEBUG com.rometools.modules.base.io.GoogleBaseParser - Property: uri doesn't have a tag mapping.
23:44:15.535 [main] DEBUG com.rometools.modules.base.io.GoogleBaseParser - Property: licenses doesn't have a tag mapping.
23:44:15.536 [main] DEBUG com.rometools.modules.base.io.GoogleBaseParser - Property: format doesn't have a tag mapping.
23:44:15.536 [main] DEBUG com.rometools.modules.base.io.GoogleBaseParser - Property: expirationDateTime doesn't have a tag mapping.
23:44:15.537 [main] DEBUG com.rometools.modules.base.io.GoogleBaseParser - Property: interface doesn't have a tag mapping.
23:44:15.537 [main] DEBUG com.rometools.modules.base.io.GoogleBaseParser - Property: uri doesn't have a tag mapping.
23:44:15.538 [main] DEBUG com.rometools.modules.base.io.GoogleBaseParser - Property: licenses doesn't have a tag mapping.
23:44:15.542 [main] DEBUG com.rometools.modules.base.io.GoogleBaseGeneratorTest - products-atom.xml
23:44:15.555 [main] DEBUG com.rometools.modules.base.io.GoogleBaseParser - Property: format doesn't have a tag mapping.
23:44:15.556 [main] DEBUG com.rometools.modules.base.io.GoogleBaseParser - Property: expirationDateTime doesn't have a tag mapping.
23:44:15.556 [main] DEBUG com.rometools.modules.base.io.GoogleBaseParser - Property: interface doesn't have a tag mapping.
23:44:15.556 [main] DEBUG com.rometools.modules.base.io.GoogleBaseParser - Property: uri doesn't have a tag mapping.
23:44:15.556 [main] DEBUG com.rometools.modules.base.io.GoogleBaseParser - Property: licenses doesn't have a tag mapping.
23:44:15.562 [main] DEBUG com.rometools.modules.base.io.GoogleBaseParser - Property: format doesn't have a tag mapping.
23:44:15.562 [main] DEBUG com.rometools.modules.base.io.GoogleBaseParser - Property: expirationDateTime doesn't have a tag mapping.
23:44:15.562 [main] DEBUG com.rometools.modules.base.io.GoogleBaseParser - Property: interface doesn't have a tag mapping.
23:44:15.562 [main] DEBUG com.rometools.modules.base.io.GoogleBaseParser - Property: uri doesn't have a tag mapping.
23:44:15.562 [main] DEBUG com.rometools.modules.base.io.GoogleBaseParser - Property: licenses doesn't have a tag mapping.
23:44:15.582 [main] DEBUG com.rometools.modules.base.io.GoogleBaseParser - Property: format doesn't have a tag mapping.
23:44:15.582 [main] DEBUG com.rometools.modules.base.io.GoogleBaseParser - Property: expirationDateTime doesn't have a tag mapping.
23:44:15.583 [main] DEBUG com.rometools.modules.base.io.GoogleBaseParser - Property: interface doesn't have a tag mapping.
23:44:15.583 [main] DEBUG com.rometools.modules.base.io.GoogleBaseParser - Property: uri doesn't have a tag mapping.
23:44:15.583 [main] DEBUG com.rometools.modules.base.io.GoogleBaseParser - Property: licenses doesn't have a tag mapping.
23:44:15.586 [main] DEBUG com.rometools.modules.base.io.GoogleBaseParser - Property: format doesn't have a tag mapping.
23:44:15.586 [main] DEBUG com.rometools.modules.base.io.GoogleBaseParser - Property: expirationDateTime doesn't have a tag mapping.
23:44:15.587 [main] DEBUG com.rometools.modules.base.io.GoogleBaseParser - Property: interface doesn't have a tag mapping.
23:44:15.587 [main] DEBUG com.rometools.modules.base.io.GoogleBaseParser - Property: uri doesn't have a tag mapping.
23:44:15.587 [main] DEBUG com.rometools.modules.base.io.GoogleBaseParser - Property: licenses doesn't have a tag mapping.
23:44:15.658 [main] DEBUG com.rometools.modules.base.io.GoogleBaseGeneratorTest - products2.xml
23:44:15.664 [main] DEBUG com.rometools.modules.base.io.GoogleBaseParser - Property: format doesn't have a tag mapping.
23:44:15.664 [main] DEBUG com.rometools.modules.base.io.GoogleBaseParser - Property: expirationDateTime doesn't have a tag mapping.
23:44:15.664 [main] DEBUG com.rometools.modules.base.io.GoogleBaseParser - Property: interface doesn't have a tag mapping.
23:44:15.664 [main] DEBUG com.rometools.modules.base.io.GoogleBaseParser - Property: uri doesn't have a tag mapping.
23:44:15.665 [main] DEBUG com.rometools.modules.base.io.GoogleBaseParser - Property: licenses doesn't have a tag mapping.
23:44:15.666 [main] DEBUG com.rometools.modules.base.io.GoogleBaseParser - Property: format doesn't have a tag mapping.
23:44:15.667 [main] DEBUG com.rometools.modules.base.io.GoogleBaseParser - Property: expirationDateTime doesn't have a tag mapping.
23:44:15.667 [main] DEBUG com.rometools.modules.base.io.GoogleBaseParser - Property: interface doesn't have a tag mapping.
23:44:15.667 [main] DEBUG com.rometools.modules.base.io.GoogleBaseParser - Property: uri doesn't have a tag mapping.
23:44:15.667 [main] DEBUG com.rometools.modules.base.io.GoogleBaseParser - Property: licenses doesn't have a tag mapping.
23:44:15.682 [main] DEBUG com.rometools.modules.base.io.GoogleBaseParser - Property: format doesn't have a tag mapping.
23:44:15.683 [main] DEBUG com.rometools.modules.base.io.GoogleBaseParser - Property: expirationDateTime doesn't have a tag mapping.
23:44:15.683 [main] DEBUG com.rometools.modules.base.io.GoogleBaseParser - Property: interface doesn't have a tag mapping.
23:44:15.683 [main] DEBUG com.rometools.modules.base.io.GoogleBaseParser - Property: uri doesn't have a tag mapping.
23:44:15.683 [main] DEBUG com.rometools.modules.base.io.GoogleBaseParser - Property: licenses doesn't have a tag mapping.
23:44:15.684 [main] DEBUG com.rometools.modules.base.io.GoogleBaseParser - Property: format doesn't have a tag mapping.
23:44:15.684 [main] DEBUG com.rometools.modules.base.io.GoogleBaseParser - Property: expirationDateTime doesn't have a tag mapping.
23:44:15.684 [main] DEBUG com.rometools.modules.base.io.GoogleBaseParser - Property: interface doesn't have a tag mapping.
23:44:15.684 [main] DEBUG com.rometools.modules.base.io.GoogleBaseParser - Property: uri doesn't have a tag mapping.
23:44:15.684 [main] DEBUG com.rometools.modules.base.io.GoogleBaseParser - Property: licenses doesn't have a tag mapping.
23:44:15.687 [main] DEBUG com.rometools.modules.base.io.GoogleBaseGeneratorTest - research-atom.xml
23:44:15.741 [main] DEBUG com.rometools.modules.base.io.GoogleBaseParser - Property: format doesn't have a tag mapping.
23:44:15.741 [main] DEBUG com.rometools.modules.base.io.GoogleBaseParser - Property: expirationDateTime doesn't have a tag mapping.
23:44:15.741 [main] DEBUG com.rometools.modules.base.io.GoogleBaseParser - Property: interface doesn't have a tag mapping.
23:44:15.741 [main] DEBUG com.rometools.modules.base.io.GoogleBaseParser - Property: uri doesn't have a tag mapping.
23:44:15.741 [main] DEBUG com.rometools.modules.base.io.GoogleBaseParser - Property: licenses doesn't have a tag mapping.
23:44:15.745 [main] DEBUG com.rometools.modules.base.io.GoogleBaseParser - Property: format doesn't have a tag mapping.
23:44:15.746 [main] DEBUG com.rometools.modules.base.io.GoogleBaseParser - Property: expirationDateTime doesn't have a tag mapping.
23:44:15.746 [main] DEBUG com.rometools.modules.base.io.GoogleBaseParser - Property: interface doesn't have a tag mapping.
23:44:15.746 [main] DEBUG com.rometools.modules.base.io.GoogleBaseParser - Property: uri doesn't have a tag mapping.
23:44:15.747 [main] DEBUG com.rometools.modules.base.io.GoogleBaseParser - Property: licenses doesn't have a tag mapping.
23:44:15.785 [main] DEBUG com.rometools.modules.base.io.GoogleBaseParser - Property: format doesn't have a tag mapping.
23:44:15.785 [main] DEBUG com.rometools.modules.base.io.GoogleBaseParser - Property: expirationDateTime doesn't have a tag mapping.
23:44:15.785 [main] DEBUG com.rometools.modules.base.io.GoogleBaseParser - Property: interface doesn't have a tag mapping.
23:44:15.786 [main] DEBUG com.rometools.modules.base.io.GoogleBaseParser - Property: uri doesn't have a tag mapping.
23:44:15.786 [main] DEBUG com.rometools.modules.base.io.GoogleBaseParser - Property: licenses doesn't have a tag mapping.
23:44:15.791 [main] DEBUG com.rometools.modules.base.io.GoogleBaseParser - Property: format doesn't have a tag mapping.
23:44:15.791 [main] DEBUG com.rometools.modules.base.io.GoogleBaseParser - Property: expirationDateTime doesn't have a tag mapping.
23:44:15.791 [main] DEBUG com.rometools.modules.base.io.GoogleBaseParser - Property: interface doesn't have a tag mapping.
23:44:15.791 [main] DEBUG com.rometools.modules.base.io.GoogleBaseParser - Property: uri doesn't have a tag mapping.
23:44:15.792 [main] DEBUG com.rometools.modules.base.io.GoogleBaseParser - Property: licenses doesn't have a tag mapping.
23:44:15.796 [main] DEBUG com.rometools.modules.base.io.GoogleBaseGeneratorTest - research2.xml
23:44:15.801 [main] DEBUG com.rometools.modules.base.io.GoogleBaseParser - Property: format doesn't have a tag mapping.
23:44:15.801 [main] DEBUG com.rometools.modules.base.io.GoogleBaseParser - Property: expirationDateTime doesn't have a tag mapping.
23:44:15.802 [main] DEBUG com.rometools.modules.base.io.GoogleBaseParser - Property: interface doesn't have a tag mapping.
23:44:15.802 [main] DEBUG com.rometools.modules.base.io.GoogleBaseParser - Property: uri doesn't have a tag mapping.
23:44:15.802 [main] DEBUG com.rometools.modules.base.io.GoogleBaseParser - Property: licenses doesn't have a tag mapping.
23:44:15.803 [main] DEBUG com.rometools.modules.base.io.GoogleBaseParser - Property: format doesn't have a tag mapping.
23:44:15.803 [main] DEBUG com.rometools.modules.base.io.GoogleBaseParser - Property: expirationDateTime doesn't have a tag mapping.
23:44:15.803 [main] DEBUG com.rometools.modules.base.io.GoogleBaseParser - Property: interface doesn't have a tag mapping.
23:44:15.803 [main] DEBUG com.rometools.modules.base.io.GoogleBaseParser - Property: uri doesn't have a tag mapping.
23:44:15.803 [main] DEBUG com.rometools.modules.base.io.GoogleBaseParser - Property: licenses doesn't have a tag mapping.
23:44:15.824 [main] DEBUG com.rometools.modules.base.io.GoogleBaseParser - Property: format doesn't have a tag mapping.
23:44:15.824 [main] DEBUG com.rometools.modules.base.io.GoogleBaseParser - Property: expirationDateTime doesn't have a tag mapping.
23:44:15.824 [main] DEBUG com.rometools.modules.base.io.GoogleBaseParser - Property: interface doesn't have a tag mapping.
23:44:15.824 [main] DEBUG com.rometools.modules.base.io.GoogleBaseParser - Property: uri doesn't have a tag mapping.
23:44:15.825 [main] DEBUG com.rometools.modules.base.io.GoogleBaseParser - Property: licenses doesn't have a tag mapping.
23:44:15.825 [main] DEBUG com.rometools.modules.base.io.GoogleBaseParser - Property: format doesn't have a tag mapping.
23:44:15.826 [main] DEBUG com.rometools.modules.base.io.GoogleBaseParser - Property: expirationDateTime doesn't have a tag mapping.
23:44:15.826 [main] DEBUG com.rometools.modules.base.io.GoogleBaseParser - Property: interface doesn't have a tag mapping.
23:44:15.826 [main] DEBUG com.rometools.modules.base.io.GoogleBaseParser - Property: uri doesn't have a tag mapping.
23:44:15.826 [main] DEBUG com.rometools.modules.base.io.GoogleBaseParser - Property: licenses doesn't have a tag mapping.
23:44:15.829 [main] DEBUG com.rometools.modules.base.io.GoogleBaseGeneratorTest - reviews-atom.xml
23:44:15.836 [main] DEBUG com.rometools.modules.base.io.GoogleBaseParser - Property: format doesn't have a tag mapping.
23:44:15.836 [main] DEBUG com.rometools.modules.base.io.GoogleBaseParser - Property: expirationDateTime doesn't have a tag mapping.
23:44:15.836 [main] DEBUG com.rometools.modules.base.io.GoogleBaseParser - Property: interface doesn't have a tag mapping.
23:44:15.836 [main] DEBUG com.rometools.modules.base.io.GoogleBaseParser - Property: uri doesn't have a tag mapping.
23:44:15.837 [main] DEBUG com.rometools.modules.base.io.GoogleBaseParser - Property: licenses doesn't have a tag mapping.
23:44:15.845 [main] DEBUG com.rometools.modules.base.io.GoogleBaseParser - Property: format doesn't have a tag mapping.
23:44:15.845 [main] DEBUG com.rometools.modules.base.io.GoogleBaseParser - Property: expirationDateTime doesn't have a tag mapping.
23:44:15.845 [main] DEBUG com.rometools.modules.base.io.GoogleBaseParser - Property: interface doesn't have a tag mapping.
23:44:15.845 [main] DEBUG com.rometools.modules.base.io.GoogleBaseParser - Property: uri doesn't have a tag mapping.
23:44:15.845 [main] DEBUG com.rometools.modules.base.io.GoogleBaseParser - Property: licenses doesn't have a tag mapping.
23:44:15.869 [main] DEBUG com.rometools.modules.base.io.GoogleBaseParser - Property: format doesn't have a tag mapping.
23:44:15.870 [main] DEBUG com.rometools.modules.base.io.GoogleBaseParser - Property: expirationDateTime doesn't have a tag mapping.
23:44:15.870 [main] DEBUG com.rometools.modules.base.io.GoogleBaseParser - Property: interface doesn't have a tag mapping.
23:44:15.871 [main] DEBUG com.rometools.modules.base.io.GoogleBaseParser - Property: uri doesn't have a tag mapping.
23:44:15.871 [main] DEBUG com.rometools.modules.base.io.GoogleBaseParser - Property: licenses doesn't have a tag mapping.
23:44:15.873 [main] DEBUG com.rometools.modules.base.io.GoogleBaseParser - Property: format doesn't have a tag mapping.
23:44:15.873 [main] DEBUG com.rometools.modules.base.io.GoogleBaseParser - Property: expirationDateTime doesn't have a tag mapping.
23:44:15.874 [main] DEBUG com.rometools.modules.base.io.GoogleBaseParser - Property: interface doesn't have a tag mapping.
23:44:15.874 [main] DEBUG com.rometools.modules.base.io.GoogleBaseParser - Property: uri doesn't have a tag mapping.
23:44:15.874 [main] DEBUG com.rometools.modules.base.io.GoogleBaseParser - Property: licenses doesn't have a tag mapping.
23:44:15.908 [main] DEBUG com.rometools.modules.base.io.GoogleBaseGeneratorTest - reviews2.xml
23:44:15.914 [main] DEBUG com.rometools.modules.base.io.GoogleBaseParser - Property: format doesn't have a tag mapping.
23:44:15.914 [main] DEBUG com.rometools.modules.base.io.GoogleBaseParser - Property: expirationDateTime doesn't have a tag mapping.
23:44:15.914 [main] DEBUG com.rometools.modules.base.io.GoogleBaseParser - Property: interface doesn't have a tag mapping.
23:44:15.914 [main] DEBUG com.rometools.modules.base.io.GoogleBaseParser - Property: uri doesn't have a tag mapping.
23:44:15.916 [main] DEBUG com.rometools.modules.base.io.GoogleBaseParser - Property: licenses doesn't have a tag mapping.
23:44:15.917 [main] DEBUG com.rometools.modules.base.io.GoogleBaseParser - Property: format doesn't have a tag mapping.
23:44:15.917 [main] DEBUG com.rometools.modules.base.io.GoogleBaseParser - Property: expirationDateTime doesn't have a tag mapping.
23:44:15.917 [main] DEBUG com.rometools.modules.base.io.GoogleBaseParser - Property: interface doesn't have a tag mapping.
23:44:15.917 [main] DEBUG com.rometools.modules.base.io.GoogleBaseParser - Property: uri doesn't have a tag mapping.
23:44:15.917 [main] DEBUG com.rometools.modules.base.io.GoogleBaseParser - Property: licenses doesn't have a tag mapping.
23:44:15.932 [main] DEBUG com.rometools.modules.base.io.GoogleBaseParser - Property: format doesn't have a tag mapping.
23:44:15.933 [main] DEBUG com.rometools.modules.base.io.GoogleBaseParser - Property: expirationDateTime doesn't have a tag mapping.
23:44:15.933 [main] DEBUG com.rometools.modules.base.io.GoogleBaseParser - Property: interface doesn't have a tag mapping.
23:44:15.933 [main] DEBUG com.rometools.modules.base.io.GoogleBaseParser - Property: uri doesn't have a tag mapping.
23:44:15.933 [main] DEBUG com.rometools.modules.base.io.GoogleBaseParser - Property: licenses doesn't have a tag mapping.
23:44:15.934 [main] DEBUG com.rometools.modules.base.io.GoogleBaseParser - Property: format doesn't have a tag mapping.
23:44:15.935 [main] DEBUG com.rometools.modules.base.io.GoogleBaseParser - Property: expirationDateTime doesn't have a tag mapping.
23:44:15.935 [main] DEBUG com.rometools.modules.base.io.GoogleBaseParser - Property: interface doesn't have a tag mapping.
23:44:15.935 [main] DEBUG com.rometools.modules.base.io.GoogleBaseParser - Property: uri doesn't have a tag mapping.
23:44:15.935 [main] DEBUG com.rometools.modules.base.io.GoogleBaseParser - Property: licenses doesn't have a tag mapping.
23:44:15.937 [main] DEBUG com.rometools.modules.base.io.GoogleBaseGeneratorTest - rsr.xml
23:44:16.020 [main] WARN  com.rometools.modules.itunes.io.ITunesParser - Failed to parse duration: 
23:44:16.025 [main] WARN  com.rometools.modules.itunes.io.ITunesParser - Failed to parse duration: 
23:44:16.027 [main] WARN  com.rometools.modules.itunes.io.ITunesParser - Failed to parse duration: 
23:44:16.028 [main] WARN  com.rometools.modules.itunes.io.ITunesParser - Failed to parse duration: 
23:44:16.030 [main] WARN  com.rometools.modules.itunes.io.ITunesParser - Failed to parse duration: 
23:44:16.032 [main] WARN  com.rometools.modules.itunes.io.ITunesParser - Failed to parse duration: 
23:44:16.034 [main] WARN  com.rometools.modules.itunes.io.ITunesParser - Failed to parse duration: 
23:44:16.036 [main] WARN  com.rometools.modules.itunes.io.ITunesParser - Failed to parse duration: 
23:44:16.037 [main] WARN  com.rometools.modules.itunes.io.ITunesParser - Failed to parse duration: 
23:44:16.039 [main] WARN  com.rometools.modules.itunes.io.ITunesParser - Failed to parse duration: 
23:44:16.040 [main] WARN  com.rometools.modules.itunes.io.ITunesParser - Failed to parse duration: 
23:44:16.042 [main] WARN  com.rometools.modules.itunes.io.ITunesParser - Failed to parse duration: 
23:44:16.043 [main] WARN  com.rometools.modules.itunes.io.ITunesParser - Failed to parse duration: 
23:44:16.045 [main] WARN  com.rometools.modules.itunes.io.ITunesParser - Failed to parse duration: 
23:44:16.046 [main] WARN  com.rometools.modules.itunes.io.ITunesParser - Failed to parse duration: 
23:44:16.054 [main] DEBUG com.rometools.modules.base.io.GoogleBaseGeneratorTest - rss-playlist-sse.xml
23:44:16.073 [main] DEBUG com.rometools.modules.base.io.GoogleBaseGeneratorTest - rss-playlist.xml
23:44:16.114 [main] DEBUG com.rometools.modules.base.io.GoogleBaseGeneratorTest - rss-test-1.xml
23:44:16.120 [main] DEBUG com.rometools.modules.base.io.GoogleBaseParser - Property: format doesn't have a tag mapping.
23:44:16.120 [main] DEBUG com.rometools.modules.base.io.GoogleBaseParser - Property: expirationDateTime doesn't have a tag mapping.
23:44:16.120 [main] DEBUG com.rometools.modules.base.io.GoogleBaseParser - Property: interface doesn't have a tag mapping.
23:44:16.120 [main] DEBUG com.rometools.modules.base.io.GoogleBaseParser - Property: uri doesn't have a tag mapping.
23:44:16.120 [main] DEBUG com.rometools.modules.base.io.GoogleBaseParser - Property: licenses doesn't have a tag mapping.
23:44:16.132 [main] DEBUG com.rometools.modules.base.io.GoogleBaseParser - Property: format doesn't have a tag mapping.
23:44:16.132 [main] DEBUG com.rometools.modules.base.io.GoogleBaseParser - Property: expirationDateTime doesn't have a tag mapping.
23:44:16.133 [main] DEBUG com.rometools.modules.base.io.GoogleBaseParser - Property: interface doesn't have a tag mapping.
23:44:16.133 [main] DEBUG com.rometools.modules.base.io.GoogleBaseParser - Property: uri doesn't have a tag mapping.
23:44:16.133 [main] DEBUG com.rometools.modules.base.io.GoogleBaseParser - Property: licenses doesn't have a tag mapping.
23:44:16.136 [main] DEBUG com.rometools.modules.base.io.GoogleBaseGeneratorTest - rss1sample.xml
23:44:16.214 [main] DEBUG com.rometools.modules.base.io.GoogleBaseGeneratorTest - rssCreativeCommonsExample.xml
23:44:16.281 [main] DEBUG com.rometools.modules.cc.io.CCModuleGenerator - channel
23:44:16.282 [main] DEBUG com.rometools.modules.cc.io.CCModuleGenerator - Is Root? [rss: null]
23:44:16.309 [main] DEBUG com.rometools.modules.base.io.GoogleBaseGeneratorTest - services-atom.xml
23:44:16.329 [main] DEBUG com.rometools.modules.base.io.GoogleBaseParser - Property: format doesn't have a tag mapping.
23:44:16.329 [main] DEBUG com.rometools.modules.base.io.GoogleBaseParser - Property: expirationDateTime doesn't have a tag mapping.
23:44:16.330 [main] DEBUG com.rometools.modules.base.io.GoogleBaseParser - Property: interface doesn't have a tag mapping.
23:44:16.330 [main] DEBUG com.rometools.modules.base.io.GoogleBaseParser - Property: uri doesn't have a tag mapping.
23:44:16.330 [main] DEBUG com.rometools.modules.base.io.GoogleBaseParser - Property: licenses doesn't have a tag mapping.
23:44:16.342 [main] DEBUG com.rometools.modules.base.io.GoogleBaseParser - Property: format doesn't have a tag mapping.
23:44:16.343 [main] DEBUG com.rometools.modules.base.io.GoogleBaseParser - Property: expirationDateTime doesn't have a tag mapping.
23:44:16.343 [main] DEBUG com.rometools.modules.base.io.GoogleBaseParser - Property: interface doesn't have a tag mapping.
23:44:16.343 [main] DEBUG com.rometools.modules.base.io.GoogleBaseParser - Property: uri doesn't have a tag mapping.
23:44:16.343 [main] DEBUG com.rometools.modules.base.io.GoogleBaseParser - Property: licenses doesn't have a tag mapping.
23:44:16.370 [main] DEBUG com.rometools.modules.base.io.GoogleBaseParser - Property: format doesn't have a tag mapping.
23:44:16.371 [main] DEBUG com.rometools.modules.base.io.GoogleBaseParser - Property: expirationDateTime doesn't have a tag mapping.
23:44:16.371 [main] DEBUG com.rometools.modules.base.io.GoogleBaseParser - Property: interface doesn't have a tag mapping.
23:44:16.371 [main] DEBUG com.rometools.modules.base.io.GoogleBaseParser - Property: uri doesn't have a tag mapping.
23:44:16.371 [main] DEBUG com.rometools.modules.base.io.GoogleBaseParser - Property: licenses doesn't have a tag mapping.
23:44:16.375 [main] DEBUG com.rometools.modules.base.io.GoogleBaseParser - Property: format doesn't have a tag mapping.
23:44:16.375 [main] DEBUG com.rometools.modules.base.io.GoogleBaseParser - Property: expirationDateTime doesn't have a tag mapping.
23:44:16.375 [main] DEBUG com.rometools.modules.base.io.GoogleBaseParser - Property: interface doesn't have a tag mapping.
23:44:16.376 [main] DEBUG com.rometools.modules.base.io.GoogleBaseParser - Property: uri doesn't have a tag mapping.
23:44:16.376 [main] DEBUG com.rometools.modules.base.io.GoogleBaseParser - Property: licenses doesn't have a tag mapping.
23:44:16.380 [main] DEBUG com.rometools.modules.base.io.GoogleBaseGeneratorTest - services2.xml
23:44:16.392 [main] DEBUG com.rometools.modules.base.io.GoogleBaseParser - Property: format doesn't have a tag mapping.
23:44:16.393 [main] DEBUG com.rometools.modules.base.io.GoogleBaseParser - Property: expirationDateTime doesn't have a tag mapping.
23:44:16.393 [main] DEBUG com.rometools.modules.base.io.GoogleBaseParser - Property: interface doesn't have a tag mapping.
23:44:16.393 [main] DEBUG com.rometools.modules.base.io.GoogleBaseParser - Property: uri doesn't have a tag mapping.
23:44:16.393 [main] DEBUG com.rometools.modules.base.io.GoogleBaseParser - Property: licenses doesn't have a tag mapping.
23:44:16.394 [main] DEBUG com.rometools.modules.base.io.GoogleBaseParser - Property: format doesn't have a tag mapping.
23:44:16.394 [main] DEBUG com.rometools.modules.base.io.GoogleBaseParser - Property: expirationDateTime doesn't have a tag mapping.
23:44:16.395 [main] DEBUG com.rometools.modules.base.io.GoogleBaseParser - Property: interface doesn't have a tag mapping.
23:44:16.395 [main] DEBUG com.rometools.modules.base.io.GoogleBaseParser - Property: uri doesn't have a tag mapping.
23:44:16.395 [main] DEBUG com.rometools.modules.base.io.GoogleBaseParser - Property: licenses doesn't have a tag mapping.
23:44:16.411 [main] DEBUG com.rometools.modules.base.io.GoogleBaseParser - Property: format doesn't have a tag mapping.
23:44:16.411 [main] DEBUG com.rometools.modules.base.io.GoogleBaseParser - Property: expirationDateTime doesn't have a tag mapping.
23:44:16.411 [main] DEBUG com.rometools.modules.base.io.GoogleBaseParser - Property: interface doesn't have a tag mapping.
23:44:16.411 [main] DEBUG com.rometools.modules.base.io.GoogleBaseParser - Property: uri doesn't have a tag mapping.
23:44:16.411 [main] DEBUG com.rometools.modules.base.io.GoogleBaseParser - Property: licenses doesn't have a tag mapping.
23:44:16.414 [main] DEBUG com.rometools.modules.base.io.GoogleBaseParser - Property: format doesn't have a tag mapping.
23:44:16.414 [main] DEBUG com.rometools.modules.base.io.GoogleBaseParser - Property: expirationDateTime doesn't have a tag mapping.
23:44:16.437 [main] DEBUG com.rometools.modules.base.io.GoogleBaseParser - Property: interface doesn't have a tag mapping.
23:44:16.437 [main] DEBUG com.rometools.modules.base.io.GoogleBaseParser - Property: uri doesn't have a tag mapping.
23:44:16.437 [main] DEBUG com.rometools.modules.base.io.GoogleBaseParser - Property: licenses doesn't have a tag mapping.
23:44:16.453 [main] DEBUG com.rometools.modules.base.io.GoogleBaseGeneratorTest - slashdot.xml
23:44:16.541 [main] DEBUG com.rometools.modules.base.io.GoogleBaseGeneratorTest - sunnyvale.xml
23:44:16.641 [main] DEBUG com.rometools.modules.base.io.GoogleBaseGeneratorTest - test-rdf.xml
23:44:16.660 [main] DEBUG com.rometools.modules.content.io.ContentModuleGenerator - 0
23:44:16.669 [main] DEBUG com.rometools.modules.base.io.GoogleBaseGeneratorTest - totsp.xml
23:44:16.680 [main] DEBUG com.rometools.modules.content.io.ContentModuleGenerator - 1
23:44:16.689 [main] DEBUG com.rometools.modules.base.io.GoogleBaseGeneratorTest - travel-atom.xml
23:44:16.696 [main] DEBUG com.rometools.modules.base.io.GoogleBaseParser - Property: format doesn't have a tag mapping.
23:44:16.696 [main] DEBUG com.rometools.modules.base.io.GoogleBaseParser - Property: expirationDateTime doesn't have a tag mapping.
23:44:16.696 [main] DEBUG com.rometools.modules.base.io.GoogleBaseParser - Property: interface doesn't have a tag mapping.
23:44:16.696 [main] DEBUG com.rometools.modules.base.io.GoogleBaseParser - Property: uri doesn't have a tag mapping.
23:44:16.696 [main] DEBUG com.rometools.modules.base.io.GoogleBaseParser - Property: licenses doesn't have a tag mapping.
23:44:16.714 [main] DEBUG com.rometools.modules.base.io.GoogleBaseParser - Property: format doesn't have a tag mapping.
23:44:16.714 [main] DEBUG com.rometools.modules.base.io.GoogleBaseParser - Property: expirationDateTime doesn't have a tag mapping.
23:44:16.715 [main] DEBUG com.rometools.modules.base.io.GoogleBaseParser - Property: interface doesn't have a tag mapping.
23:44:16.719 [main] DEBUG com.rometools.modules.base.io.GoogleBaseParser - Property: uri doesn't have a tag mapping.
23:44:16.719 [main] DEBUG com.rometools.modules.base.io.GoogleBaseParser - Property: licenses doesn't have a tag mapping.
23:44:16.771 [main] DEBUG com.rometools.modules.base.io.GoogleBaseParser - Property: format doesn't have a tag mapping.
23:44:16.771 [main] DEBUG com.rometools.modules.base.io.GoogleBaseParser - Property: expirationDateTime doesn't have a tag mapping.
23:44:16.771 [main] DEBUG com.rometools.modules.base.io.GoogleBaseParser - Property: interface doesn't have a tag mapping.
23:44:16.771 [main] DEBUG com.rometools.modules.base.io.GoogleBaseParser - Property: uri doesn't have a tag mapping.
23:44:16.772 [main] DEBUG com.rometools.modules.base.io.GoogleBaseParser - Property: licenses doesn't have a tag mapping.
23:44:16.775 [main] DEBUG com.rometools.modules.base.io.GoogleBaseParser - Property: format doesn't have a tag mapping.
23:44:16.775 [main] DEBUG com.rometools.modules.base.io.GoogleBaseParser - Property: expirationDateTime doesn't have a tag mapping.
23:44:16.775 [main] DEBUG com.rometools.modules.base.io.GoogleBaseParser - Property: interface doesn't have a tag mapping.
23:44:16.777 [main] DEBUG com.rometools.modules.base.io.GoogleBaseParser - Property: uri doesn't have a tag mapping.
23:44:16.777 [main] DEBUG com.rometools.modules.base.io.GoogleBaseParser - Property: licenses doesn't have a tag mapping.
23:44:16.785 [main] DEBUG com.rometools.modules.base.io.GoogleBaseGeneratorTest - travel2.xml
23:44:16.789 [main] DEBUG com.rometools.modules.base.io.GoogleBaseParser - Property: format doesn't have a tag mapping.
23:44:16.789 [main] DEBUG com.rometools.modules.base.io.GoogleBaseParser - Property: expirationDateTime doesn't have a tag mapping.
23:44:16.790 [main] DEBUG com.rometools.modules.base.io.GoogleBaseParser - Property: interface doesn't have a tag mapping.
23:44:16.790 [main] DEBUG com.rometools.modules.base.io.GoogleBaseParser - Property: uri doesn't have a tag mapping.
23:44:16.790 [main] DEBUG com.rometools.modules.base.io.GoogleBaseParser - Property: licenses doesn't have a tag mapping.
23:44:16.791 [main] DEBUG com.rometools.modules.base.io.GoogleBaseParser - Property: format doesn't have a tag mapping.
23:44:16.791 [main] DEBUG com.rometools.modules.base.io.GoogleBaseParser - Property: expirationDateTime doesn't have a tag mapping.
23:44:16.791 [main] DEBUG com.rometools.modules.base.io.GoogleBaseParser - Property: interface doesn't have a tag mapping.
23:44:16.791 [main] DEBUG com.rometools.modules.base.io.GoogleBaseParser - Property: uri doesn't have a tag mapping.
23:44:16.791 [main] DEBUG com.rometools.modules.base.io.GoogleBaseParser - Property: licenses doesn't have a tag mapping.
23:44:16.803 [main] DEBUG com.rometools.modules.base.io.GoogleBaseParser - Property: format doesn't have a tag mapping.
23:44:16.805 [main] DEBUG com.rometools.modules.base.io.GoogleBaseParser - Property: expirationDateTime doesn't have a tag mapping.
23:44:16.805 [main] DEBUG com.rometools.modules.base.io.GoogleBaseParser - Property: interface doesn't have a tag mapping.
23:44:16.805 [main] DEBUG com.rometools.modules.base.io.GoogleBaseParser - Property: uri doesn't have a tag mapping.
23:44:16.805 [main] DEBUG com.rometools.modules.base.io.GoogleBaseParser - Property: licenses doesn't have a tag mapping.
23:44:16.810 [main] DEBUG com.rometools.modules.base.io.GoogleBaseParser - Property: format doesn't have a tag mapping.
23:44:16.810 [main] DEBUG com.rometools.modules.base.io.GoogleBaseParser - Property: expirationDateTime doesn't have a tag mapping.
23:44:16.810 [main] DEBUG com.rometools.modules.base.io.GoogleBaseParser - Property: interface doesn't have a tag mapping.
23:44:16.811 [main] DEBUG com.rometools.modules.base.io.GoogleBaseParser - Property: uri doesn't have a tag mapping.
23:44:16.811 [main] DEBUG com.rometools.modules.base.io.GoogleBaseParser - Property: licenses doesn't have a tag mapping.
23:44:16.818 [main] DEBUG com.rometools.modules.base.io.GoogleBaseGeneratorTest - vehicles-atom.xml
23:44:16.826 [main] DEBUG com.rometools.modules.base.io.GoogleBaseParser - Property: format doesn't have a tag mapping.
23:44:16.826 [main] DEBUG com.rometools.modules.base.io.GoogleBaseParser - Property: expirationDateTime doesn't have a tag mapping.
23:44:16.826 [main] DEBUG com.rometools.modules.base.io.GoogleBaseParser - Property: interface doesn't have a tag mapping.
23:44:16.826 [main] DEBUG com.rometools.modules.base.io.GoogleBaseParser - Property: uri doesn't have a tag mapping.
23:44:16.826 [main] DEBUG com.rometools.modules.base.io.GoogleBaseParser - Property: licenses doesn't have a tag mapping.
23:44:16.830 [main] DEBUG com.rometools.modules.base.io.GoogleBaseParser - Property: format doesn't have a tag mapping.
23:44:16.830 [main] DEBUG com.rometools.modules.base.io.GoogleBaseParser - Property: expirationDateTime doesn't have a tag mapping.
23:44:16.830 [main] DEBUG com.rometools.modules.base.io.GoogleBaseParser - Property: interface doesn't have a tag mapping.
23:44:16.831 [main] DEBUG com.rometools.modules.base.io.GoogleBaseParser - Property: uri doesn't have a tag mapping.
23:44:16.831 [main] DEBUG com.rometools.modules.base.io.GoogleBaseParser - Property: licenses doesn't have a tag mapping.
23:44:16.858 [main] DEBUG com.rometools.modules.base.io.GoogleBaseParser - Property: format doesn't have a tag mapping.
23:44:16.858 [main] DEBUG com.rometools.modules.base.io.GoogleBaseParser - Property: expirationDateTime doesn't have a tag mapping.
23:44:16.858 [main] DEBUG com.rometools.modules.base.io.GoogleBaseParser - Property: interface doesn't have a tag mapping.
23:44:16.858 [main] DEBUG com.rometools.modules.base.io.GoogleBaseParser - Property: uri doesn't have a tag mapping.
23:44:16.858 [main] DEBUG com.rometools.modules.base.io.GoogleBaseParser - Property: licenses doesn't have a tag mapping.
23:44:16.863 [main] DEBUG com.rometools.modules.base.io.GoogleBaseParser - Property: format doesn't have a tag mapping.
23:44:16.863 [main] DEBUG com.rometools.modules.base.io.GoogleBaseParser - Property: expirationDateTime doesn't have a tag mapping.
23:44:16.863 [main] DEBUG com.rometools.modules.base.io.GoogleBaseParser - Property: interface doesn't have a tag mapping.
23:44:16.863 [main] DEBUG com.rometools.modules.base.io.GoogleBaseParser - Property: uri doesn't have a tag mapping.
23:44:16.863 [main] DEBUG com.rometools.modules.base.io.GoogleBaseParser - Property: licenses doesn't have a tag mapping.
23:44:16.881 [main] DEBUG com.rometools.modules.base.io.GoogleBaseGeneratorTest - vehicles2.xml
23:44:16.885 [main] DEBUG com.rometools.modules.base.io.GoogleBaseParser - Property: format doesn't have a tag mapping.
23:44:16.885 [main] DEBUG com.rometools.modules.base.io.GoogleBaseParser - Property: expirationDateTime doesn't have a tag mapping.
23:44:16.885 [main] DEBUG com.rometools.modules.base.io.GoogleBaseParser - Property: interface doesn't have a tag mapping.
23:44:16.885 [main] DEBUG com.rometools.modules.base.io.GoogleBaseParser - Property: uri doesn't have a tag mapping.
23:44:16.885 [main] DEBUG com.rometools.modules.base.io.GoogleBaseParser - Property: licenses doesn't have a tag mapping.
23:44:16.888 [main] DEBUG com.rometools.modules.base.io.GoogleBaseParser - Property: format doesn't have a tag mapping.
23:44:16.888 [main] DEBUG com.rometools.modules.base.io.GoogleBaseParser - Property: expirationDateTime doesn't have a tag mapping.
23:44:16.889 [main] DEBUG com.rometools.modules.base.io.GoogleBaseParser - Property: interface doesn't have a tag mapping.
23:44:16.889 [main] DEBUG com.rometools.modules.base.io.GoogleBaseParser - Property: uri doesn't have a tag mapping.
23:44:16.889 [main] DEBUG com.rometools.modules.base.io.GoogleBaseParser - Property: licenses doesn't have a tag mapping.
23:44:16.956 [main] DEBUG com.rometools.modules.base.io.GoogleBaseParser - Property: format doesn't have a tag mapping.
23:44:16.956 [main] DEBUG com.rometools.modules.base.io.GoogleBaseParser - Property: expirationDateTime doesn't have a tag mapping.
23:44:16.956 [main] DEBUG com.rometools.modules.base.io.GoogleBaseParser - Property: interface doesn't have a tag mapping.
23:44:16.956 [main] DEBUG com.rometools.modules.base.io.GoogleBaseParser - Property: uri doesn't have a tag mapping.
23:44:16.956 [main] DEBUG com.rometools.modules.base.io.GoogleBaseParser - Property: licenses doesn't have a tag mapping.
23:44:16.958 [main] DEBUG com.rometools.modules.base.io.GoogleBaseParser - Property: format doesn't have a tag mapping.
23:44:16.958 [main] DEBUG com.rometools.modules.base.io.GoogleBaseParser - Property: expirationDateTime doesn't have a tag mapping.
23:44:16.958 [main] DEBUG com.rometools.modules.base.io.GoogleBaseParser - Property: interface doesn't have a tag mapping.
23:44:16.958 [main] DEBUG com.rometools.modules.base.io.GoogleBaseParser - Property: uri doesn't have a tag mapping.
23:44:16.958 [main] DEBUG com.rometools.modules.base.io.GoogleBaseParser - Property: licenses doesn't have a tag mapping.
23:44:16.963 [main] DEBUG com.rometools.modules.base.io.GoogleBaseGeneratorTest - wanted-atom.xml
23:44:16.970 [main] DEBUG com.rometools.modules.base.io.GoogleBaseParser - Property: format doesn't have a tag mapping.
23:44:16.970 [main] DEBUG com.rometools.modules.base.io.GoogleBaseParser - Property: expirationDateTime doesn't have a tag mapping.
23:44:16.971 [main] DEBUG com.rometools.modules.base.io.GoogleBaseParser - Property: interface doesn't have a tag mapping.
23:44:16.971 [main] DEBUG com.rometools.modules.base.io.GoogleBaseParser - Property: uri doesn't have a tag mapping.
23:44:16.971 [main] DEBUG com.rometools.modules.base.io.GoogleBaseParser - Property: licenses doesn't have a tag mapping.
23:44:16.974 [main] DEBUG com.rometools.modules.base.io.GoogleBaseParser - Property: format doesn't have a tag mapping.
23:44:16.974 [main] DEBUG com.rometools.modules.base.io.GoogleBaseParser - Property: expirationDateTime doesn't have a tag mapping.
23:44:16.974 [main] DEBUG com.rometools.modules.base.io.GoogleBaseParser - Property: interface doesn't have a tag mapping.
23:44:16.974 [main] DEBUG com.rometools.modules.base.io.GoogleBaseParser - Property: uri doesn't have a tag mapping.
23:44:16.974 [main] DEBUG com.rometools.modules.base.io.GoogleBaseParser - Property: licenses doesn't have a tag mapping.
23:44:17.014 [main] DEBUG com.rometools.modules.base.io.GoogleBaseParser - Property: format doesn't have a tag mapping.
23:44:17.014 [main] DEBUG com.rometools.modules.base.io.GoogleBaseParser - Property: expirationDateTime doesn't have a tag mapping.
23:44:17.014 [main] DEBUG com.rometools.modules.base.io.GoogleBaseParser - Property: interface doesn't have a tag mapping.
23:44:17.014 [main] DEBUG com.rometools.modules.base.io.GoogleBaseParser - Property: uri doesn't have a tag mapping.
23:44:17.014 [main] DEBUG com.rometools.modules.base.io.GoogleBaseParser - Property: licenses doesn't have a tag mapping.
23:44:17.016 [main] DEBUG com.rometools.modules.base.io.GoogleBaseParser - Property: format doesn't have a tag mapping.
23:44:17.016 [main] DEBUG com.rometools.modules.base.io.GoogleBaseParser - Property: expirationDateTime doesn't have a tag mapping.
23:44:17.017 [main] DEBUG com.rometools.modules.base.io.GoogleBaseParser - Property: interface doesn't have a tag mapping.
23:44:17.017 [main] DEBUG com.rometools.modules.base.io.GoogleBaseParser - Property: uri doesn't have a tag mapping.
23:44:17.017 [main] DEBUG com.rometools.modules.base.io.GoogleBaseParser - Property: licenses doesn't have a tag mapping.
23:44:17.019 [main] DEBUG com.rometools.modules.base.io.GoogleBaseGeneratorTest - wanted2.xml
23:44:17.022 [main] DEBUG com.rometools.modules.base.io.GoogleBaseParser - Property: format doesn't have a tag mapping.
23:44:17.022 [main] DEBUG com.rometools.modules.base.io.GoogleBaseParser - Property: expirationDateTime doesn't have a tag mapping.
23:44:17.022 [main] DEBUG com.rometools.modules.base.io.GoogleBaseParser - Property: interface doesn't have a tag mapping.
23:44:17.022 [main] DEBUG com.rometools.modules.base.io.GoogleBaseParser - Property: uri doesn't have a tag mapping.
23:44:17.022 [main] DEBUG com.rometools.modules.base.io.GoogleBaseParser - Property: licenses doesn't have a tag mapping.
23:44:17.023 [main] DEBUG com.rometools.modules.base.io.GoogleBaseParser - Property: format doesn't have a tag mapping.
23:44:17.023 [main] DEBUG com.rometools.modules.base.io.GoogleBaseParser - Property: expirationDateTime doesn't have a tag mapping.
23:44:17.023 [main] DEBUG com.rometools.modules.base.io.GoogleBaseParser - Property: interface doesn't have a tag mapping.
23:44:17.023 [main] DEBUG com.rometools.modules.base.io.GoogleBaseParser - Property: uri doesn't have a tag mapping.
23:44:17.023 [main] DEBUG com.rometools.modules.base.io.GoogleBaseParser - Property: licenses doesn't have a tag mapping.
23:44:17.041 [main] DEBUG com.rometools.modules.base.io.GoogleBaseParser - Property: format doesn't have a tag mapping.
23:44:17.041 [main] DEBUG com.rometools.modules.base.io.GoogleBaseParser - Property: expirationDateTime doesn't have a tag mapping.
23:44:17.041 [main] DEBUG com.rometools.modules.base.io.GoogleBaseParser - Property: interface doesn't have a tag mapping.
23:44:17.042 [main] DEBUG com.rometools.modules.base.io.GoogleBaseParser - Property: uri doesn't have a tag mapping.
23:44:17.042 [main] DEBUG com.rometools.modules.base.io.GoogleBaseParser - Property: licenses doesn't have a tag mapping.
23:44:17.042 [main] DEBUG com.rometools.modules.base.io.GoogleBaseParser - Property: format doesn't have a tag mapping.
23:44:17.042 [main] DEBUG com.rometools.modules.base.io.GoogleBaseParser - Property: expirationDateTime doesn't have a tag mapping.
23:44:17.042 [main] DEBUG com.rometools.modules.base.io.GoogleBaseParser - Property: interface doesn't have a tag mapping.
23:44:17.042 [main] DEBUG com.rometools.modules.base.io.GoogleBaseParser - Property: uri doesn't have a tag mapping.
23:44:17.042 [main] DEBUG com.rometools.modules.base.io.GoogleBaseParser - Property: licenses doesn't have a tag mapping.
23:44:17.044 [main] DEBUG com.rometools.modules.base.io.GoogleBaseGeneratorTest - yweather.xml
23:44:17.090 [main] DEBUG com.rometools.modules.base.io.GoogleBaseGeneratorTest - <?xml version="1.0" encoding="UTF-8" standalone="no"?>
<feed xmlns="http://www.w3.org/2005/Atom">
  <title>Sample Feed (created with Rome)</title>
  <link href="http://rome.dev.java.net" rel="alternate"/>
  <subtitle>This feed has been created using Rome (Java syndication utilities</subtitle>
  <entry>
    <title>Rome v1.0</title>
    <link href="http://wiki.java.net/bin/view/Javawsxml/Rome01 " rel="alternate"/>
    <author>
      <name/>
    </author>
    <summary type="text">Initial release of Rome</summary>
  </entry>
</feed>

[INFO] Tests run: 2, Failures: 0, Errors: 0, Skipped: 0, Time elapsed: 2.859 s - in com.rometools.modules.base.io.GoogleBaseGeneratorTest
[INFO] Running com.rometools.modules.base.io.GoogleBaseParserTest
23:44:17.145 [main] DEBUG com.rometools.modules.base.io.GoogleBaseParserTest - testHousing2Parse
23:44:17.150 [main] DEBUG com.rometools.modules.base.io.GoogleBaseParser - Property: format doesn't have a tag mapping.
23:44:17.151 [main] DEBUG com.rometools.modules.base.io.GoogleBaseParser - Property: expirationDateTime doesn't have a tag mapping.
23:44:17.151 [main] DEBUG com.rometools.modules.base.io.GoogleBaseParser - Property: interface doesn't have a tag mapping.
23:44:17.151 [main] DEBUG com.rometools.modules.base.io.GoogleBaseParser - Property: uri doesn't have a tag mapping.
23:44:17.151 [main] DEBUG com.rometools.modules.base.io.GoogleBaseParser - Property: licenses doesn't have a tag mapping.
23:44:17.153 [main] DEBUG com.rometools.modules.base.io.GoogleBaseParser - Property: format doesn't have a tag mapping.
23:44:17.153 [main] DEBUG com.rometools.modules.base.io.GoogleBaseParser - Property: expirationDateTime doesn't have a tag mapping.
23:44:17.153 [main] DEBUG com.rometools.modules.base.io.GoogleBaseParser - Property: interface doesn't have a tag mapping.
23:44:17.153 [main] DEBUG com.rometools.modules.base.io.GoogleBaseParser - Property: uri doesn't have a tag mapping.
23:44:17.153 [main] DEBUG com.rometools.modules.base.io.GoogleBaseParser - Property: licenses doesn't have a tag mapping.
23:44:17.169 [main] DEBUG com.rometools.modules.base.io.GoogleBaseParserTest - testTravel2Parse
23:44:17.174 [main] DEBUG com.rometools.modules.base.io.GoogleBaseParser - Property: format doesn't have a tag mapping.
23:44:17.174 [main] DEBUG com.rometools.modules.base.io.GoogleBaseParser - Property: expirationDateTime doesn't have a tag mapping.
23:44:17.174 [main] DEBUG com.rometools.modules.base.io.GoogleBaseParser - Property: interface doesn't have a tag mapping.
23:44:17.174 [main] DEBUG com.rometools.modules.base.io.GoogleBaseParser - Property: uri doesn't have a tag mapping.
23:44:17.174 [main] DEBUG com.rometools.modules.base.io.GoogleBaseParser - Property: licenses doesn't have a tag mapping.
23:44:17.181 [main] DEBUG com.rometools.modules.base.io.GoogleBaseParser - Property: format doesn't have a tag mapping.
23:44:17.182 [main] DEBUG com.rometools.modules.base.io.GoogleBaseParser - Property: expirationDateTime doesn't have a tag mapping.
23:44:17.182 [main] DEBUG com.rometools.modules.base.io.GoogleBaseParser - Property: interface doesn't have a tag mapping.
23:44:17.182 [main] DEBUG com.rometools.modules.base.io.GoogleBaseParser - Property: uri doesn't have a tag mapping.
23:44:17.182 [main] DEBUG com.rometools.modules.base.io.GoogleBaseParser - Property: licenses doesn't have a tag mapping.
23:44:17.185 [main] DEBUG com.rometools.modules.base.io.GoogleBaseParserTest - testEvent2Parse
23:44:17.191 [main] DEBUG com.rometools.modules.base.io.GoogleBaseParser - Property: format doesn't have a tag mapping.
23:44:17.191 [main] DEBUG com.rometools.modules.base.io.GoogleBaseParser - Property: expirationDateTime doesn't have a tag mapping.
23:44:17.191 [main] DEBUG com.rometools.modules.base.io.GoogleBaseParser - Property: interface doesn't have a tag mapping.
23:44:17.192 [main] DEBUG com.rometools.modules.base.io.GoogleBaseParser - Property: uri doesn't have a tag mapping.
23:44:17.193 [main] DEBUG com.rometools.modules.base.io.GoogleBaseParser - Property: licenses doesn't have a tag mapping.
23:44:17.194 [main] DEBUG com.rometools.modules.base.io.GoogleBaseParser - Property: format doesn't have a tag mapping.
23:44:17.194 [main] DEBUG com.rometools.modules.base.io.GoogleBaseParser - Property: expirationDateTime doesn't have a tag mapping.
23:44:17.194 [main] DEBUG com.rometools.modules.base.io.GoogleBaseParser - Property: interface doesn't have a tag mapping.
23:44:17.194 [main] DEBUG com.rometools.modules.base.io.GoogleBaseParser - Property: uri doesn't have a tag mapping.
23:44:17.194 [main] DEBUG com.rometools.modules.base.io.GoogleBaseParser - Property: licenses doesn't have a tag mapping.
23:44:17.197 [main] DEBUG com.rometools.modules.base.io.GoogleBaseParserTest - testNews2Parse
23:44:17.203 [main] DEBUG com.rometools.modules.base.io.GoogleBaseParser - Property: format doesn't have a tag mapping.
23:44:17.204 [main] DEBUG com.rometools.modules.base.io.GoogleBaseParser - Property: expirationDateTime doesn't have a tag mapping.
23:44:17.204 [main] DEBUG com.rometools.modules.base.io.GoogleBaseParser - Property: interface doesn't have a tag mapping.
23:44:17.204 [main] DEBUG com.rometools.modules.base.io.GoogleBaseParser - Property: uri doesn't have a tag mapping.
23:44:17.204 [main] DEBUG com.rometools.modules.base.io.GoogleBaseParser - Property: licenses doesn't have a tag mapping.
23:44:17.204 [main] DEBUG com.rometools.modules.base.io.GoogleBaseParser - Property: format doesn't have a tag mapping.
23:44:17.205 [main] DEBUG com.rometools.modules.base.io.GoogleBaseParser - Property: expirationDateTime doesn't have a tag mapping.
23:44:17.205 [main] DEBUG com.rometools.modules.base.io.GoogleBaseParser - Property: interface doesn't have a tag mapping.
23:44:17.205 [main] DEBUG com.rometools.modules.base.io.GoogleBaseParser - Property: uri doesn't have a tag mapping.
23:44:17.205 [main] DEBUG com.rometools.modules.base.io.GoogleBaseParser - Property: licenses doesn't have a tag mapping.
23:44:17.206 [main] DEBUG com.rometools.modules.base.io.GoogleBaseParserTest - testService2Parse
23:44:17.209 [main] DEBUG com.rometools.modules.base.io.GoogleBaseParser - Property: format doesn't have a tag mapping.
23:44:17.210 [main] DEBUG com.rometools.modules.base.io.GoogleBaseParser - Property: expirationDateTime doesn't have a tag mapping.
23:44:17.210 [main] DEBUG com.rometools.modules.base.io.GoogleBaseParser - Property: interface doesn't have a tag mapping.
23:44:17.210 [main] DEBUG com.rometools.modules.base.io.GoogleBaseParser - Property: uri doesn't have a tag mapping.
23:44:17.210 [main] DEBUG com.rometools.modules.base.io.GoogleBaseParser - Property: licenses doesn't have a tag mapping.
23:44:17.211 [main] DEBUG com.rometools.modules.base.io.GoogleBaseParser - Property: format doesn't have a tag mapping.
23:44:17.211 [main] DEBUG com.rometools.modules.base.io.GoogleBaseParser - Property: expirationDateTime doesn't have a tag mapping.
23:44:17.211 [main] DEBUG com.rometools.modules.base.io.GoogleBaseParser - Property: interface doesn't have a tag mapping.
23:44:17.211 [main] DEBUG com.rometools.modules.base.io.GoogleBaseParser - Property: uri doesn't have a tag mapping.
23:44:17.212 [main] DEBUG com.rometools.modules.base.io.GoogleBaseParser - Property: licenses doesn't have a tag mapping.
23:44:17.214 [main] DEBUG com.rometools.modules.base.io.GoogleBaseParserTest - testReview2Parse
23:44:17.218 [main] DEBUG com.rometools.modules.base.io.GoogleBaseParser - Property: format doesn't have a tag mapping.
23:44:17.218 [main] DEBUG com.rometools.modules.base.io.GoogleBaseParser - Property: expirationDateTime doesn't have a tag mapping.
23:44:17.218 [main] DEBUG com.rometools.modules.base.io.GoogleBaseParser - Property: interface doesn't have a tag mapping.
23:44:17.218 [main] DEBUG com.rometools.modules.base.io.GoogleBaseParser - Property: uri doesn't have a tag mapping.
23:44:17.218 [main] DEBUG com.rometools.modules.base.io.GoogleBaseParser - Property: licenses doesn't have a tag mapping.
23:44:17.218 [main] DEBUG com.rometools.modules.base.io.GoogleBaseParser - Property: format doesn't have a tag mapping.
23:44:17.219 [main] DEBUG com.rometools.modules.base.io.GoogleBaseParser - Property: expirationDateTime doesn't have a tag mapping.
23:44:17.219 [main] DEBUG com.rometools.modules.base.io.GoogleBaseParser - Property: interface doesn't have a tag mapping.
23:44:17.219 [main] DEBUG com.rometools.modules.base.io.GoogleBaseParser - Property: uri doesn't have a tag mapping.
23:44:17.219 [main] DEBUG com.rometools.modules.base.io.GoogleBaseParser - Property: licenses doesn't have a tag mapping.
23:44:17.223 [main] DEBUG com.rometools.modules.base.io.GoogleBaseParserTest - testGetNamespaceUri
23:44:17.224 [main] DEBUG com.rometools.modules.base.io.GoogleBaseParserTest - http://base.google.com/ns/1.0
23:44:17.224 [main] DEBUG com.rometools.modules.base.io.GoogleBaseParserTest - testJobs2Parse
23:44:17.228 [main] DEBUG com.rometools.modules.base.io.GoogleBaseParser - Property: format doesn't have a tag mapping.
23:44:17.229 [main] DEBUG com.rometools.modules.base.io.GoogleBaseParser - Property: expirationDateTime doesn't have a tag mapping.
23:44:17.229 [main] DEBUG com.rometools.modules.base.io.GoogleBaseParser - Property: interface doesn't have a tag mapping.
23:44:17.229 [main] DEBUG com.rometools.modules.base.io.GoogleBaseParser - Property: uri doesn't have a tag mapping.
23:44:17.229 [main] DEBUG com.rometools.modules.base.io.GoogleBaseParser - Property: licenses doesn't have a tag mapping.
23:44:17.230 [main] DEBUG com.rometools.modules.base.io.GoogleBaseParser - Property: format doesn't have a tag mapping.
23:44:17.231 [main] DEBUG com.rometools.modules.base.io.GoogleBaseParser - Property: expirationDateTime doesn't have a tag mapping.
23:44:17.231 [main] DEBUG com.rometools.modules.base.io.GoogleBaseParser - Property: interface doesn't have a tag mapping.
23:44:17.231 [main] DEBUG com.rometools.modules.base.io.GoogleBaseParser - Property: uri doesn't have a tag mapping.
23:44:17.231 [main] DEBUG com.rometools.modules.base.io.GoogleBaseParser - Property: licenses doesn't have a tag mapping.
23:44:17.264 [main] DEBUG com.rometools.modules.base.io.GoogleBaseParserTest - [full-time]
23:44:17.265 [main] DEBUG com.rometools.modules.base.io.GoogleBaseParserTest - testPerson2Parse
23:44:17.279 [main] DEBUG com.rometools.modules.base.io.GoogleBaseParser - Property: format doesn't have a tag mapping.
23:44:17.279 [main] DEBUG com.rometools.modules.base.io.GoogleBaseParser - Property: expirationDateTime doesn't have a tag mapping.
23:44:17.279 [main] DEBUG com.rometools.modules.base.io.GoogleBaseParser - Property: interface doesn't have a tag mapping.
23:44:17.279 [main] DEBUG com.rometools.modules.base.io.GoogleBaseParser - Property: uri doesn't have a tag mapping.
23:44:17.280 [main] DEBUG com.rometools.modules.base.io.GoogleBaseParser - Property: licenses doesn't have a tag mapping.
23:44:17.280 [main] DEBUG com.rometools.modules.base.io.GoogleBaseParser - Property: format doesn't have a tag mapping.
23:44:17.281 [main] DEBUG com.rometools.modules.base.io.GoogleBaseParser - Property: expirationDateTime doesn't have a tag mapping.
23:44:17.281 [main] DEBUG com.rometools.modules.base.io.GoogleBaseParser - Property: interface doesn't have a tag mapping.
23:44:17.281 [main] DEBUG com.rometools.modules.base.io.GoogleBaseParser - Property: uri doesn't have a tag mapping.
23:44:17.281 [main] DEBUG com.rometools.modules.base.io.GoogleBaseParser - Property: licenses doesn't have a tag mapping.
23:44:17.285 [main] DEBUG com.rometools.modules.base.io.GoogleBaseParserTest - testResearch2Parse
23:44:17.290 [main] DEBUG com.rometools.modules.base.io.GoogleBaseParser - Property: format doesn't have a tag mapping.
23:44:17.290 [main] DEBUG com.rometools.modules.base.io.GoogleBaseParser - Property: expirationDateTime doesn't have a tag mapping.
23:44:17.290 [main] DEBUG com.rometools.modules.base.io.GoogleBaseParser - Property: interface doesn't have a tag mapping.
23:44:17.290 [main] DEBUG com.rometools.modules.base.io.GoogleBaseParser - Property: uri doesn't have a tag mapping.
23:44:17.290 [main] DEBUG com.rometools.modules.base.io.GoogleBaseParser - Property: licenses doesn't have a tag mapping.
23:44:17.291 [main] DEBUG com.rometools.modules.base.io.GoogleBaseParser - Property: format doesn't have a tag mapping.
23:44:17.291 [main] DEBUG com.rometools.modules.base.io.GoogleBaseParser - Property: expirationDateTime doesn't have a tag mapping.
23:44:17.291 [main] DEBUG com.rometools.modules.base.io.GoogleBaseParser - Property: interface doesn't have a tag mapping.
23:44:17.291 [main] DEBUG com.rometools.modules.base.io.GoogleBaseParser - Property: uri doesn't have a tag mapping.
23:44:17.291 [main] DEBUG com.rometools.modules.base.io.GoogleBaseParser - Property: licenses doesn't have a tag mapping.
23:44:17.292 [main] DEBUG com.rometools.modules.base.io.GoogleBaseParserTest - testCourse2Parse
23:44:17.297 [main] DEBUG com.rometools.modules.base.io.GoogleBaseParser - Property: format doesn't have a tag mapping.
23:44:17.297 [main] DEBUG com.rometools.modules.base.io.GoogleBaseParser - Property: expirationDateTime doesn't have a tag mapping.
23:44:17.297 [main] DEBUG com.rometools.modules.base.io.GoogleBaseParser - Property: interface doesn't have a tag mapping.
23:44:17.297 [main] DEBUG com.rometools.modules.base.io.GoogleBaseParser - Property: uri doesn't have a tag mapping.
23:44:17.297 [main] DEBUG com.rometools.modules.base.io.GoogleBaseParser - Property: licenses doesn't have a tag mapping.
23:44:17.298 [main] DEBUG com.rometools.modules.base.io.GoogleBaseParser - Property: format doesn't have a tag mapping.
23:44:17.298 [main] DEBUG com.rometools.modules.base.io.GoogleBaseParser - Property: expirationDateTime doesn't have a tag mapping.
23:44:17.298 [main] DEBUG com.rometools.modules.base.io.GoogleBaseParser - Property: interface doesn't have a tag mapping.
23:44:17.299 [main] DEBUG com.rometools.modules.base.io.GoogleBaseParser - Property: uri doesn't have a tag mapping.
23:44:17.299 [main] DEBUG com.rometools.modules.base.io.GoogleBaseParser - Property: licenses doesn't have a tag mapping.
23:44:17.301 [main] DEBUG com.rometools.modules.base.io.GoogleBaseParserTest - testVehicle2Parse
23:44:17.306 [main] DEBUG com.rometools.modules.base.io.GoogleBaseParser - Property: format doesn't have a tag mapping.
23:44:17.306 [main] DEBUG com.rometools.modules.base.io.GoogleBaseParser - Property: expirationDateTime doesn't have a tag mapping.
23:44:17.306 [main] DEBUG com.rometools.modules.base.io.GoogleBaseParser - Property: interface doesn't have a tag mapping.
23:44:17.306 [main] DEBUG com.rometools.modules.base.io.GoogleBaseParser - Property: uri doesn't have a tag mapping.
23:44:17.306 [main] DEBUG com.rometools.modules.base.io.GoogleBaseParser - Property: licenses doesn't have a tag mapping.
23:44:17.306 [main] DEBUG com.rometools.modules.base.io.GoogleBaseParser - Property: format doesn't have a tag mapping.
23:44:17.306 [main] DEBUG com.rometools.modules.base.io.GoogleBaseParser - Property: expirationDateTime doesn't have a tag mapping.
23:44:17.306 [main] DEBUG com.rometools.modules.base.io.GoogleBaseParser - Property: interface doesn't have a tag mapping.
23:44:17.306 [main] DEBUG com.rometools.modules.base.io.GoogleBaseParser - Property: uri doesn't have a tag mapping.
23:44:17.306 [main] DEBUG com.rometools.modules.base.io.GoogleBaseParser - Property: licenses doesn't have a tag mapping.
23:44:17.308 [main] DEBUG com.rometools.modules.base.io.GoogleBaseParserTest - testProduct2Parse
23:44:17.312 [main] DEBUG com.rometools.modules.base.io.GoogleBaseParser - Property: format doesn't have a tag mapping.
23:44:17.312 [main] DEBUG com.rometools.modules.base.io.GoogleBaseParser - Property: expirationDateTime doesn't have a tag mapping.
23:44:17.312 [main] DEBUG com.rometools.modules.base.io.GoogleBaseParser - Property: interface doesn't have a tag mapping.
23:44:17.312 [main] DEBUG com.rometools.modules.base.io.GoogleBaseParser - Property: uri doesn't have a tag mapping.
23:44:17.312 [main] DEBUG com.rometools.modules.base.io.GoogleBaseParser - Property: licenses doesn't have a tag mapping.
23:44:17.314 [main] DEBUG com.rometools.modules.base.io.GoogleBaseParser - Property: format doesn't have a tag mapping.
23:44:17.314 [main] DEBUG com.rometools.modules.base.io.GoogleBaseParser - Property: expirationDateTime doesn't have a tag mapping.
23:44:17.314 [main] DEBUG com.rometools.modules.base.io.GoogleBaseParser - Property: interface doesn't have a tag mapping.
23:44:17.314 [main] DEBUG com.rometools.modules.base.io.GoogleBaseParser - Property: uri doesn't have a tag mapping.
23:44:17.314 [main] DEBUG com.rometools.modules.base.io.GoogleBaseParser - Property: licenses doesn't have a tag mapping.
23:44:17.317 [main] DEBUG com.rometools.modules.base.io.GoogleBaseParserTest - 10.0x50.0x20.0
23:44:17.318 [main] DEBUG com.rometools.modules.base.io.GoogleBaseParserTest - testVehicle2Parse
23:44:17.324 [main] DEBUG com.rometools.modules.base.io.GoogleBaseParser - Property: format doesn't have a tag mapping.
23:44:17.324 [main] DEBUG com.rometools.modules.base.io.GoogleBaseParser - Property: expirationDateTime doesn't have a tag mapping.
23:44:17.324 [main] DEBUG com.rometools.modules.base.io.GoogleBaseParser - Property: interface doesn't have a tag mapping.
23:44:17.324 [main] DEBUG com.rometools.modules.base.io.GoogleBaseParser - Property: uri doesn't have a tag mapping.
23:44:17.324 [main] DEBUG com.rometools.modules.base.io.GoogleBaseParser - Property: licenses doesn't have a tag mapping.
23:44:17.326 [main] DEBUG com.rometools.modules.base.io.GoogleBaseParser - Property: format doesn't have a tag mapping.
23:44:17.326 [main] DEBUG com.rometools.modules.base.io.GoogleBaseParser - Property: expirationDateTime doesn't have a tag mapping.
23:44:17.326 [main] DEBUG com.rometools.modules.base.io.GoogleBaseParser - Property: interface doesn't have a tag mapping.
23:44:17.326 [main] DEBUG com.rometools.modules.base.io.GoogleBaseParser - Property: uri doesn't have a tag mapping.
23:44:17.326 [main] DEBUG com.rometools.modules.base.io.GoogleBaseParser - Property: licenses doesn't have a tag mapping.
[INFO] Tests run: 14, Failures: 0, Errors: 0, Skipped: 0, Time elapsed: 0.343 s - in com.rometools.modules.base.io.GoogleBaseParserTest
[INFO] Running com.rometools.modules.base.types.FloatUnitTest
23:44:17.331 [main] DEBUG com.rometools.modules.base.types.FloatUnitTest - testFloatUnit
[INFO] Tests run: 1, Failures: 0, Errors: 0, Skipped: 0, Time elapsed: 0.003 s - in com.rometools.modules.base.types.FloatUnitTest
[INFO] Running com.rometools.modules.base.types.IntUnitTest
23:44:17.335 [main] DEBUG com.rometools.modules.cc.io.CCModuleGenerator - testIntUnit
[INFO] Tests run: 1, Failures: 0, Errors: 0, Skipped: 0, Time elapsed: 0.004 s - in com.rometools.modules.base.types.IntUnitTest
[INFO] Running com.rometools.modules.cc.io.CCModuleGeneratorTest
23:44:17.338 [main] DEBUG com.rometools.modules.cc.io.CCModuleGeneratorTest - testGenerate
23:44:17.339 [main] DEBUG com.rometools.modules.cc.io.CCModuleGeneratorTest - at.xml
23:44:17.344 [main] WARN  com.rometools.modules.itunes.io.ITunesParser - Malformed URL Exception reading itunes:image tag: 
23:44:17.390 [main] WARN  com.rometools.modules.itunes.io.ITunesParser - Malformed URL Exception reading itunes:image tag: 
23:44:17.390 [main] WARN  com.rometools.modules.itunes.io.ITunesParser - Malformed URL Exception reading itunes:image tag: 
23:44:17.391 [main] WARN  com.rometools.modules.itunes.io.ITunesParser - Failed to parse duration: 
23:44:17.441 [main] WARN  com.rometools.modules.itunes.io.ITunesParser - Failed to parse duration: 
23:44:17.445 [main] WARN  com.rometools.modules.itunes.io.ITunesParser - Failed to parse duration: 
23:44:17.465 [main] DEBUG com.rometools.modules.cc.io.CCModuleGeneratorTest - null
23:44:17.466 [main] DEBUG com.rometools.modules.cc.io.CCModuleGeneratorTest - null
23:44:17.466 [main] DEBUG com.rometools.modules.cc.io.CCModuleGeneratorTest - null
23:44:17.466 [main] DEBUG com.rometools.modules.cc.io.CCModuleGeneratorTest - null
23:44:17.466 [main] DEBUG com.rometools.modules.cc.io.CCModuleGeneratorTest - null
23:44:17.466 [main] DEBUG com.rometools.modules.cc.io.CCModuleGeneratorTest - null
23:44:17.466 [main] DEBUG com.rometools.modules.cc.io.CCModuleGeneratorTest - null
23:44:17.466 [main] DEBUG com.rometools.modules.cc.io.CCModuleGeneratorTest - null
23:44:17.466 [main] DEBUG com.rometools.modules.cc.io.CCModuleGeneratorTest - null
23:44:17.466 [main] DEBUG com.rometools.modules.cc.io.CCModuleGeneratorTest - courses-atom.xml
23:44:17.476 [main] DEBUG com.rometools.modules.base.io.GoogleBaseParser - Property: format doesn't have a tag mapping.
23:44:17.476 [main] DEBUG com.rometools.modules.base.io.GoogleBaseParser - Property: expirationDateTime doesn't have a tag mapping.
23:44:17.476 [main] DEBUG com.rometools.modules.base.io.GoogleBaseParser - Property: interface doesn't have a tag mapping.
23:44:17.476 [main] DEBUG com.rometools.modules.base.io.GoogleBaseParser - Property: uri doesn't have a tag mapping.
23:44:17.476 [main] DEBUG com.rometools.modules.base.io.GoogleBaseParser - Property: licenses doesn't have a tag mapping.
23:44:17.480 [main] DEBUG com.rometools.modules.base.io.GoogleBaseParser - Property: format doesn't have a tag mapping.
23:44:17.480 [main] DEBUG com.rometools.modules.base.io.GoogleBaseParser - Property: expirationDateTime doesn't have a tag mapping.
23:44:17.480 [main] DEBUG com.rometools.modules.base.io.GoogleBaseParser - Property: interface doesn't have a tag mapping.
23:44:17.481 [main] DEBUG com.rometools.modules.base.io.GoogleBaseParser - Property: uri doesn't have a tag mapping.
23:44:17.481 [main] DEBUG com.rometools.modules.base.io.GoogleBaseParser - Property: licenses doesn't have a tag mapping.
23:44:17.501 [main] DEBUG com.rometools.modules.base.io.GoogleBaseParser - Property: format doesn't have a tag mapping.
23:44:17.501 [main] DEBUG com.rometools.modules.base.io.GoogleBaseParser - Property: expirationDateTime doesn't have a tag mapping.
23:44:17.501 [main] DEBUG com.rometools.modules.base.io.GoogleBaseParser - Property: interface doesn't have a tag mapping.
23:44:17.501 [main] DEBUG com.rometools.modules.base.io.GoogleBaseParser - Property: uri doesn't have a tag mapping.
23:44:17.501 [main] DEBUG com.rometools.modules.base.io.GoogleBaseParser - Property: licenses doesn't have a tag mapping.
23:44:17.502 [main] DEBUG com.rometools.modules.base.io.GoogleBaseParser - Property: format doesn't have a tag mapping.
23:44:17.502 [main] DEBUG com.rometools.modules.base.io.GoogleBaseParser - Property: expirationDateTime doesn't have a tag mapping.
23:44:17.502 [main] DEBUG com.rometools.modules.base.io.GoogleBaseParser - Property: interface doesn't have a tag mapping.
23:44:17.502 [main] DEBUG com.rometools.modules.base.io.GoogleBaseParser - Property: uri doesn't have a tag mapping.
23:44:17.502 [main] DEBUG com.rometools.modules.base.io.GoogleBaseParser - Property: licenses doesn't have a tag mapping.
23:44:17.509 [main] DEBUG com.rometools.modules.cc.io.CCModuleGeneratorTest - null
23:44:17.509 [main] DEBUG com.rometools.modules.cc.io.CCModuleGeneratorTest - null
23:44:17.509 [main] DEBUG com.rometools.modules.cc.io.CCModuleGeneratorTest - courses2.xml
23:44:17.512 [main] DEBUG com.rometools.modules.base.io.GoogleBaseParser - Property: format doesn't have a tag mapping.
23:44:17.513 [main] DEBUG com.rometools.modules.base.io.GoogleBaseParser - Property: expirationDateTime doesn't have a tag mapping.
23:44:17.513 [main] DEBUG com.rometools.modules.base.io.GoogleBaseParser - Property: interface doesn't have a tag mapping.
23:44:17.513 [main] DEBUG com.rometools.modules.base.io.GoogleBaseParser - Property: uri doesn't have a tag mapping.
23:44:17.513 [main] DEBUG com.rometools.modules.base.io.GoogleBaseParser - Property: licenses doesn't have a tag mapping.
23:44:17.514 [main] DEBUG com.rometools.modules.base.io.GoogleBaseParser - Property: format doesn't have a tag mapping.
23:44:17.514 [main] DEBUG com.rometools.modules.base.io.GoogleBaseParser - Property: expirationDateTime doesn't have a tag mapping.
23:44:17.514 [main] DEBUG com.rometools.modules.base.io.GoogleBaseParser - Property: interface doesn't have a tag mapping.
23:44:17.514 [main] DEBUG com.rometools.modules.base.io.GoogleBaseParser - Property: uri doesn't have a tag mapping.
23:44:17.514 [main] DEBUG com.rometools.modules.base.io.GoogleBaseParser - Property: licenses doesn't have a tag mapping.
23:44:17.528 [main] DEBUG com.rometools.modules.base.io.GoogleBaseParser - Property: format doesn't have a tag mapping.
23:44:17.528 [main] DEBUG com.rometools.modules.base.io.GoogleBaseParser - Property: expirationDateTime doesn't have a tag mapping.
23:44:17.528 [main] DEBUG com.rometools.modules.base.io.GoogleBaseParser - Property: interface doesn't have a tag mapping.
23:44:17.528 [main] DEBUG com.rometools.modules.base.io.GoogleBaseParser - Property: uri doesn't have a tag mapping.
23:44:17.528 [main] DEBUG com.rometools.modules.base.io.GoogleBaseParser - Property: licenses doesn't have a tag mapping.
23:44:17.529 [main] DEBUG com.rometools.modules.base.io.GoogleBaseParser - Property: format doesn't have a tag mapping.
23:44:17.529 [main] DEBUG com.rometools.modules.base.io.GoogleBaseParser - Property: expirationDateTime doesn't have a tag mapping.
23:44:17.529 [main] DEBUG com.rometools.modules.base.io.GoogleBaseParser - Property: interface doesn't have a tag mapping.
23:44:17.529 [main] DEBUG com.rometools.modules.base.io.GoogleBaseParser - Property: uri doesn't have a tag mapping.
23:44:17.529 [main] DEBUG com.rometools.modules.base.io.GoogleBaseParser - Property: licenses doesn't have a tag mapping.
23:44:17.530 [main] DEBUG com.rometools.modules.cc.io.CCModuleGeneratorTest - null
23:44:17.530 [main] DEBUG com.rometools.modules.cc.io.CCModuleGeneratorTest - null
23:44:17.530 [main] DEBUG com.rometools.modules.cc.io.CCModuleGeneratorTest - custom-tags-example.xml
23:44:17.537 [main] DEBUG com.rometools.modules.base.io.GoogleBaseParser - Property: format doesn't have a tag mapping.
23:44:17.537 [main] DEBUG com.rometools.modules.base.io.GoogleBaseParser - Property: expirationDateTime doesn't have a tag mapping.
23:44:17.537 [main] DEBUG com.rometools.modules.base.io.GoogleBaseParser - Property: interface doesn't have a tag mapping.
23:44:17.537 [main] DEBUG com.rometools.modules.base.io.GoogleBaseParser - Property: uri doesn't have a tag mapping.
23:44:17.537 [main] DEBUG com.rometools.modules.base.io.GoogleBaseParser - Property: licenses doesn't have a tag mapping.
23:44:17.557 [main] DEBUG com.rometools.modules.base.io.GoogleBaseParser - Property: format doesn't have a tag mapping.
23:44:17.557 [main] DEBUG com.rometools.modules.base.io.GoogleBaseParser - Property: expirationDateTime doesn't have a tag mapping.
23:44:17.557 [main] DEBUG com.rometools.modules.base.io.GoogleBaseParser - Property: interface doesn't have a tag mapping.
23:44:17.557 [main] DEBUG com.rometools.modules.base.io.GoogleBaseParser - Property: uri doesn't have a tag mapping.
23:44:17.557 [main] DEBUG com.rometools.modules.base.io.GoogleBaseParser - Property: licenses doesn't have a tag mapping.
23:44:17.562 [main] DEBUG com.rometools.modules.cc.io.CCModuleGeneratorTest - null
23:44:17.562 [main] DEBUG com.rometools.modules.cc.io.CCModuleGeneratorTest - events-atom.xml
23:44:17.599 [main] DEBUG com.rometools.modules.base.io.GoogleBaseParser - Property: format doesn't have a tag mapping.
23:44:17.599 [main] DEBUG com.rometools.modules.base.io.GoogleBaseParser - Property: expirationDateTime doesn't have a tag mapping.
23:44:17.599 [main] DEBUG com.rometools.modules.base.io.GoogleBaseParser - Property: interface doesn't have a tag mapping.
23:44:17.599 [main] DEBUG com.rometools.modules.base.io.GoogleBaseParser - Property: uri doesn't have a tag mapping.
23:44:17.599 [main] DEBUG com.rometools.modules.base.io.GoogleBaseParser - Property: licenses doesn't have a tag mapping.
23:44:17.603 [main] DEBUG com.rometools.modules.base.io.GoogleBaseParser - Property: format doesn't have a tag mapping.
23:44:17.603 [main] DEBUG com.rometools.modules.base.io.GoogleBaseParser - Property: expirationDateTime doesn't have a tag mapping.
23:44:17.603 [main] DEBUG com.rometools.modules.base.io.GoogleBaseParser - Property: interface doesn't have a tag mapping.
23:44:17.603 [main] DEBUG com.rometools.modules.base.io.GoogleBaseParser - Property: uri doesn't have a tag mapping.
23:44:17.603 [main] DEBUG com.rometools.modules.base.io.GoogleBaseParser - Property: licenses doesn't have a tag mapping.
23:44:17.667 [main] DEBUG com.rometools.modules.base.io.GoogleBaseParser - Property: format doesn't have a tag mapping.
23:44:17.667 [main] DEBUG com.rometools.modules.base.io.GoogleBaseParser - Property: expirationDateTime doesn't have a tag mapping.
23:44:17.667 [main] DEBUG com.rometools.modules.base.io.GoogleBaseParser - Property: interface doesn't have a tag mapping.
23:44:17.667 [main] DEBUG com.rometools.modules.base.io.GoogleBaseParser - Property: uri doesn't have a tag mapping.
23:44:17.667 [main] DEBUG com.rometools.modules.base.io.GoogleBaseParser - Property: licenses doesn't have a tag mapping.
23:44:17.668 [main] DEBUG com.rometools.modules.base.io.GoogleBaseParser - Property: format doesn't have a tag mapping.
23:44:17.668 [main] DEBUG com.rometools.modules.base.io.GoogleBaseParser - Property: expirationDateTime doesn't have a tag mapping.
23:44:17.668 [main] DEBUG com.rometools.modules.base.io.GoogleBaseParser - Property: interface doesn't have a tag mapping.
23:44:17.668 [main] DEBUG com.rometools.modules.base.io.GoogleBaseParser - Property: uri doesn't have a tag mapping.
23:44:17.668 [main] DEBUG com.rometools.modules.base.io.GoogleBaseParser - Property: licenses doesn't have a tag mapping.
23:44:17.672 [main] DEBUG com.rometools.modules.cc.io.CCModuleGeneratorTest - null
23:44:17.672 [main] DEBUG com.rometools.modules.cc.io.CCModuleGeneratorTest - null
23:44:17.672 [main] DEBUG com.rometools.modules.cc.io.CCModuleGeneratorTest - events2.xml
23:44:17.675 [main] DEBUG com.rometools.modules.base.io.GoogleBaseParser - Property: format doesn't have a tag mapping.
23:44:17.675 [main] DEBUG com.rometools.modules.base.io.GoogleBaseParser - Property: expirationDateTime doesn't have a tag mapping.
23:44:17.675 [main] DEBUG com.rometools.modules.base.io.GoogleBaseParser - Property: interface doesn't have a tag mapping.
23:44:17.675 [main] DEBUG com.rometools.modules.base.io.GoogleBaseParser - Property: uri doesn't have a tag mapping.
23:44:17.675 [main] DEBUG com.rometools.modules.base.io.GoogleBaseParser - Property: licenses doesn't have a tag mapping.
23:44:17.676 [main] DEBUG com.rometools.modules.base.io.GoogleBaseParser - Property: format doesn't have a tag mapping.
23:44:17.676 [main] DEBUG com.rometools.modules.base.io.GoogleBaseParser - Property: expirationDateTime doesn't have a tag mapping.
23:44:17.676 [main] DEBUG com.rometools.modules.base.io.GoogleBaseParser - Property: interface doesn't have a tag mapping.
23:44:17.676 [main] DEBUG com.rometools.modules.base.io.GoogleBaseParser - Property: uri doesn't have a tag mapping.
23:44:17.676 [main] DEBUG com.rometools.modules.base.io.GoogleBaseParser - Property: licenses doesn't have a tag mapping.
23:44:17.686 [main] DEBUG com.rometools.modules.base.io.GoogleBaseParser - Property: format doesn't have a tag mapping.
23:44:17.686 [main] DEBUG com.rometools.modules.base.io.GoogleBaseParser - Property: expirationDateTime doesn't have a tag mapping.
23:44:17.686 [main] DEBUG com.rometools.modules.base.io.GoogleBaseParser - Property: interface doesn't have a tag mapping.
23:44:17.686 [main] DEBUG com.rometools.modules.base.io.GoogleBaseParser - Property: uri doesn't have a tag mapping.
23:44:17.686 [main] DEBUG com.rometools.modules.base.io.GoogleBaseParser - Property: licenses doesn't have a tag mapping.
23:44:17.687 [main] DEBUG com.rometools.modules.base.io.GoogleBaseParser - Property: format doesn't have a tag mapping.
23:44:17.687 [main] DEBUG com.rometools.modules.base.io.GoogleBaseParser - Property: expirationDateTime doesn't have a tag mapping.
23:44:17.687 [main] DEBUG com.rometools.modules.base.io.GoogleBaseParser - Property: interface doesn't have a tag mapping.
23:44:17.687 [main] DEBUG com.rometools.modules.base.io.GoogleBaseParser - Property: uri doesn't have a tag mapping.
23:44:17.687 [main] DEBUG com.rometools.modules.base.io.GoogleBaseParser - Property: licenses doesn't have a tag mapping.
23:44:17.688 [main] DEBUG com.rometools.modules.cc.io.CCModuleGeneratorTest - null
23:44:17.689 [main] DEBUG com.rometools.modules.cc.io.CCModuleGeneratorTest - null
23:44:17.689 [main] DEBUG com.rometools.modules.cc.io.CCModuleGeneratorTest - housing-atom.xml
23:44:17.696 [main] DEBUG com.rometools.modules.base.io.GoogleBaseParser - Property: format doesn't have a tag mapping.
23:44:17.696 [main] DEBUG com.rometools.modules.base.io.GoogleBaseParser - Property: expirationDateTime doesn't have a tag mapping.
23:44:17.697 [main] DEBUG com.rometools.modules.base.io.GoogleBaseParser - Property: interface doesn't have a tag mapping.
23:44:17.697 [main] DEBUG com.rometools.modules.base.io.GoogleBaseParser - Property: uri doesn't have a tag mapping.
23:44:17.697 [main] DEBUG com.rometools.modules.base.io.GoogleBaseParser - Property: licenses doesn't have a tag mapping.
23:44:17.701 [main] DEBUG com.rometools.modules.base.io.GoogleBaseParser - Property: format doesn't have a tag mapping.
23:44:17.701 [main] DEBUG com.rometools.modules.base.io.GoogleBaseParser - Property: expirationDateTime doesn't have a tag mapping.
23:44:17.701 [main] DEBUG com.rometools.modules.base.io.GoogleBaseParser - Property: interface doesn't have a tag mapping.
23:44:17.701 [main] DEBUG com.rometools.modules.base.io.GoogleBaseParser - Property: uri doesn't have a tag mapping.
23:44:17.701 [main] DEBUG com.rometools.modules.base.io.GoogleBaseParser - Property: licenses doesn't have a tag mapping.
23:44:17.711 [main] DEBUG com.rometools.modules.base.io.GoogleBaseParser - Property: format doesn't have a tag mapping.
23:44:17.711 [main] DEBUG com.rometools.modules.base.io.GoogleBaseParser - Property: expirationDateTime doesn't have a tag mapping.
23:44:17.711 [main] DEBUG com.rometools.modules.base.io.GoogleBaseParser - Property: interface doesn't have a tag mapping.
23:44:17.711 [main] DEBUG com.rometools.modules.base.io.GoogleBaseParser - Property: uri doesn't have a tag mapping.
23:44:17.711 [main] DEBUG com.rometools.modules.base.io.GoogleBaseParser - Property: licenses doesn't have a tag mapping.
23:44:17.713 [main] DEBUG com.rometools.modules.base.io.GoogleBaseParser - Property: format doesn't have a tag mapping.
23:44:17.713 [main] DEBUG com.rometools.modules.base.io.GoogleBaseParser - Property: expirationDateTime doesn't have a tag mapping.
23:44:17.713 [main] DEBUG com.rometools.modules.base.io.GoogleBaseParser - Property: interface doesn't have a tag mapping.
23:44:17.713 [main] DEBUG com.rometools.modules.base.io.GoogleBaseParser - Property: uri doesn't have a tag mapping.
23:44:17.713 [main] DEBUG com.rometools.modules.base.io.GoogleBaseParser - Property: licenses doesn't have a tag mapping.
23:44:17.715 [main] DEBUG com.rometools.modules.cc.io.CCModuleGeneratorTest - null
23:44:17.716 [main] DEBUG com.rometools.modules.cc.io.CCModuleGeneratorTest - null
23:44:17.716 [main] DEBUG com.rometools.modules.cc.io.CCModuleGeneratorTest - housing2.xml
23:44:17.719 [main] DEBUG com.rometools.modules.base.io.GoogleBaseParser - Property: format doesn't have a tag mapping.
23:44:17.719 [main] DEBUG com.rometools.modules.base.io.GoogleBaseParser - Property: expirationDateTime doesn't have a tag mapping.
23:44:17.719 [main] DEBUG com.rometools.modules.base.io.GoogleBaseParser - Property: interface doesn't have a tag mapping.
23:44:17.719 [main] DEBUG com.rometools.modules.base.io.GoogleBaseParser - Property: uri doesn't have a tag mapping.
23:44:17.719 [main] DEBUG com.rometools.modules.base.io.GoogleBaseParser - Property: licenses doesn't have a tag mapping.
23:44:17.720 [main] DEBUG com.rometools.modules.base.io.GoogleBaseParser - Property: format doesn't have a tag mapping.
23:44:17.720 [main] DEBUG com.rometools.modules.base.io.GoogleBaseParser - Property: expirationDateTime doesn't have a tag mapping.
23:44:17.720 [main] DEBUG com.rometools.modules.base.io.GoogleBaseParser - Property: interface doesn't have a tag mapping.
23:44:17.720 [main] DEBUG com.rometools.modules.base.io.GoogleBaseParser - Property: uri doesn't have a tag mapping.
23:44:17.720 [main] DEBUG com.rometools.modules.base.io.GoogleBaseParser - Property: licenses doesn't have a tag mapping.
23:44:17.734 [main] DEBUG com.rometools.modules.base.io.GoogleBaseParser - Property: format doesn't have a tag mapping.
23:44:17.734 [main] DEBUG com.rometools.modules.base.io.GoogleBaseParser - Property: expirationDateTime doesn't have a tag mapping.
23:44:17.734 [main] DEBUG com.rometools.modules.base.io.GoogleBaseParser - Property: interface doesn't have a tag mapping.
23:44:17.734 [main] DEBUG com.rometools.modules.base.io.GoogleBaseParser - Property: uri doesn't have a tag mapping.
23:44:17.734 [main] DEBUG com.rometools.modules.base.io.GoogleBaseParser - Property: licenses doesn't have a tag mapping.
23:44:17.735 [main] DEBUG com.rometools.modules.base.io.GoogleBaseParser - Property: format doesn't have a tag mapping.
23:44:17.735 [main] DEBUG com.rometools.modules.base.io.GoogleBaseParser - Property: expirationDateTime doesn't have a tag mapping.
23:44:17.735 [main] DEBUG com.rometools.modules.base.io.GoogleBaseParser - Property: interface doesn't have a tag mapping.
23:44:17.735 [main] DEBUG com.rometools.modules.base.io.GoogleBaseParser - Property: uri doesn't have a tag mapping.
23:44:17.735 [main] DEBUG com.rometools.modules.base.io.GoogleBaseParser - Property: licenses doesn't have a tag mapping.
23:44:17.736 [main] DEBUG com.rometools.modules.cc.io.CCModuleGeneratorTest - null
23:44:17.736 [main] DEBUG com.rometools.modules.cc.io.CCModuleGeneratorTest - null
23:44:17.736 [main] DEBUG com.rometools.modules.cc.io.CCModuleGeneratorTest - jobs-atom.xml
23:44:17.744 [main] DEBUG com.rometools.modules.base.io.GoogleBaseParser - Property: format doesn't have a tag mapping.
23:44:17.744 [main] DEBUG com.rometools.modules.base.io.GoogleBaseParser - Property: expirationDateTime doesn't have a tag mapping.
23:44:17.744 [main] DEBUG com.rometools.modules.base.io.GoogleBaseParser - Property: interface doesn't have a tag mapping.
23:44:17.744 [main] DEBUG com.rometools.modules.base.io.GoogleBaseParser - Property: uri doesn't have a tag mapping.
23:44:17.744 [main] DEBUG com.rometools.modules.base.io.GoogleBaseParser - Property: licenses doesn't have a tag mapping.
23:44:17.747 [main] DEBUG com.rometools.modules.base.io.GoogleBaseParser - Property: format doesn't have a tag mapping.
23:44:17.747 [main] DEBUG com.rometools.modules.base.io.GoogleBaseParser - Property: expirationDateTime doesn't have a tag mapping.
23:44:17.747 [main] DEBUG com.rometools.modules.base.io.GoogleBaseParser - Property: interface doesn't have a tag mapping.
23:44:17.747 [main] DEBUG com.rometools.modules.base.io.GoogleBaseParser - Property: uri doesn't have a tag mapping.
23:44:17.747 [main] DEBUG com.rometools.modules.base.io.GoogleBaseParser - Property: licenses doesn't have a tag mapping.
23:44:17.758 [main] DEBUG com.rometools.modules.base.io.GoogleBaseParser - Property: format doesn't have a tag mapping.
23:44:17.758 [main] DEBUG com.rometools.modules.base.io.GoogleBaseParser - Property: expirationDateTime doesn't have a tag mapping.
23:44:17.758 [main] DEBUG com.rometools.modules.base.io.GoogleBaseParser - Property: interface doesn't have a tag mapping.
23:44:17.758 [main] DEBUG com.rometools.modules.base.io.GoogleBaseParser - Property: uri doesn't have a tag mapping.
23:44:17.758 [main] DEBUG com.rometools.modules.base.io.GoogleBaseParser - Property: licenses doesn't have a tag mapping.
23:44:17.760 [main] DEBUG com.rometools.modules.base.io.GoogleBaseParser - Property: format doesn't have a tag mapping.
23:44:17.760 [main] DEBUG com.rometools.modules.base.io.GoogleBaseParser - Property: expirationDateTime doesn't have a tag mapping.
23:44:17.760 [main] DEBUG com.rometools.modules.base.io.GoogleBaseParser - Property: interface doesn't have a tag mapping.
23:44:17.760 [main] DEBUG com.rometools.modules.base.io.GoogleBaseParser - Property: uri doesn't have a tag mapping.
23:44:17.761 [main] DEBUG com.rometools.modules.base.io.GoogleBaseParser - Property: licenses doesn't have a tag mapping.
23:44:17.763 [main] DEBUG com.rometools.modules.cc.io.CCModuleGeneratorTest - null
23:44:17.763 [main] DEBUG com.rometools.modules.cc.io.CCModuleGeneratorTest - null
23:44:17.763 [main] DEBUG com.rometools.modules.cc.io.CCModuleGeneratorTest - jobs2.xml
23:44:17.767 [main] DEBUG com.rometools.modules.base.io.GoogleBaseParser - Property: format doesn't have a tag mapping.
23:44:17.767 [main] DEBUG com.rometools.modules.base.io.GoogleBaseParser - Property: expirationDateTime doesn't have a tag mapping.
23:44:17.767 [main] DEBUG com.rometools.modules.base.io.GoogleBaseParser - Property: interface doesn't have a tag mapping.
23:44:17.767 [main] DEBUG com.rometools.modules.base.io.GoogleBaseParser - Property: uri doesn't have a tag mapping.
23:44:17.767 [main] DEBUG com.rometools.modules.base.io.GoogleBaseParser - Property: licenses doesn't have a tag mapping.
23:44:17.768 [main] DEBUG com.rometools.modules.base.io.GoogleBaseParser - Property: format doesn't have a tag mapping.
23:44:17.768 [main] DEBUG com.rometools.modules.base.io.GoogleBaseParser - Property: expirationDateTime doesn't have a tag mapping.
23:44:17.768 [main] DEBUG com.rometools.modules.base.io.GoogleBaseParser - Property: interface doesn't have a tag mapping.
23:44:17.768 [main] DEBUG com.rometools.modules.base.io.GoogleBaseParser - Property: uri doesn't have a tag mapping.
23:44:17.768 [main] DEBUG com.rometools.modules.base.io.GoogleBaseParser - Property: licenses doesn't have a tag mapping.
23:44:17.782 [main] DEBUG com.rometools.modules.base.io.GoogleBaseParser - Property: format doesn't have a tag mapping.
23:44:17.782 [main] DEBUG com.rometools.modules.base.io.GoogleBaseParser - Property: expirationDateTime doesn't have a tag mapping.
23:44:17.782 [main] DEBUG com.rometools.modules.base.io.GoogleBaseParser - Property: interface doesn't have a tag mapping.
23:44:17.782 [main] DEBUG com.rometools.modules.base.io.GoogleBaseParser - Property: uri doesn't have a tag mapping.
23:44:17.782 [main] DEBUG com.rometools.modules.base.io.GoogleBaseParser - Property: licenses doesn't have a tag mapping.
23:44:17.783 [main] DEBUG com.rometools.modules.base.io.GoogleBaseParser - Property: format doesn't have a tag mapping.
23:44:17.783 [main] DEBUG com.rometools.modules.base.io.GoogleBaseParser - Property: expirationDateTime doesn't have a tag mapping.
23:44:17.783 [main] DEBUG com.rometools.modules.base.io.GoogleBaseParser - Property: interface doesn't have a tag mapping.
23:44:17.784 [main] DEBUG com.rometools.modules.base.io.GoogleBaseParser - Property: uri doesn't have a tag mapping.
23:44:17.784 [main] DEBUG com.rometools.modules.base.io.GoogleBaseParser - Property: licenses doesn't have a tag mapping.
23:44:17.802 [main] DEBUG com.rometools.modules.cc.io.CCModuleGeneratorTest - null
23:44:17.803 [main] DEBUG com.rometools.modules.cc.io.CCModuleGeneratorTest - null
23:44:17.803 [main] DEBUG com.rometools.modules.cc.io.CCModuleGeneratorTest - leshow.xml
23:44:17.829 [main] DEBUG com.rometools.modules.cc.io.CCModuleGeneratorTest - null
23:44:17.829 [main] DEBUG com.rometools.modules.cc.io.CCModuleGeneratorTest - null
23:44:17.829 [main] DEBUG com.rometools.modules.cc.io.CCModuleGeneratorTest - null
23:44:17.829 [main] DEBUG com.rometools.modules.cc.io.CCModuleGeneratorTest - null
23:44:17.829 [main] DEBUG com.rometools.modules.cc.io.CCModuleGeneratorTest - lr.xml
23:44:17.834 [main] WARN  com.rometools.modules.itunes.io.ITunesParser - Malformed URL Exception reading itunes:image tag: 
23:44:17.866 [main] WARN  com.rometools.modules.itunes.io.ITunesParser - Malformed URL Exception reading itunes:image tag: 
23:44:17.866 [main] WARN  com.rometools.modules.itunes.io.ITunesParser - Malformed URL Exception reading itunes:image tag: 
23:44:17.867 [main] WARN  com.rometools.modules.itunes.io.ITunesParser - Failed to parse duration: 
23:44:17.868 [main] WARN  com.rometools.modules.itunes.io.ITunesParser - Failed to parse duration: 
23:44:17.869 [main] WARN  com.rometools.modules.itunes.io.ITunesParser - Failed to parse duration: 
23:44:17.871 [main] WARN  com.rometools.modules.itunes.io.ITunesParser - Failed to parse duration: 
23:44:17.872 [main] WARN  com.rometools.modules.itunes.io.ITunesParser - Failed to parse duration: 
23:44:17.873 [main] WARN  com.rometools.modules.itunes.io.ITunesParser - Failed to parse duration: 
23:44:17.874 [main] WARN  com.rometools.modules.itunes.io.ITunesParser - Failed to parse duration: 
23:44:17.875 [main] WARN  com.rometools.modules.itunes.io.ITunesParser - Failed to parse duration: 
23:44:17.906 [main] DEBUG com.rometools.modules.cc.io.CCModuleGeneratorTest - null
23:44:17.906 [main] DEBUG com.rometools.modules.cc.io.CCModuleGeneratorTest - null
23:44:17.906 [main] DEBUG com.rometools.modules.cc.io.CCModuleGeneratorTest - null
23:44:17.906 [main] DEBUG com.rometools.modules.cc.io.CCModuleGeneratorTest - null
23:44:17.907 [main] DEBUG com.rometools.modules.cc.io.CCModuleGeneratorTest - null
23:44:17.907 [main] DEBUG com.rometools.modules.cc.io.CCModuleGeneratorTest - null
23:44:17.907 [main] DEBUG com.rometools.modules.cc.io.CCModuleGeneratorTest - null
23:44:17.907 [main] DEBUG com.rometools.modules.cc.io.CCModuleGeneratorTest - null
23:44:17.907 [main] DEBUG com.rometools.modules.cc.io.CCModuleGeneratorTest - null
23:44:17.907 [main] DEBUG com.rometools.modules.cc.io.CCModuleGeneratorTest - news-atom.xml
23:44:17.915 [main] DEBUG com.rometools.modules.base.io.GoogleBaseParser - Property: format doesn't have a tag mapping.
23:44:17.915 [main] DEBUG com.rometools.modules.base.io.GoogleBaseParser - Property: expirationDateTime doesn't have a tag mapping.
23:44:17.915 [main] DEBUG com.rometools.modules.base.io.GoogleBaseParser - Property: interface doesn't have a tag mapping.
23:44:17.916 [main] DEBUG com.rometools.modules.base.io.GoogleBaseParser - Property: uri doesn't have a tag mapping.
23:44:17.916 [main] DEBUG com.rometools.modules.base.io.GoogleBaseParser - Property: licenses doesn't have a tag mapping.
23:44:17.919 [main] DEBUG com.rometools.modules.base.io.GoogleBaseParser - Property: format doesn't have a tag mapping.
23:44:17.919 [main] DEBUG com.rometools.modules.base.io.GoogleBaseParser - Property: expirationDateTime doesn't have a tag mapping.
23:44:17.919 [main] DEBUG com.rometools.modules.base.io.GoogleBaseParser - Property: interface doesn't have a tag mapping.
23:44:17.919 [main] DEBUG com.rometools.modules.base.io.GoogleBaseParser - Property: uri doesn't have a tag mapping.
23:44:17.919 [main] DEBUG com.rometools.modules.base.io.GoogleBaseParser - Property: licenses doesn't have a tag mapping.
23:44:17.933 [main] DEBUG com.rometools.modules.base.io.GoogleBaseParser - Property: format doesn't have a tag mapping.
23:44:17.933 [main] DEBUG com.rometools.modules.base.io.GoogleBaseParser - Property: expirationDateTime doesn't have a tag mapping.
23:44:17.933 [main] DEBUG com.rometools.modules.base.io.GoogleBaseParser - Property: interface doesn't have a tag mapping.
23:44:17.933 [main] DEBUG com.rometools.modules.base.io.GoogleBaseParser - Property: uri doesn't have a tag mapping.
23:44:17.933 [main] DEBUG com.rometools.modules.base.io.GoogleBaseParser - Property: licenses doesn't have a tag mapping.
23:44:17.934 [main] DEBUG com.rometools.modules.base.io.GoogleBaseParser - Property: format doesn't have a tag mapping.
23:44:17.934 [main] DEBUG com.rometools.modules.base.io.GoogleBaseParser - Property: expirationDateTime doesn't have a tag mapping.
23:44:17.934 [main] DEBUG com.rometools.modules.base.io.GoogleBaseParser - Property: interface doesn't have a tag mapping.
23:44:17.934 [main] DEBUG com.rometools.modules.base.io.GoogleBaseParser - Property: uri doesn't have a tag mapping.
23:44:17.934 [main] DEBUG com.rometools.modules.base.io.GoogleBaseParser - Property: licenses doesn't have a tag mapping.
23:44:17.936 [main] DEBUG com.rometools.modules.cc.io.CCModuleGeneratorTest - null
23:44:17.936 [main] DEBUG com.rometools.modules.cc.io.CCModuleGeneratorTest - null
23:44:17.936 [main] DEBUG com.rometools.modules.cc.io.CCModuleGeneratorTest - news2.xml
23:44:17.940 [main] DEBUG com.rometools.modules.base.io.GoogleBaseParser - Property: format doesn't have a tag mapping.
23:44:17.940 [main] DEBUG com.rometools.modules.base.io.GoogleBaseParser - Property: expirationDateTime doesn't have a tag mapping.
23:44:17.940 [main] DEBUG com.rometools.modules.base.io.GoogleBaseParser - Property: interface doesn't have a tag mapping.
23:44:17.940 [main] DEBUG com.rometools.modules.base.io.GoogleBaseParser - Property: uri doesn't have a tag mapping.
23:44:17.940 [main] DEBUG com.rometools.modules.base.io.GoogleBaseParser - Property: licenses doesn't have a tag mapping.
23:44:17.940 [main] DEBUG com.rometools.modules.base.io.GoogleBaseParser - Property: format doesn't have a tag mapping.
23:44:17.940 [main] DEBUG com.rometools.modules.base.io.GoogleBaseParser - Property: expirationDateTime doesn't have a tag mapping.
23:44:17.940 [main] DEBUG com.rometools.modules.base.io.GoogleBaseParser - Property: interface doesn't have a tag mapping.
23:44:17.940 [main] DEBUG com.rometools.modules.base.io.GoogleBaseParser - Property: uri doesn't have a tag mapping.
23:44:17.941 [main] DEBUG com.rometools.modules.base.io.GoogleBaseParser - Property: licenses doesn't have a tag mapping.
23:44:17.970 [main] DEBUG com.rometools.modules.base.io.GoogleBaseParser - Property: format doesn't have a tag mapping.
23:44:17.970 [main] DEBUG com.rometools.modules.base.io.GoogleBaseParser - Property: expirationDateTime doesn't have a tag mapping.
23:44:17.970 [main] DEBUG com.rometools.modules.base.io.GoogleBaseParser - Property: interface doesn't have a tag mapping.
23:44:17.970 [main] DEBUG com.rometools.modules.base.io.GoogleBaseParser - Property: uri doesn't have a tag mapping.
23:44:17.970 [main] DEBUG com.rometools.modules.base.io.GoogleBaseParser - Property: licenses doesn't have a tag mapping.
23:44:17.971 [main] DEBUG com.rometools.modules.base.io.GoogleBaseParser - Property: format doesn't have a tag mapping.
23:44:17.971 [main] DEBUG com.rometools.modules.base.io.GoogleBaseParser - Property: expirationDateTime doesn't have a tag mapping.
23:44:17.971 [main] DEBUG com.rometools.modules.base.io.GoogleBaseParser - Property: interface doesn't have a tag mapping.
23:44:17.971 [main] DEBUG com.rometools.modules.base.io.GoogleBaseParser - Property: uri doesn't have a tag mapping.
23:44:17.971 [main] DEBUG com.rometools.modules.base.io.GoogleBaseParser - Property: licenses doesn't have a tag mapping.
23:44:17.972 [main] DEBUG com.rometools.modules.cc.io.CCModuleGeneratorTest - null
23:44:17.972 [main] DEBUG com.rometools.modules.cc.io.CCModuleGeneratorTest - null
23:44:17.972 [main] DEBUG com.rometools.modules.cc.io.CCModuleGeneratorTest - personals-atom.xml
23:44:17.981 [main] DEBUG com.rometools.modules.base.io.GoogleBaseParser - Property: format doesn't have a tag mapping.
23:44:17.982 [main] DEBUG com.rometools.modules.base.io.GoogleBaseParser - Property: expirationDateTime doesn't have a tag mapping.
23:44:17.982 [main] DEBUG com.rometools.modules.base.io.GoogleBaseParser - Property: interface doesn't have a tag mapping.
23:44:17.982 [main] DEBUG com.rometools.modules.base.io.GoogleBaseParser - Property: uri doesn't have a tag mapping.
23:44:17.982 [main] DEBUG com.rometools.modules.base.io.GoogleBaseParser - Property: licenses doesn't have a tag mapping.
23:44:17.986 [main] DEBUG com.rometools.modules.base.io.GoogleBaseParser - Property: format doesn't have a tag mapping.
23:44:17.986 [main] DEBUG com.rometools.modules.base.io.GoogleBaseParser - Property: expirationDateTime doesn't have a tag mapping.
23:44:17.986 [main] DEBUG com.rometools.modules.base.io.GoogleBaseParser - Property: interface doesn't have a tag mapping.
23:44:17.987 [main] DEBUG com.rometools.modules.base.io.GoogleBaseParser - Property: uri doesn't have a tag mapping.
23:44:17.987 [main] DEBUG com.rometools.modules.base.io.GoogleBaseParser - Property: licenses doesn't have a tag mapping.
23:44:18.004 [main] DEBUG com.rometools.modules.base.io.GoogleBaseParser - Property: format doesn't have a tag mapping.
23:44:18.004 [main] DEBUG com.rometools.modules.base.io.GoogleBaseParser - Property: expirationDateTime doesn't have a tag mapping.
23:44:18.004 [main] DEBUG com.rometools.modules.base.io.GoogleBaseParser - Property: interface doesn't have a tag mapping.
23:44:18.004 [main] DEBUG com.rometools.modules.base.io.GoogleBaseParser - Property: uri doesn't have a tag mapping.
23:44:18.004 [main] DEBUG com.rometools.modules.base.io.GoogleBaseParser - Property: licenses doesn't have a tag mapping.
23:44:18.005 [main] DEBUG com.rometools.modules.base.io.GoogleBaseParser - Property: format doesn't have a tag mapping.
23:44:18.005 [main] DEBUG com.rometools.modules.base.io.GoogleBaseParser - Property: expirationDateTime doesn't have a tag mapping.
23:44:18.005 [main] DEBUG com.rometools.modules.base.io.GoogleBaseParser - Property: interface doesn't have a tag mapping.
23:44:18.005 [main] DEBUG com.rometools.modules.base.io.GoogleBaseParser - Property: uri doesn't have a tag mapping.
23:44:18.005 [main] DEBUG com.rometools.modules.base.io.GoogleBaseParser - Property: licenses doesn't have a tag mapping.
23:44:18.039 [main] DEBUG com.rometools.modules.cc.io.CCModuleGeneratorTest - null
23:44:18.039 [main] DEBUG com.rometools.modules.cc.io.CCModuleGeneratorTest - null
23:44:18.039 [main] DEBUG com.rometools.modules.cc.io.CCModuleGeneratorTest - personals2.xml
23:44:18.042 [main] DEBUG com.rometools.modules.base.io.GoogleBaseParser - Property: format doesn't have a tag mapping.
23:44:18.042 [main] DEBUG com.rometools.modules.base.io.GoogleBaseParser - Property: expirationDateTime doesn't have a tag mapping.
23:44:18.042 [main] DEBUG com.rometools.modules.base.io.GoogleBaseParser - Property: interface doesn't have a tag mapping.
23:44:18.042 [main] DEBUG com.rometools.modules.base.io.GoogleBaseParser - Property: uri doesn't have a tag mapping.
23:44:18.042 [main] DEBUG com.rometools.modules.base.io.GoogleBaseParser - Property: licenses doesn't have a tag mapping.
23:44:18.043 [main] DEBUG com.rometools.modules.base.io.GoogleBaseParser - Property: format doesn't have a tag mapping.
23:44:18.043 [main] DEBUG com.rometools.modules.base.io.GoogleBaseParser - Property: expirationDateTime doesn't have a tag mapping.
23:44:18.043 [main] DEBUG com.rometools.modules.base.io.GoogleBaseParser - Property: interface doesn't have a tag mapping.
23:44:18.043 [main] DEBUG com.rometools.modules.base.io.GoogleBaseParser - Property: uri doesn't have a tag mapping.
23:44:18.043 [main] DEBUG com.rometools.modules.base.io.GoogleBaseParser - Property: licenses doesn't have a tag mapping.
23:44:18.100 [main] DEBUG com.rometools.modules.base.io.GoogleBaseParser - Property: format doesn't have a tag mapping.
23:44:18.100 [main] DEBUG com.rometools.modules.base.io.GoogleBaseParser - Property: expirationDateTime doesn't have a tag mapping.
23:44:18.100 [main] DEBUG com.rometools.modules.base.io.GoogleBaseParser - Property: interface doesn't have a tag mapping.
23:44:18.100 [main] DEBUG com.rometools.modules.base.io.GoogleBaseParser - Property: uri doesn't have a tag mapping.
23:44:18.100 [main] DEBUG com.rometools.modules.base.io.GoogleBaseParser - Property: licenses doesn't have a tag mapping.
23:44:18.101 [main] DEBUG com.rometools.modules.base.io.GoogleBaseParser - Property: format doesn't have a tag mapping.
23:44:18.101 [main] DEBUG com.rometools.modules.base.io.GoogleBaseParser - Property: expirationDateTime doesn't have a tag mapping.
23:44:18.101 [main] DEBUG com.rometools.modules.base.io.GoogleBaseParser - Property: interface doesn't have a tag mapping.
23:44:18.101 [main] DEBUG com.rometools.modules.base.io.GoogleBaseParser - Property: uri doesn't have a tag mapping.
23:44:18.101 [main] DEBUG com.rometools.modules.base.io.GoogleBaseParser - Property: licenses doesn't have a tag mapping.
23:44:18.102 [main] DEBUG com.rometools.modules.cc.io.CCModuleGeneratorTest - null
23:44:18.102 [main] DEBUG com.rometools.modules.cc.io.CCModuleGeneratorTest - null
23:44:18.102 [main] DEBUG com.rometools.modules.cc.io.CCModuleGeneratorTest - products-atom.xml
23:44:18.114 [main] DEBUG com.rometools.modules.base.io.GoogleBaseParser - Property: format doesn't have a tag mapping.
23:44:18.114 [main] DEBUG com.rometools.modules.base.io.GoogleBaseParser - Property: expirationDateTime doesn't have a tag mapping.
23:44:18.114 [main] DEBUG com.rometools.modules.base.io.GoogleBaseParser - Property: interface doesn't have a tag mapping.
23:44:18.114 [main] DEBUG com.rometools.modules.base.io.GoogleBaseParser - Property: uri doesn't have a tag mapping.
23:44:18.114 [main] DEBUG com.rometools.modules.base.io.GoogleBaseParser - Property: licenses doesn't have a tag mapping.
23:44:18.121 [main] DEBUG com.rometools.modules.base.io.GoogleBaseParser - Property: format doesn't have a tag mapping.
23:44:18.121 [main] DEBUG com.rometools.modules.base.io.GoogleBaseParser - Property: expirationDateTime doesn't have a tag mapping.
23:44:18.121 [main] DEBUG com.rometools.modules.base.io.GoogleBaseParser - Property: interface doesn't have a tag mapping.
23:44:18.121 [main] DEBUG com.rometools.modules.base.io.GoogleBaseParser - Property: uri doesn't have a tag mapping.
23:44:18.121 [main] DEBUG com.rometools.modules.base.io.GoogleBaseParser - Property: licenses doesn't have a tag mapping.
23:44:18.150 [main] DEBUG com.rometools.modules.base.io.GoogleBaseParser - Property: format doesn't have a tag mapping.
23:44:18.150 [main] DEBUG com.rometools.modules.base.io.GoogleBaseParser - Property: expirationDateTime doesn't have a tag mapping.
23:44:18.150 [main] DEBUG com.rometools.modules.base.io.GoogleBaseParser - Property: interface doesn't have a tag mapping.
23:44:18.150 [main] DEBUG com.rometools.modules.base.io.GoogleBaseParser - Property: uri doesn't have a tag mapping.
23:44:18.150 [main] DEBUG com.rometools.modules.base.io.GoogleBaseParser - Property: licenses doesn't have a tag mapping.
23:44:18.151 [main] DEBUG com.rometools.modules.base.io.GoogleBaseParser - Property: format doesn't have a tag mapping.
23:44:18.151 [main] DEBUG com.rometools.modules.base.io.GoogleBaseParser - Property: expirationDateTime doesn't have a tag mapping.
23:44:18.152 [main] DEBUG com.rometools.modules.base.io.GoogleBaseParser - Property: interface doesn't have a tag mapping.
23:44:18.152 [main] DEBUG com.rometools.modules.base.io.GoogleBaseParser - Property: uri doesn't have a tag mapping.
23:44:18.152 [main] DEBUG com.rometools.modules.base.io.GoogleBaseParser - Property: licenses doesn't have a tag mapping.
23:44:18.154 [main] DEBUG com.rometools.modules.cc.io.CCModuleGeneratorTest - null
23:44:18.155 [main] DEBUG com.rometools.modules.cc.io.CCModuleGeneratorTest - null
23:44:18.155 [main] DEBUG com.rometools.modules.cc.io.CCModuleGeneratorTest - products2.xml
23:44:18.158 [main] DEBUG com.rometools.modules.base.io.GoogleBaseParser - Property: format doesn't have a tag mapping.
23:44:18.158 [main] DEBUG com.rometools.modules.base.io.GoogleBaseParser - Property: expirationDateTime doesn't have a tag mapping.
23:44:18.158 [main] DEBUG com.rometools.modules.base.io.GoogleBaseParser - Property: interface doesn't have a tag mapping.
23:44:18.158 [main] DEBUG com.rometools.modules.base.io.GoogleBaseParser - Property: uri doesn't have a tag mapping.
23:44:18.158 [main] DEBUG com.rometools.modules.base.io.GoogleBaseParser - Property: licenses doesn't have a tag mapping.
23:44:18.159 [main] DEBUG com.rometools.modules.base.io.GoogleBaseParser - Property: format doesn't have a tag mapping.
23:44:18.160 [main] DEBUG com.rometools.modules.base.io.GoogleBaseParser - Property: expirationDateTime doesn't have a tag mapping.
23:44:18.160 [main] DEBUG com.rometools.modules.base.io.GoogleBaseParser - Property: interface doesn't have a tag mapping.
23:44:18.160 [main] DEBUG com.rometools.modules.base.io.GoogleBaseParser - Property: uri doesn't have a tag mapping.
23:44:18.160 [main] DEBUG com.rometools.modules.base.io.GoogleBaseParser - Property: licenses doesn't have a tag mapping.
23:44:18.177 [main] DEBUG com.rometools.modules.base.io.GoogleBaseParser - Property: format doesn't have a tag mapping.
23:44:18.177 [main] DEBUG com.rometools.modules.base.io.GoogleBaseParser - Property: expirationDateTime doesn't have a tag mapping.
23:44:18.177 [main] DEBUG com.rometools.modules.base.io.GoogleBaseParser - Property: interface doesn't have a tag mapping.
23:44:18.177 [main] DEBUG com.rometools.modules.base.io.GoogleBaseParser - Property: uri doesn't have a tag mapping.
23:44:18.177 [main] DEBUG com.rometools.modules.base.io.GoogleBaseParser - Property: licenses doesn't have a tag mapping.
23:44:18.178 [main] DEBUG com.rometools.modules.base.io.GoogleBaseParser - Property: format doesn't have a tag mapping.
23:44:18.178 [main] DEBUG com.rometools.modules.base.io.GoogleBaseParser - Property: expirationDateTime doesn't have a tag mapping.
23:44:18.178 [main] DEBUG com.rometools.modules.base.io.GoogleBaseParser - Property: interface doesn't have a tag mapping.
23:44:18.178 [main] DEBUG com.rometools.modules.base.io.GoogleBaseParser - Property: uri doesn't have a tag mapping.
23:44:18.178 [main] DEBUG com.rometools.modules.base.io.GoogleBaseParser - Property: licenses doesn't have a tag mapping.
23:44:18.179 [main] DEBUG com.rometools.modules.cc.io.CCModuleGeneratorTest - null
23:44:18.179 [main] DEBUG com.rometools.modules.cc.io.CCModuleGeneratorTest - null
23:44:18.179 [main] DEBUG com.rometools.modules.cc.io.CCModuleGeneratorTest - research-atom.xml
23:44:18.188 [main] DEBUG com.rometools.modules.base.io.GoogleBaseParser - Property: format doesn't have a tag mapping.
23:44:18.189 [main] DEBUG com.rometools.modules.base.io.GoogleBaseParser - Property: expirationDateTime doesn't have a tag mapping.
23:44:18.189 [main] DEBUG com.rometools.modules.base.io.GoogleBaseParser - Property: interface doesn't have a tag mapping.
23:44:18.189 [main] DEBUG com.rometools.modules.base.io.GoogleBaseParser - Property: uri doesn't have a tag mapping.
23:44:18.189 [main] DEBUG com.rometools.modules.base.io.GoogleBaseParser - Property: licenses doesn't have a tag mapping.
23:44:18.192 [main] DEBUG com.rometools.modules.base.io.GoogleBaseParser - Property: format doesn't have a tag mapping.
23:44:18.193 [main] DEBUG com.rometools.modules.base.io.GoogleBaseParser - Property: expirationDateTime doesn't have a tag mapping.
23:44:18.193 [main] DEBUG com.rometools.modules.base.io.GoogleBaseParser - Property: interface doesn't have a tag mapping.
23:44:18.193 [main] DEBUG com.rometools.modules.base.io.GoogleBaseParser - Property: uri doesn't have a tag mapping.
23:44:18.193 [main] DEBUG com.rometools.modules.base.io.GoogleBaseParser - Property: licenses doesn't have a tag mapping.
23:44:18.208 [main] DEBUG com.rometools.modules.base.io.GoogleBaseParser - Property: format doesn't have a tag mapping.
23:44:18.209 [main] DEBUG com.rometools.modules.base.io.GoogleBaseParser - Property: expirationDateTime doesn't have a tag mapping.
23:44:18.209 [main] DEBUG com.rometools.modules.base.io.GoogleBaseParser - Property: interface doesn't have a tag mapping.
23:44:18.209 [main] DEBUG com.rometools.modules.base.io.GoogleBaseParser - Property: uri doesn't have a tag mapping.
23:44:18.209 [main] DEBUG com.rometools.modules.base.io.GoogleBaseParser - Property: licenses doesn't have a tag mapping.
23:44:18.210 [main] DEBUG com.rometools.modules.base.io.GoogleBaseParser - Property: format doesn't have a tag mapping.
23:44:18.210 [main] DEBUG com.rometools.modules.base.io.GoogleBaseParser - Property: expirationDateTime doesn't have a tag mapping.
23:44:18.210 [main] DEBUG com.rometools.modules.base.io.GoogleBaseParser - Property: interface doesn't have a tag mapping.
23:44:18.210 [main] DEBUG com.rometools.modules.base.io.GoogleBaseParser - Property: uri doesn't have a tag mapping.
23:44:18.210 [main] DEBUG com.rometools.modules.base.io.GoogleBaseParser - Property: licenses doesn't have a tag mapping.
23:44:18.212 [main] DEBUG com.rometools.modules.cc.io.CCModuleGeneratorTest - null
23:44:18.212 [main] DEBUG com.rometools.modules.cc.io.CCModuleGeneratorTest - null
23:44:18.212 [main] DEBUG com.rometools.modules.cc.io.CCModuleGeneratorTest - research2.xml
23:44:18.215 [main] DEBUG com.rometools.modules.base.io.GoogleBaseParser - Property: format doesn't have a tag mapping.
23:44:18.215 [main] DEBUG com.rometools.modules.base.io.GoogleBaseParser - Property: expirationDateTime doesn't have a tag mapping.
23:44:18.215 [main] DEBUG com.rometools.modules.base.io.GoogleBaseParser - Property: interface doesn't have a tag mapping.
23:44:18.215 [main] DEBUG com.rometools.modules.base.io.GoogleBaseParser - Property: uri doesn't have a tag mapping.
23:44:18.215 [main] DEBUG com.rometools.modules.base.io.GoogleBaseParser - Property: licenses doesn't have a tag mapping.
23:44:18.215 [main] DEBUG com.rometools.modules.base.io.GoogleBaseParser - Property: format doesn't have a tag mapping.
23:44:18.215 [main] DEBUG com.rometools.modules.base.io.GoogleBaseParser - Property: expirationDateTime doesn't have a tag mapping.
23:44:18.215 [main] DEBUG com.rometools.modules.base.io.GoogleBaseParser - Property: interface doesn't have a tag mapping.
23:44:18.215 [main] DEBUG com.rometools.modules.base.io.GoogleBaseParser - Property: uri doesn't have a tag mapping.
23:44:18.215 [main] DEBUG com.rometools.modules.base.io.GoogleBaseParser - Property: licenses doesn't have a tag mapping.
23:44:18.259 [main] DEBUG com.rometools.modules.base.io.GoogleBaseParser - Property: format doesn't have a tag mapping.
23:44:18.259 [main] DEBUG com.rometools.modules.base.io.GoogleBaseParser - Property: expirationDateTime doesn't have a tag mapping.
23:44:18.259 [main] DEBUG com.rometools.modules.base.io.GoogleBaseParser - Property: interface doesn't have a tag mapping.
23:44:18.259 [main] DEBUG com.rometools.modules.base.io.GoogleBaseParser - Property: uri doesn't have a tag mapping.
23:44:18.259 [main] DEBUG com.rometools.modules.base.io.GoogleBaseParser - Property: licenses doesn't have a tag mapping.
23:44:18.260 [main] DEBUG com.rometools.modules.base.io.GoogleBaseParser - Property: format doesn't have a tag mapping.
23:44:18.260 [main] DEBUG com.rometools.modules.base.io.GoogleBaseParser - Property: expirationDateTime doesn't have a tag mapping.
23:44:18.260 [main] DEBUG com.rometools.modules.base.io.GoogleBaseParser - Property: interface doesn't have a tag mapping.
23:44:18.260 [main] DEBUG com.rometools.modules.base.io.GoogleBaseParser - Property: uri doesn't have a tag mapping.
23:44:18.260 [main] DEBUG com.rometools.modules.base.io.GoogleBaseParser - Property: licenses doesn't have a tag mapping.
23:44:18.260 [main] DEBUG com.rometools.modules.cc.io.CCModuleGeneratorTest - null
23:44:18.260 [main] DEBUG com.rometools.modules.cc.io.CCModuleGeneratorTest - null
23:44:18.260 [main] DEBUG com.rometools.modules.cc.io.CCModuleGeneratorTest - reviews-atom.xml
23:44:18.284 [main] DEBUG com.rometools.modules.base.io.GoogleBaseParser - Property: format doesn't have a tag mapping.
23:44:18.284 [main] DEBUG com.rometools.modules.base.io.GoogleBaseParser - Property: expirationDateTime doesn't have a tag mapping.
23:44:18.285 [main] DEBUG com.rometools.modules.base.io.GoogleBaseParser - Property: interface doesn't have a tag mapping.
23:44:18.285 [main] DEBUG com.rometools.modules.base.io.GoogleBaseParser - Property: uri doesn't have a tag mapping.
23:44:18.285 [main] DEBUG com.rometools.modules.base.io.GoogleBaseParser - Property: licenses doesn't have a tag mapping.
23:44:18.290 [main] DEBUG com.rometools.modules.base.io.GoogleBaseParser - Property: format doesn't have a tag mapping.
23:44:18.290 [main] DEBUG com.rometools.modules.base.io.GoogleBaseParser - Property: expirationDateTime doesn't have a tag mapping.
23:44:18.290 [main] DEBUG com.rometools.modules.base.io.GoogleBaseParser - Property: interface doesn't have a tag mapping.
23:44:18.290 [main] DEBUG com.rometools.modules.base.io.GoogleBaseParser - Property: uri doesn't have a tag mapping.
23:44:18.290 [main] DEBUG com.rometools.modules.base.io.GoogleBaseParser - Property: licenses doesn't have a tag mapping.
23:44:18.304 [main] DEBUG com.rometools.modules.base.io.GoogleBaseParser - Property: format doesn't have a tag mapping.
23:44:18.304 [main] DEBUG com.rometools.modules.base.io.GoogleBaseParser - Property: expirationDateTime doesn't have a tag mapping.
23:44:18.304 [main] DEBUG com.rometools.modules.base.io.GoogleBaseParser - Property: interface doesn't have a tag mapping.
23:44:18.304 [main] DEBUG com.rometools.modules.base.io.GoogleBaseParser - Property: uri doesn't have a tag mapping.
23:44:18.304 [main] DEBUG com.rometools.modules.base.io.GoogleBaseParser - Property: licenses doesn't have a tag mapping.
23:44:18.305 [main] DEBUG com.rometools.modules.base.io.GoogleBaseParser - Property: format doesn't have a tag mapping.
23:44:18.305 [main] DEBUG com.rometools.modules.base.io.GoogleBaseParser - Property: expirationDateTime doesn't have a tag mapping.
23:44:18.305 [main] DEBUG com.rometools.modules.base.io.GoogleBaseParser - Property: interface doesn't have a tag mapping.
23:44:18.305 [main] DEBUG com.rometools.modules.base.io.GoogleBaseParser - Property: uri doesn't have a tag mapping.
23:44:18.305 [main] DEBUG com.rometools.modules.base.io.GoogleBaseParser - Property: licenses doesn't have a tag mapping.
23:44:18.307 [main] DEBUG com.rometools.modules.cc.io.CCModuleGeneratorTest - null
23:44:18.307 [main] DEBUG com.rometools.modules.cc.io.CCModuleGeneratorTest - null
23:44:18.307 [main] DEBUG com.rometools.modules.cc.io.CCModuleGeneratorTest - reviews2.xml
23:44:18.310 [main] DEBUG com.rometools.modules.base.io.GoogleBaseParser - Property: format doesn't have a tag mapping.
23:44:18.310 [main] DEBUG com.rometools.modules.base.io.GoogleBaseParser - Property: expirationDateTime doesn't have a tag mapping.
23:44:18.310 [main] DEBUG com.rometools.modules.base.io.GoogleBaseParser - Property: interface doesn't have a tag mapping.
23:44:18.310 [main] DEBUG com.rometools.modules.base.io.GoogleBaseParser - Property: uri doesn't have a tag mapping.
23:44:18.310 [main] DEBUG com.rometools.modules.base.io.GoogleBaseParser - Property: licenses doesn't have a tag mapping.
23:44:18.310 [main] DEBUG com.rometools.modules.base.io.GoogleBaseParser - Property: format doesn't have a tag mapping.
23:44:18.310 [main] DEBUG com.rometools.modules.base.io.GoogleBaseParser - Property: expirationDateTime doesn't have a tag mapping.
23:44:18.311 [main] DEBUG com.rometools.modules.base.io.GoogleBaseParser - Property: interface doesn't have a tag mapping.
23:44:18.311 [main] DEBUG com.rometools.modules.base.io.GoogleBaseParser - Property: uri doesn't have a tag mapping.
23:44:18.311 [main] DEBUG com.rometools.modules.base.io.GoogleBaseParser - Property: licenses doesn't have a tag mapping.
23:44:18.322 [main] DEBUG com.rometools.modules.base.io.GoogleBaseParser - Property: format doesn't have a tag mapping.
23:44:18.322 [main] DEBUG com.rometools.modules.base.io.GoogleBaseParser - Property: expirationDateTime doesn't have a tag mapping.
23:44:18.322 [main] DEBUG com.rometools.modules.base.io.GoogleBaseParser - Property: interface doesn't have a tag mapping.
23:44:18.322 [main] DEBUG com.rometools.modules.base.io.GoogleBaseParser - Property: uri doesn't have a tag mapping.
23:44:18.322 [main] DEBUG com.rometools.modules.base.io.GoogleBaseParser - Property: licenses doesn't have a tag mapping.
23:44:18.323 [main] DEBUG com.rometools.modules.base.io.GoogleBaseParser - Property: format doesn't have a tag mapping.
23:44:18.323 [main] DEBUG com.rometools.modules.base.io.GoogleBaseParser - Property: expirationDateTime doesn't have a tag mapping.
23:44:18.323 [main] DEBUG com.rometools.modules.base.io.GoogleBaseParser - Property: interface doesn't have a tag mapping.
23:44:18.323 [main] DEBUG com.rometools.modules.base.io.GoogleBaseParser - Property: uri doesn't have a tag mapping.
23:44:18.323 [main] DEBUG com.rometools.modules.base.io.GoogleBaseParser - Property: licenses doesn't have a tag mapping.
23:44:18.324 [main] DEBUG com.rometools.modules.cc.io.CCModuleGeneratorTest - null
23:44:18.324 [main] DEBUG com.rometools.modules.cc.io.CCModuleGeneratorTest - null
23:44:18.324 [main] DEBUG com.rometools.modules.cc.io.CCModuleGeneratorTest - rsr.xml
23:44:18.365 [main] WARN  com.rometools.modules.itunes.io.ITunesParser - Failed to parse duration: 
23:44:18.367 [main] WARN  com.rometools.modules.itunes.io.ITunesParser - Failed to parse duration: 
23:44:18.368 [main] WARN  com.rometools.modules.itunes.io.ITunesParser - Failed to parse duration: 
23:44:18.369 [main] WARN  com.rometools.modules.itunes.io.ITunesParser - Failed to parse duration: 
23:44:18.370 [main] WARN  com.rometools.modules.itunes.io.ITunesParser - Failed to parse duration: 
23:44:18.371 [main] WARN  com.rometools.modules.itunes.io.ITunesParser - Failed to parse duration: 
23:44:18.372 [main] WARN  com.rometools.modules.itunes.io.ITunesParser - Failed to parse duration: 
23:44:18.373 [main] WARN  com.rometools.modules.itunes.io.ITunesParser - Failed to parse duration: 
23:44:18.374 [main] WARN  com.rometools.modules.itunes.io.ITunesParser - Failed to parse duration: 
23:44:18.375 [main] WARN  com.rometools.modules.itunes.io.ITunesParser - Failed to parse duration: 
23:44:18.376 [main] WARN  com.rometools.modules.itunes.io.ITunesParser - Failed to parse duration: 
23:44:18.377 [main] WARN  com.rometools.modules.itunes.io.ITunesParser - Failed to parse duration: 
23:44:18.379 [main] WARN  com.rometools.modules.itunes.io.ITunesParser - Failed to parse duration: 
23:44:18.380 [main] WARN  com.rometools.modules.itunes.io.ITunesParser - Failed to parse duration: 
23:44:18.381 [main] WARN  com.rometools.modules.itunes.io.ITunesParser - Failed to parse duration: 
23:44:18.386 [main] DEBUG com.rometools.modules.cc.io.CCModuleGeneratorTest - null
23:44:18.386 [main] DEBUG com.rometools.modules.cc.io.CCModuleGeneratorTest - null
23:44:18.386 [main] DEBUG com.rometools.modules.cc.io.CCModuleGeneratorTest - null
23:44:18.386 [main] DEBUG com.rometools.modules.cc.io.CCModuleGeneratorTest - null
23:44:18.386 [main] DEBUG com.rometools.modules.cc.io.CCModuleGeneratorTest - null
23:44:18.386 [main] DEBUG com.rometools.modules.cc.io.CCModuleGeneratorTest - null
23:44:18.386 [main] DEBUG com.rometools.modules.cc.io.CCModuleGeneratorTest - null
23:44:18.386 [main] DEBUG com.rometools.modules.cc.io.CCModuleGeneratorTest - null
23:44:18.386 [main] DEBUG com.rometools.modules.cc.io.CCModuleGeneratorTest - null
23:44:18.386 [main] DEBUG com.rometools.modules.cc.io.CCModuleGeneratorTest - null
23:44:18.386 [main] DEBUG com.rometools.modules.cc.io.CCModuleGeneratorTest - null
23:44:18.386 [main] DEBUG com.rometools.modules.cc.io.CCModuleGeneratorTest - null
23:44:18.386 [main] DEBUG com.rometools.modules.cc.io.CCModuleGeneratorTest - null
23:44:18.386 [main] DEBUG com.rometools.modules.cc.io.CCModuleGeneratorTest - null
23:44:18.386 [main] DEBUG com.rometools.modules.cc.io.CCModuleGeneratorTest - null
23:44:18.386 [main] DEBUG com.rometools.modules.cc.io.CCModuleGeneratorTest - rss-playlist-sse.xml
23:44:18.416 [main] DEBUG com.rometools.modules.cc.io.CCModuleGeneratorTest - null
23:44:18.417 [main] DEBUG com.rometools.modules.cc.io.CCModuleGeneratorTest - null
23:44:18.417 [main] DEBUG com.rometools.modules.cc.io.CCModuleGeneratorTest - null
23:44:18.417 [main] DEBUG com.rometools.modules.cc.io.CCModuleGeneratorTest - null
23:44:18.417 [main] DEBUG com.rometools.modules.cc.io.CCModuleGeneratorTest - null
23:44:18.417 [main] DEBUG com.rometools.modules.cc.io.CCModuleGeneratorTest - null
23:44:18.417 [main] DEBUG com.rometools.modules.cc.io.CCModuleGeneratorTest - null
23:44:18.417 [main] DEBUG com.rometools.modules.cc.io.CCModuleGeneratorTest - null
23:44:18.417 [main] DEBUG com.rometools.modules.cc.io.CCModuleGeneratorTest - null
23:44:18.417 [main] DEBUG com.rometools.modules.cc.io.CCModuleGeneratorTest - null
23:44:18.417 [main] DEBUG com.rometools.modules.cc.io.CCModuleGeneratorTest - null
23:44:18.417 [main] DEBUG com.rometools.modules.cc.io.CCModuleGeneratorTest - null
23:44:18.418 [main] DEBUG com.rometools.modules.cc.io.CCModuleGeneratorTest - null
23:44:18.418 [main] DEBUG com.rometools.modules.cc.io.CCModuleGeneratorTest - rss-playlist.xml
23:44:18.434 [main] DEBUG com.rometools.modules.cc.io.CCModuleGeneratorTest - null
23:44:18.434 [main] DEBUG com.rometools.modules.cc.io.CCModuleGeneratorTest - null
23:44:18.434 [main] DEBUG com.rometools.modules.cc.io.CCModuleGeneratorTest - null
23:44:18.434 [main] DEBUG com.rometools.modules.cc.io.CCModuleGeneratorTest - null
23:44:18.434 [main] DEBUG com.rometools.modules.cc.io.CCModuleGeneratorTest - null
23:44:18.434 [main] DEBUG com.rometools.modules.cc.io.CCModuleGeneratorTest - null
23:44:18.434 [main] DEBUG com.rometools.modules.cc.io.CCModuleGeneratorTest - null
23:44:18.434 [main] DEBUG com.rometools.modules.cc.io.CCModuleGeneratorTest - null
23:44:18.434 [main] DEBUG com.rometools.modules.cc.io.CCModuleGeneratorTest - null
23:44:18.434 [main] DEBUG com.rometools.modules.cc.io.CCModuleGeneratorTest - null
23:44:18.434 [main] DEBUG com.rometools.modules.cc.io.CCModuleGeneratorTest - null
23:44:18.434 [main] DEBUG com.rometools.modules.cc.io.CCModuleGeneratorTest - null
23:44:18.434 [main] DEBUG com.rometools.modules.cc.io.CCModuleGeneratorTest - null
23:44:18.434 [main] DEBUG com.rometools.modules.cc.io.CCModuleGeneratorTest - rss-test-1.xml
23:44:18.437 [main] DEBUG com.rometools.modules.base.io.GoogleBaseParser - Property: format doesn't have a tag mapping.
23:44:18.438 [main] DEBUG com.rometools.modules.base.io.GoogleBaseParser - Property: expirationDateTime doesn't have a tag mapping.
23:44:18.438 [main] DEBUG com.rometools.modules.base.io.GoogleBaseParser - Property: interface doesn't have a tag mapping.
23:44:18.438 [main] DEBUG com.rometools.modules.base.io.GoogleBaseParser - Property: uri doesn't have a tag mapping.
23:44:18.438 [main] DEBUG com.rometools.modules.base.io.GoogleBaseParser - Property: licenses doesn't have a tag mapping.
23:44:18.448 [main] DEBUG com.rometools.modules.base.io.GoogleBaseParser - Property: format doesn't have a tag mapping.
23:44:18.448 [main] DEBUG com.rometools.modules.base.io.GoogleBaseParser - Property: expirationDateTime doesn't have a tag mapping.
23:44:18.448 [main] DEBUG com.rometools.modules.base.io.GoogleBaseParser - Property: interface doesn't have a tag mapping.
23:44:18.448 [main] DEBUG com.rometools.modules.base.io.GoogleBaseParser - Property: uri doesn't have a tag mapping.
23:44:18.448 [main] DEBUG com.rometools.modules.base.io.GoogleBaseParser - Property: licenses doesn't have a tag mapping.
23:44:18.449 [main] DEBUG com.rometools.modules.cc.io.CCModuleGeneratorTest - null
23:44:18.449 [main] DEBUG com.rometools.modules.cc.io.CCModuleGeneratorTest - rss1sample.xml
23:44:18.456 [main] DEBUG com.rometools.modules.cc.io.CCModuleGenerator - channel
23:44:18.456 [main] DEBUG com.rometools.modules.cc.io.CCModuleGenerator - Is Root? [rss: null]
23:44:18.456 [main] DEBUG com.rometools.modules.cc.io.CCModuleGenerator - Is Root? [rss: null]
23:44:18.456 [main] DEBUG com.rometools.modules.cc.io.CCModuleGenerator - channel
23:44:18.462 [main] DEBUG com.rometools.modules.cc.io.CCModuleGeneratorTest - CreativeCommonsImpl.licenses[0].permits[0]=http://web.resource.org/cc/Reproduction
CreativeCommonsImpl.licenses[0].permits[1]=http://web.resource.org/cc/Distribution
CreativeCommonsImpl.licenses[0].value=http://www.creativecommons.org/licenses/example2
CreativeCommonsImpl.licenses[0].requires[0]=http://web.resource.org/cc/Copyleft
CreativeCommonsImpl.interface=interface com.rometools.modules.cc.CreativeCommons
CreativeCommonsImpl.uri=rome:CreativeCommons
CreativeCommonsImpl.allLicenses[0].permits[0]=http://web.resource.org/cc/Reproduction
CreativeCommonsImpl.allLicenses[0].permits[1]=http://web.resource.org/cc/Distribution
CreativeCommonsImpl.allLicenses[0].value=http://www.creativecommons.org/licenses/example2
CreativeCommonsImpl.allLicenses[0].requires[0]=http://web.resource.org/cc/Copyleft

23:44:18.463 [main] DEBUG com.rometools.modules.cc.io.CCModuleGeneratorTest - rssCreativeCommonsExample.xml
23:44:18.470 [main] DEBUG com.rometools.modules.cc.io.CCModuleGenerator - channel
23:44:18.470 [main] DEBUG com.rometools.modules.cc.io.CCModuleGenerator - Is Root? [rss: null]
23:44:18.485 [main] DEBUG com.rometools.modules.cc.io.CCModuleGeneratorTest - null
23:44:18.485 [main] DEBUG com.rometools.modules.cc.io.CCModuleGeneratorTest - CreativeCommonsImpl.licenses[0].permits=null
CreativeCommonsImpl.licenses[0].value=
CreativeCommonsImpl.licenses[0].requires=null
CreativeCommonsImpl.licenses[1].permits[0]=http://web.resource.org/cc/DerivativeWorks
CreativeCommonsImpl.licenses[1].permits[1]=http://web.resource.org/cc/Distribution
CreativeCommonsImpl.licenses[1].permits[2]=http://web.resource.org/cc/Reproduction
CreativeCommonsImpl.licenses[1].value=http://www.creativecommons.org/licenses/by-nc/1.0
CreativeCommonsImpl.licenses[1].requires[0]=http://web.resource.org/cc/Attribution
CreativeCommonsImpl.interface=interface com.rometools.modules.cc.CreativeCommons
CreativeCommonsImpl.uri=rome:CreativeCommons
CreativeCommonsImpl.allLicenses[0].permits=null
CreativeCommonsImpl.allLicenses[0].value=
CreativeCommonsImpl.allLicenses[0].requires=null
CreativeCommonsImpl.allLicenses[1].permits[0]=http://web.resource.org/cc/DerivativeWorks
CreativeCommonsImpl.allLicenses[1].permits[1]=http://web.resource.org/cc/Distribution
CreativeCommonsImpl.allLicenses[1].permits[2]=http://web.resource.org/cc/Reproduction
CreativeCommonsImpl.allLicenses[1].value=http://www.creativecommons.org/licenses/by-nc/1.0
CreativeCommonsImpl.allLicenses[1].requires[0]=http://web.resource.org/cc/Attribution

23:44:18.486 [main] DEBUG com.rometools.modules.cc.io.CCModuleGeneratorTest - services-atom.xml
23:44:18.492 [main] DEBUG com.rometools.modules.base.io.GoogleBaseParser - Property: format doesn't have a tag mapping.
23:44:18.492 [main] DEBUG com.rometools.modules.base.io.GoogleBaseParser - Property: expirationDateTime doesn't have a tag mapping.
23:44:18.492 [main] DEBUG com.rometools.modules.base.io.GoogleBaseParser - Property: interface doesn't have a tag mapping.
23:44:18.492 [main] DEBUG com.rometools.modules.base.io.GoogleBaseParser - Property: uri doesn't have a tag mapping.
23:44:18.492 [main] DEBUG com.rometools.modules.base.io.GoogleBaseParser - Property: licenses doesn't have a tag mapping.
23:44:18.495 [main] DEBUG com.rometools.modules.base.io.GoogleBaseParser - Property: format doesn't have a tag mapping.
23:44:18.495 [main] DEBUG com.rometools.modules.base.io.GoogleBaseParser - Property: expirationDateTime doesn't have a tag mapping.
23:44:18.495 [main] DEBUG com.rometools.modules.base.io.GoogleBaseParser - Property: interface doesn't have a tag mapping.
23:44:18.495 [main] DEBUG com.rometools.modules.base.io.GoogleBaseParser - Property: uri doesn't have a tag mapping.
23:44:18.495 [main] DEBUG com.rometools.modules.base.io.GoogleBaseParser - Property: licenses doesn't have a tag mapping.
23:44:18.506 [main] DEBUG com.rometools.modules.base.io.GoogleBaseParser - Property: format doesn't have a tag mapping.
23:44:18.506 [main] DEBUG com.rometools.modules.base.io.GoogleBaseParser - Property: expirationDateTime doesn't have a tag mapping.
23:44:18.506 [main] DEBUG com.rometools.modules.base.io.GoogleBaseParser - Property: interface doesn't have a tag mapping.
23:44:18.506 [main] DEBUG com.rometools.modules.base.io.GoogleBaseParser - Property: uri doesn't have a tag mapping.
23:44:18.506 [main] DEBUG com.rometools.modules.base.io.GoogleBaseParser - Property: licenses doesn't have a tag mapping.
23:44:18.507 [main] DEBUG com.rometools.modules.base.io.GoogleBaseParser - Property: format doesn't have a tag mapping.
23:44:18.507 [main] DEBUG com.rometools.modules.base.io.GoogleBaseParser - Property: expirationDateTime doesn't have a tag mapping.
23:44:18.507 [main] DEBUG com.rometools.modules.base.io.GoogleBaseParser - Property: interface doesn't have a tag mapping.
23:44:18.507 [main] DEBUG com.rometools.modules.base.io.GoogleBaseParser - Property: uri doesn't have a tag mapping.
23:44:18.507 [main] DEBUG com.rometools.modules.base.io.GoogleBaseParser - Property: licenses doesn't have a tag mapping.
23:44:18.578 [main] DEBUG com.rometools.modules.cc.io.CCModuleGeneratorTest - null
23:44:18.578 [main] DEBUG com.rometools.modules.cc.io.CCModuleGeneratorTest - null
23:44:18.578 [main] DEBUG com.rometools.modules.cc.io.CCModuleGeneratorTest - services2.xml
23:44:18.583 [main] DEBUG com.rometools.modules.base.io.GoogleBaseParser - Property: format doesn't have a tag mapping.
23:44:18.583 [main] DEBUG com.rometools.modules.base.io.GoogleBaseParser - Property: expirationDateTime doesn't have a tag mapping.
23:44:18.584 [main] DEBUG com.rometools.modules.base.io.GoogleBaseParser - Property: interface doesn't have a tag mapping.
23:44:18.584 [main] DEBUG com.rometools.modules.base.io.GoogleBaseParser - Property: uri doesn't have a tag mapping.
23:44:18.584 [main] DEBUG com.rometools.modules.base.io.GoogleBaseParser - Property: licenses doesn't have a tag mapping.
23:44:18.584 [main] DEBUG com.rometools.modules.base.io.GoogleBaseParser - Property: format doesn't have a tag mapping.
23:44:18.585 [main] DEBUG com.rometools.modules.base.io.GoogleBaseParser - Property: expirationDateTime doesn't have a tag mapping.
23:44:18.585 [main] DEBUG com.rometools.modules.base.io.GoogleBaseParser - Property: interface doesn't have a tag mapping.
23:44:18.585 [main] DEBUG com.rometools.modules.base.io.GoogleBaseParser - Property: uri doesn't have a tag mapping.
23:44:18.585 [main] DEBUG com.rometools.modules.base.io.GoogleBaseParser - Property: licenses doesn't have a tag mapping.
23:44:18.629 [main] DEBUG com.rometools.modules.base.io.GoogleBaseParser - Property: format doesn't have a tag mapping.
23:44:18.629 [main] DEBUG com.rometools.modules.base.io.GoogleBaseParser - Property: expirationDateTime doesn't have a tag mapping.
23:44:18.629 [main] DEBUG com.rometools.modules.base.io.GoogleBaseParser - Property: interface doesn't have a tag mapping.
23:44:18.632 [main] DEBUG com.rometools.modules.base.io.GoogleBaseParser - Property: uri doesn't have a tag mapping.
23:44:18.633 [main] DEBUG com.rometools.modules.base.io.GoogleBaseParser - Property: licenses doesn't have a tag mapping.
23:44:18.633 [main] DEBUG com.rometools.modules.base.io.GoogleBaseParser - Property: format doesn't have a tag mapping.
23:44:18.633 [main] DEBUG com.rometools.modules.base.io.GoogleBaseParser - Property: expirationDateTime doesn't have a tag mapping.
23:44:18.633 [main] DEBUG com.rometools.modules.base.io.GoogleBaseParser - Property: interface doesn't have a tag mapping.
23:44:18.633 [main] DEBUG com.rometools.modules.base.io.GoogleBaseParser - Property: uri doesn't have a tag mapping.
23:44:18.633 [main] DEBUG com.rometools.modules.base.io.GoogleBaseParser - Property: licenses doesn't have a tag mapping.
23:44:18.634 [main] DEBUG com.rometools.modules.cc.io.CCModuleGeneratorTest - null
23:44:18.634 [main] DEBUG com.rometools.modules.cc.io.CCModuleGeneratorTest - null
23:44:18.634 [main] DEBUG com.rometools.modules.cc.io.CCModuleGeneratorTest - slashdot.xml
23:44:18.671 [main] DEBUG com.rometools.modules.cc.io.CCModuleGeneratorTest - null
23:44:18.672 [main] DEBUG com.rometools.modules.cc.io.CCModuleGeneratorTest - null
23:44:18.672 [main] DEBUG com.rometools.modules.cc.io.CCModuleGeneratorTest - null
23:44:18.672 [main] DEBUG com.rometools.modules.cc.io.CCModuleGeneratorTest - null
23:44:18.672 [main] DEBUG com.rometools.modules.cc.io.CCModuleGeneratorTest - null
23:44:18.672 [main] DEBUG com.rometools.modules.cc.io.CCModuleGeneratorTest - null
23:44:18.672 [main] DEBUG com.rometools.modules.cc.io.CCModuleGeneratorTest - null
23:44:18.672 [main] DEBUG com.rometools.modules.cc.io.CCModuleGeneratorTest - null
23:44:18.672 [main] DEBUG com.rometools.modules.cc.io.CCModuleGeneratorTest - null
23:44:18.672 [main] DEBUG com.rometools.modules.cc.io.CCModuleGeneratorTest - null
23:44:18.672 [main] DEBUG com.rometools.modules.cc.io.CCModuleGeneratorTest - sunnyvale.xml
23:44:18.696 [main] DEBUG com.rometools.modules.cc.io.CCModuleGeneratorTest - null
23:44:18.696 [main] DEBUG com.rometools.modules.cc.io.CCModuleGeneratorTest - test-rdf.xml
23:44:18.709 [main] DEBUG com.rometools.modules.content.io.ContentModuleGenerator - 0
23:44:18.717 [main] DEBUG com.rometools.modules.cc.io.CCModuleGeneratorTest - null
23:44:18.717 [main] DEBUG com.rometools.modules.cc.io.CCModuleGeneratorTest - totsp.xml
23:44:18.723 [main] DEBUG com.rometools.modules.content.io.ContentModuleGenerator - 1
23:44:18.734 [main] DEBUG com.rometools.modules.cc.io.CCModuleGeneratorTest - null
23:44:18.734 [main] DEBUG com.rometools.modules.cc.io.CCModuleGeneratorTest - travel-atom.xml
23:44:18.771 [main] DEBUG com.rometools.modules.base.io.GoogleBaseParser - Property: format doesn't have a tag mapping.
23:44:18.771 [main] DEBUG com.rometools.modules.base.io.GoogleBaseParser - Property: expirationDateTime doesn't have a tag mapping.
23:44:18.771 [main] DEBUG com.rometools.modules.base.io.GoogleBaseParser - Property: interface doesn't have a tag mapping.
23:44:18.771 [main] DEBUG com.rometools.modules.base.io.GoogleBaseParser - Property: uri doesn't have a tag mapping.
23:44:18.771 [main] DEBUG com.rometools.modules.base.io.GoogleBaseParser - Property: licenses doesn't have a tag mapping.
23:44:18.774 [main] DEBUG com.rometools.modules.base.io.GoogleBaseParser - Property: format doesn't have a tag mapping.
23:44:18.774 [main] DEBUG com.rometools.modules.base.io.GoogleBaseParser - Property: expirationDateTime doesn't have a tag mapping.
23:44:18.774 [main] DEBUG com.rometools.modules.base.io.GoogleBaseParser - Property: interface doesn't have a tag mapping.
23:44:18.774 [main] DEBUG com.rometools.modules.base.io.GoogleBaseParser - Property: uri doesn't have a tag mapping.
23:44:18.774 [main] DEBUG com.rometools.modules.base.io.GoogleBaseParser - Property: licenses doesn't have a tag mapping.
23:44:18.795 [main] DEBUG com.rometools.modules.base.io.GoogleBaseParser - Property: format doesn't have a tag mapping.
23:44:18.795 [main] DEBUG com.rometools.modules.base.io.GoogleBaseParser - Property: expirationDateTime doesn't have a tag mapping.
23:44:18.795 [main] DEBUG com.rometools.modules.base.io.GoogleBaseParser - Property: interface doesn't have a tag mapping.
23:44:18.795 [main] DEBUG com.rometools.modules.base.io.GoogleBaseParser - Property: uri doesn't have a tag mapping.
23:44:18.795 [main] DEBUG com.rometools.modules.base.io.GoogleBaseParser - Property: licenses doesn't have a tag mapping.
23:44:18.796 [main] DEBUG com.rometools.modules.base.io.GoogleBaseParser - Property: format doesn't have a tag mapping.
23:44:18.796 [main] DEBUG com.rometools.modules.base.io.GoogleBaseParser - Property: expirationDateTime doesn't have a tag mapping.
23:44:18.802 [main] DEBUG com.rometools.modules.base.io.GoogleBaseParser - Property: interface doesn't have a tag mapping.
23:44:18.803 [main] DEBUG com.rometools.modules.base.io.GoogleBaseParser - Property: uri doesn't have a tag mapping.
23:44:18.803 [main] DEBUG com.rometools.modules.base.io.GoogleBaseParser - Property: licenses doesn't have a tag mapping.
23:44:18.806 [main] DEBUG com.rometools.modules.cc.io.CCModuleGeneratorTest - null
23:44:18.806 [main] DEBUG com.rometools.modules.cc.io.CCModuleGeneratorTest - null
23:44:18.806 [main] DEBUG com.rometools.modules.cc.io.CCModuleGeneratorTest - travel2.xml
23:44:18.811 [main] DEBUG com.rometools.modules.base.io.GoogleBaseParser - Property: format doesn't have a tag mapping.
23:44:18.811 [main] DEBUG com.rometools.modules.base.io.GoogleBaseParser - Property: expirationDateTime doesn't have a tag mapping.
23:44:18.811 [main] DEBUG com.rometools.modules.base.io.GoogleBaseParser - Property: interface doesn't have a tag mapping.
23:44:18.811 [main] DEBUG com.rometools.modules.base.io.GoogleBaseParser - Property: uri doesn't have a tag mapping.
23:44:18.811 [main] DEBUG com.rometools.modules.base.io.GoogleBaseParser - Property: licenses doesn't have a tag mapping.
23:44:18.812 [main] DEBUG com.rometools.modules.base.io.GoogleBaseParser - Property: format doesn't have a tag mapping.
23:44:18.812 [main] DEBUG com.rometools.modules.base.io.GoogleBaseParser - Property: expirationDateTime doesn't have a tag mapping.
23:44:18.812 [main] DEBUG com.rometools.modules.base.io.GoogleBaseParser - Property: interface doesn't have a tag mapping.
23:44:18.812 [main] DEBUG com.rometools.modules.base.io.GoogleBaseParser - Property: uri doesn't have a tag mapping.
23:44:18.812 [main] DEBUG com.rometools.modules.base.io.GoogleBaseParser - Property: licenses doesn't have a tag mapping.
23:44:18.825 [main] DEBUG com.rometools.modules.base.io.GoogleBaseParser - Property: format doesn't have a tag mapping.
23:44:18.825 [main] DEBUG com.rometools.modules.base.io.GoogleBaseParser - Property: expirationDateTime doesn't have a tag mapping.
23:44:18.825 [main] DEBUG com.rometools.modules.base.io.GoogleBaseParser - Property: interface doesn't have a tag mapping.
23:44:18.825 [main] DEBUG com.rometools.modules.base.io.GoogleBaseParser - Property: uri doesn't have a tag mapping.
23:44:18.825 [main] DEBUG com.rometools.modules.base.io.GoogleBaseParser - Property: licenses doesn't have a tag mapping.
23:44:18.826 [main] DEBUG com.rometools.modules.base.io.GoogleBaseParser - Property: format doesn't have a tag mapping.
23:44:18.826 [main] DEBUG com.rometools.modules.base.io.GoogleBaseParser - Property: expirationDateTime doesn't have a tag mapping.
23:44:18.826 [main] DEBUG com.rometools.modules.base.io.GoogleBaseParser - Property: interface doesn't have a tag mapping.
23:44:18.826 [main] DEBUG com.rometools.modules.base.io.GoogleBaseParser - Property: uri doesn't have a tag mapping.
23:44:18.826 [main] DEBUG com.rometools.modules.base.io.GoogleBaseParser - Property: licenses doesn't have a tag mapping.
23:44:18.827 [main] DEBUG com.rometools.modules.cc.io.CCModuleGeneratorTest - null
23:44:18.827 [main] DEBUG com.rometools.modules.cc.io.CCModuleGeneratorTest - null
23:44:18.827 [main] DEBUG com.rometools.modules.cc.io.CCModuleGeneratorTest - vehicles-atom.xml
23:44:18.835 [main] DEBUG com.rometools.modules.base.io.GoogleBaseParser - Property: format doesn't have a tag mapping.
23:44:18.835 [main] DEBUG com.rometools.modules.base.io.GoogleBaseParser - Property: expirationDateTime doesn't have a tag mapping.
23:44:18.835 [main] DEBUG com.rometools.modules.base.io.GoogleBaseParser - Property: interface doesn't have a tag mapping.
23:44:18.835 [main] DEBUG com.rometools.modules.base.io.GoogleBaseParser - Property: uri doesn't have a tag mapping.
23:44:18.835 [main] DEBUG com.rometools.modules.base.io.GoogleBaseParser - Property: licenses doesn't have a tag mapping.
23:44:18.844 [main] DEBUG com.rometools.modules.base.io.GoogleBaseParser - Property: format doesn't have a tag mapping.
23:44:18.844 [main] DEBUG com.rometools.modules.base.io.GoogleBaseParser - Property: expirationDateTime doesn't have a tag mapping.
23:44:18.844 [main] DEBUG com.rometools.modules.base.io.GoogleBaseParser - Property: interface doesn't have a tag mapping.
23:44:18.845 [main] DEBUG com.rometools.modules.base.io.GoogleBaseParser - Property: uri doesn't have a tag mapping.
23:44:18.845 [main] DEBUG com.rometools.modules.base.io.GoogleBaseParser - Property: licenses doesn't have a tag mapping.
23:44:18.861 [main] DEBUG com.rometools.modules.base.io.GoogleBaseParser - Property: format doesn't have a tag mapping.
23:44:18.861 [main] DEBUG com.rometools.modules.base.io.GoogleBaseParser - Property: expirationDateTime doesn't have a tag mapping.
23:44:18.861 [main] DEBUG com.rometools.modules.base.io.GoogleBaseParser - Property: interface doesn't have a tag mapping.
23:44:18.861 [main] DEBUG com.rometools.modules.base.io.GoogleBaseParser - Property: uri doesn't have a tag mapping.
23:44:18.861 [main] DEBUG com.rometools.modules.base.io.GoogleBaseParser - Property: licenses doesn't have a tag mapping.
23:44:18.863 [main] DEBUG com.rometools.modules.base.io.GoogleBaseParser - Property: format doesn't have a tag mapping.
23:44:18.863 [main] DEBUG com.rometools.modules.base.io.GoogleBaseParser - Property: expirationDateTime doesn't have a tag mapping.
23:44:18.863 [main] DEBUG com.rometools.modules.base.io.GoogleBaseParser - Property: interface doesn't have a tag mapping.
23:44:18.863 [main] DEBUG com.rometools.modules.base.io.GoogleBaseParser - Property: uri doesn't have a tag mapping.
23:44:18.863 [main] DEBUG com.rometools.modules.base.io.GoogleBaseParser - Property: licenses doesn't have a tag mapping.
23:44:18.865 [main] DEBUG com.rometools.modules.cc.io.CCModuleGeneratorTest - null
23:44:18.865 [main] DEBUG com.rometools.modules.cc.io.CCModuleGeneratorTest - null
23:44:18.865 [main] DEBUG com.rometools.modules.cc.io.CCModuleGeneratorTest - vehicles2.xml
23:44:18.871 [main] DEBUG com.rometools.modules.base.io.GoogleBaseParser - Property: format doesn't have a tag mapping.
23:44:18.871 [main] DEBUG com.rometools.modules.base.io.GoogleBaseParser - Property: expirationDateTime doesn't have a tag mapping.
23:44:18.871 [main] DEBUG com.rometools.modules.base.io.GoogleBaseParser - Property: interface doesn't have a tag mapping.
23:44:18.871 [main] DEBUG com.rometools.modules.base.io.GoogleBaseParser - Property: uri doesn't have a tag mapping.
23:44:18.871 [main] DEBUG com.rometools.modules.base.io.GoogleBaseParser - Property: licenses doesn't have a tag mapping.
23:44:18.872 [main] DEBUG com.rometools.modules.base.io.GoogleBaseParser - Property: format doesn't have a tag mapping.
23:44:18.872 [main] DEBUG com.rometools.modules.base.io.GoogleBaseParser - Property: expirationDateTime doesn't have a tag mapping.
23:44:18.872 [main] DEBUG com.rometools.modules.base.io.GoogleBaseParser - Property: interface doesn't have a tag mapping.
23:44:18.872 [main] DEBUG com.rometools.modules.base.io.GoogleBaseParser - Property: uri doesn't have a tag mapping.
23:44:18.872 [main] DEBUG com.rometools.modules.base.io.GoogleBaseParser - Property: licenses doesn't have a tag mapping.
23:44:18.895 [main] DEBUG com.rometools.modules.base.io.GoogleBaseParser - Property: format doesn't have a tag mapping.
23:44:18.895 [main] DEBUG com.rometools.modules.base.io.GoogleBaseParser - Property: expirationDateTime doesn't have a tag mapping.
23:44:18.895 [main] DEBUG com.rometools.modules.base.io.GoogleBaseParser - Property: interface doesn't have a tag mapping.
23:44:18.896 [main] DEBUG com.rometools.modules.base.io.GoogleBaseParser - Property: uri doesn't have a tag mapping.
23:44:18.896 [main] DEBUG com.rometools.modules.base.io.GoogleBaseParser - Property: licenses doesn't have a tag mapping.
23:44:18.896 [main] DEBUG com.rometools.modules.base.io.GoogleBaseParser - Property: format doesn't have a tag mapping.
23:44:18.896 [main] DEBUG com.rometools.modules.base.io.GoogleBaseParser - Property: expirationDateTime doesn't have a tag mapping.
23:44:18.896 [main] DEBUG com.rometools.modules.base.io.GoogleBaseParser - Property: interface doesn't have a tag mapping.
23:44:18.896 [main] DEBUG com.rometools.modules.base.io.GoogleBaseParser - Property: uri doesn't have a tag mapping.
23:44:18.896 [main] DEBUG com.rometools.modules.base.io.GoogleBaseParser - Property: licenses doesn't have a tag mapping.
23:44:18.897 [main] DEBUG com.rometools.modules.cc.io.CCModuleGeneratorTest - null
23:44:18.897 [main] DEBUG com.rometools.modules.cc.io.CCModuleGeneratorTest - null
23:44:18.897 [main] DEBUG com.rometools.modules.cc.io.CCModuleGeneratorTest - wanted-atom.xml
23:44:18.903 [main] DEBUG com.rometools.modules.base.io.GoogleBaseParser - Property: format doesn't have a tag mapping.
23:44:18.903 [main] DEBUG com.rometools.modules.base.io.GoogleBaseParser - Property: expirationDateTime doesn't have a tag mapping.
23:44:18.903 [main] DEBUG com.rometools.modules.base.io.GoogleBaseParser - Property: interface doesn't have a tag mapping.
23:44:18.903 [main] DEBUG com.rometools.modules.base.io.GoogleBaseParser - Property: uri doesn't have a tag mapping.
23:44:18.903 [main] DEBUG com.rometools.modules.base.io.GoogleBaseParser - Property: licenses doesn't have a tag mapping.
23:44:18.917 [main] DEBUG com.rometools.modules.base.io.GoogleBaseParser - Property: format doesn't have a tag mapping.
23:44:18.917 [main] DEBUG com.rometools.modules.base.io.GoogleBaseParser - Property: expirationDateTime doesn't have a tag mapping.
23:44:18.918 [main] DEBUG com.rometools.modules.base.io.GoogleBaseParser - Property: interface doesn't have a tag mapping.
23:44:18.918 [main] DEBUG com.rometools.modules.base.io.GoogleBaseParser - Property: uri doesn't have a tag mapping.
23:44:18.918 [main] DEBUG com.rometools.modules.base.io.GoogleBaseParser - Property: licenses doesn't have a tag mapping.
23:44:18.928 [main] DEBUG com.rometools.modules.base.io.GoogleBaseParser - Property: format doesn't have a tag mapping.
23:44:18.928 [main] DEBUG com.rometools.modules.base.io.GoogleBaseParser - Property: expirationDateTime doesn't have a tag mapping.
23:44:18.928 [main] DEBUG com.rometools.modules.base.io.GoogleBaseParser - Property: interface doesn't have a tag mapping.
23:44:18.928 [main] DEBUG com.rometools.modules.base.io.GoogleBaseParser - Property: uri doesn't have a tag mapping.
23:44:18.928 [main] DEBUG com.rometools.modules.base.io.GoogleBaseParser - Property: licenses doesn't have a tag mapping.
23:44:18.929 [main] DEBUG com.rometools.modules.base.io.GoogleBaseParser - Property: format doesn't have a tag mapping.
23:44:18.929 [main] DEBUG com.rometools.modules.base.io.GoogleBaseParser - Property: expirationDateTime doesn't have a tag mapping.
23:44:18.929 [main] DEBUG com.rometools.modules.base.io.GoogleBaseParser - Property: interface doesn't have a tag mapping.
23:44:18.929 [main] DEBUG com.rometools.modules.base.io.GoogleBaseParser - Property: uri doesn't have a tag mapping.
23:44:18.929 [main] DEBUG com.rometools.modules.base.io.GoogleBaseParser - Property: licenses doesn't have a tag mapping.
23:44:18.930 [main] DEBUG com.rometools.modules.cc.io.CCModuleGeneratorTest - null
23:44:18.931 [main] DEBUG com.rometools.modules.cc.io.CCModuleGeneratorTest - null
23:44:18.931 [main] DEBUG com.rometools.modules.cc.io.CCModuleGeneratorTest - wanted2.xml
23:44:18.933 [main] DEBUG com.rometools.modules.base.io.GoogleBaseParser - Property: format doesn't have a tag mapping.
23:44:18.933 [main] DEBUG com.rometools.modules.base.io.GoogleBaseParser - Property: expirationDateTime doesn't have a tag mapping.
23:44:18.933 [main] DEBUG com.rometools.modules.base.io.GoogleBaseParser - Property: interface doesn't have a tag mapping.
23:44:18.933 [main] DEBUG com.rometools.modules.base.io.GoogleBaseParser - Property: uri doesn't have a tag mapping.
23:44:18.933 [main] DEBUG com.rometools.modules.base.io.GoogleBaseParser - Property: licenses doesn't have a tag mapping.
23:44:18.934 [main] DEBUG com.rometools.modules.base.io.GoogleBaseParser - Property: format doesn't have a tag mapping.
23:44:18.934 [main] DEBUG com.rometools.modules.base.io.GoogleBaseParser - Property: expirationDateTime doesn't have a tag mapping.
23:44:18.934 [main] DEBUG com.rometools.modules.base.io.GoogleBaseParser - Property: interface doesn't have a tag mapping.
23:44:18.934 [main] DEBUG com.rometools.modules.base.io.GoogleBaseParser - Property: uri doesn't have a tag mapping.
23:44:18.934 [main] DEBUG com.rometools.modules.base.io.GoogleBaseParser - Property: licenses doesn't have a tag mapping.
23:44:18.942 [main] DEBUG com.rometools.modules.base.io.GoogleBaseParser - Property: format doesn't have a tag mapping.
23:44:18.942 [main] DEBUG com.rometools.modules.base.io.GoogleBaseParser - Property: expirationDateTime doesn't have a tag mapping.
23:44:18.942 [main] DEBUG com.rometools.modules.base.io.GoogleBaseParser - Property: interface doesn't have a tag mapping.
23:44:18.942 [main] DEBUG com.rometools.modules.base.io.GoogleBaseParser - Property: uri doesn't have a tag mapping.
23:44:18.942 [main] DEBUG com.rometools.modules.base.io.GoogleBaseParser - Property: licenses doesn't have a tag mapping.
23:44:18.943 [main] DEBUG com.rometools.modules.base.io.GoogleBaseParser - Property: format doesn't have a tag mapping.
23:44:18.943 [main] DEBUG com.rometools.modules.base.io.GoogleBaseParser - Property: expirationDateTime doesn't have a tag mapping.
23:44:18.943 [main] DEBUG com.rometools.modules.base.io.GoogleBaseParser - Property: interface doesn't have a tag mapping.
23:44:18.943 [main] DEBUG com.rometools.modules.base.io.GoogleBaseParser - Property: uri doesn't have a tag mapping.
23:44:18.943 [main] DEBUG com.rometools.modules.base.io.GoogleBaseParser - Property: licenses doesn't have a tag mapping.
23:44:18.943 [main] DEBUG com.rometools.modules.cc.io.CCModuleGeneratorTest - null
23:44:18.943 [main] DEBUG com.rometools.modules.cc.io.CCModuleGeneratorTest - null
23:44:18.943 [main] DEBUG com.rometools.modules.cc.io.CCModuleGeneratorTest - yweather.xml
23:44:18.964 [main] DEBUG com.rometools.modules.cc.io.CCModuleGeneratorTest - null
[INFO] Tests run: 1, Failures: 0, Errors: 0, Skipped: 0, Time elapsed: 1.769 s - in com.rometools.modules.cc.io.CCModuleGeneratorTest
[INFO] Running com.rometools.modules.cc.io.ModuleParserTest
[INFO] Tests run: 1, Failures: 0, Errors: 0, Skipped: 0, Time elapsed: 0.001 s - in com.rometools.modules.cc.io.ModuleParserTest
[INFO] Running com.rometools.modules.cc.types.LicenseTest
[INFO] Tests run: 1, Failures: 0, Errors: 0, Skipped: 0, Time elapsed: 0.114 s - in com.rometools.modules.cc.types.LicenseTest
[INFO] Running com.rometools.modules.content.ContentItemTest
23:44:19.560 [main] DEBUG com.rometools.modules.content.ContentItemTest - testContentEncoding
23:44:19.561 [main] DEBUG com.rometools.modules.content.ContentItemTest - testContentValueNamespace
23:44:19.561 [main] DEBUG com.rometools.modules.content.ContentItemTest - testContentValueParseType
23:44:19.561 [main] DEBUG com.rometools.modules.content.ContentItemTest - testContentFormat
23:44:19.562 [main] DEBUG com.rometools.modules.content.ContentItemTest - testEquals
23:44:19.563 [main] DEBUG com.rometools.modules.content.ContentItemTest - testContentAbout
23:44:19.567 [main] DEBUG com.rometools.modules.content.ContentItemTest - testContentValue
23:44:19.568 [main] DEBUG com.rometools.modules.content.ContentItemTest - testContentResource
[INFO] Tests run: 8, Failures: 0, Errors: 0, Skipped: 0, Time elapsed: 0.013 s - in com.rometools.modules.content.ContentItemTest
[INFO] Running com.rometools.modules.content.ContentModuleGeneratorTest
23:44:19.575 [main] DEBUG com.rometools.modules.content.ContentModuleGeneratorTest - testGenerate
23:44:19.589 [main] DEBUG com.rometools.modules.content.io.ContentModuleGenerator - 0
23:44:19.591 [main] DEBUG com.rometools.modules.content.ContentModuleGeneratorTest - <RDF xmlns:content="http://purl.org/rss/1.0/modules/content/" xmlns:rdf="http://www.w3.org/1999/02/22-rdf-syntax-ns#" xmlns="http://www.w3.org/1999/02/22-rdf-syntax-ns#">
  <channel xmlns:ns0="http://www.w3.org/1999/02/22-rdf-syntax-ns#" ns0:about="http://example.org/rss.rdf" xmlns="http://purl.org/rss/1.0/">
    <title>Example Feed</title>
    <link>http://www.example.org</link>
    <description>Simply for the purpose of demonstration.</description>
    <items>
      <Seq xmlns="http://www.w3.org/1999/02/22-rdf-syntax-ns#">
        <li ns0:resource="http://example.org/item/"/>
      </Seq>
    </items>
  </channel>
  <item xmlns:ns0="http://www.w3.org/1999/02/22-rdf-syntax-ns#" ns0:about="http://example.org/item/" xmlns="http://purl.org/rss/1.0/">
    <title>The Example Item</title>
    <link>http://example.org/item/</link>
    <content:items>
      <rdf:Bag>
        <content:li xmlns:content="http://www.w3.org/1999/02/22-rdf-syntax-ns#">
          <content:item xmlns:content="http://purl.org/rss/1.0/modules/content/">
            <format ns0:resource="http://www.w3.org/1999/xhtml" xmlns="http://purl.org/rss/1.0/modules/content/"/>
            <content:encoding ns0:resource="http://www.w3.org/TR/REC-xml#dt-wellformed"/>
            <rdf:value ns0:parseType="Literal">
              <em xmlns="http://www.w3.org/1999/xhtml">
                Altered This is 
                <strong>very</strong>
              </em>
              <strong xmlns="http://www.w3.org/1999/xhtml">cool</strong>
            </rdf:value>
          </content:item>
        </content:li>
        <content:li xmlns:content="http://www.w3.org/1999/02/22-rdf-syntax-ns#">
          <content:item xmlns:content="http://purl.org/rss/1.0/modules/content/">
            <format ns0:resource="http://www.w3.org/TR/html4/" xmlns="http://purl.org/rss/1.0/modules/content/"/>
            <rdf:value ns0:parseType=""/>
          </content:item>
        </content:li>
        <content:li xmlns:content="http://www.w3.org/1999/02/22-rdf-syntax-ns#">
          <content:item ns0:about="http://example.org/item/content-here.txt" xmlns:content="http://purl.org/rss/1.0/modules/content/">
            <format ns0:resource="http://www.isi.edu/in-notes/iana/assignments/media-types/text/plain" xmlns="http://purl.org/rss/1.0/modules/content/"/>
            <rdf:value ns0:parseType=""/>
          </content:item>
        </content:li>
        <content:li xmlns:content="http://www.w3.org/1999/02/22-rdf-syntax-ns#">
          <content:item ns0:about="http://example.org/item/content.svg" xmlns:content="http://purl.org/rss/1.0/modules/content/">
            <format ns0:resource="http://www.w3.org/2000/svg" xmlns="http://purl.org/rss/1.0/modules/content/"/>
          </content:item>
        </content:li>
      </rdf:Bag>
    </content:items>
  </item>
</RDF>

[INFO] Tests run: 1, Failures: 0, Errors: 0, Skipped: 0, Time elapsed: 0.108 s - in com.rometools.modules.content.ContentModuleGeneratorTest
[INFO] Running com.rometools.modules.content.ContentModuleImplTest
23:44:19.595 [main] DEBUG com.rometools.modules.content.ContentModuleImplTest - testContents
23:44:19.596 [main] DEBUG com.rometools.modules.content.ContentModuleImplTest - testCopyFrom
23:44:19.596 [main] DEBUG com.rometools.modules.content.ContentModuleImplTest - testInterface
23:44:19.597 [main] DEBUG com.rometools.modules.content.ContentModuleImplTest - testContentItems
[INFO] Tests run: 5, Failures: 0, Errors: 0, Skipped: 0, Time elapsed: 0.008 s - in com.rometools.modules.content.ContentModuleImplTest
[INFO] Running com.rometools.modules.content.ContentModuleParserTest
[INFO] Tests run: 1, Failures: 0, Errors: 0, Skipped: 0, Time elapsed: 0.002 s - in com.rometools.modules.content.ContentModuleParserTest
[INFO] Running com.rometools.modules.feedpress.FeedpressGeneratorTest
23:44:19.632 [main] DEBUG com.rometools.modules.feedpress.FeedpressGeneratorTest - testGenerateAtom
23:44:19.644 [main] DEBUG com.rometools.modules.feedpress.FeedpressGeneratorTest - <feed xmlns:feedpress="https://feed.press/xmlns" xmlns="http://www.w3.org/2005/Atom">
  <title type="">Lorem Ipsum</title>
  <link href="http://example.org" rel="alternate"/>
  <feedpress:newsletterId>abc123</feedpress:newsletterId>
  <feedpress:locale>en</feedpress:locale>
  <feedpress:podcastId>xyz123</feedpress:podcastId>
  <feedpress:cssFile>http://example.org/style.css</feedpress:cssFile>
  <entry>
    <title type="">Lorem Ipsum</title>
    <link href="http://example.org/episode1" rel="alternate"/>
    <link href="http://example.org/episode1.m4a" rel="enclosure"/>
    <author>
      <name/>
    </author>
    <id>http://example.org/episode1</id>
  </entry>
</feed>

23:44:19.645 [main] DEBUG com.rometools.modules.feedpress.FeedpressGeneratorTest - testGenerateRss
23:44:19.653 [main] DEBUG com.rometools.modules.feedpress.FeedpressGeneratorTest - <?xml-stylesheet type="text/xsl" href="/~files/feed-premium.xsl"?><rss xmlns:feedpress="https://feed.press/xmlns" version="2.0">
  <channel>
    <title>Lorem Ipsum</title>
    <link>http://example.org</link>
    <description>Lorem Ipsum</description>
    <feedpress:newsletterId>abc123</feedpress:newsletterId>
    <feedpress:locale>en</feedpress:locale>
    <feedpress:podcastId>xyz123</feedpress:podcastId>
    <feedpress:cssFile>http://example.org/style.css</feedpress:cssFile>
    <item>
      <title>Lorem Ipsum</title>
      <link>http://example.org/episode1</link>
      <description>Lorem Ipsum</description>
      <guid isPermaLink="false">http://example.org/episode1</guid>
    </item>
  </channel>
</rss>

[INFO] Tests run: 3, Failures: 0, Errors: 0, Skipped: 0, Time elapsed: 0.03 s - in com.rometools.modules.feedpress.FeedpressGeneratorTest
[INFO] Running com.rometools.modules.feedpress.FeedpressParserTest
23:44:19.657 [main] DEBUG com.rometools.modules.feedpress.FeedpressParserTest - testParseAtom
23:44:19.668 [main] DEBUG com.rometools.modules.feedpress.FeedpressParserTest - testParseRss
[INFO] Tests run: 3, Failures: 0, Errors: 0, Skipped: 0, Time elapsed: 0.004 s - in com.rometools.modules.feedpress.FeedpressParserTest
[INFO] Running com.rometools.modules.fyyd.FyydGeneratorTest
23:44:19.682 [main] DEBUG com.rometools.modules.fyyd.FyydGeneratorTest - testGenerateAtom
23:44:19.693 [main] DEBUG com.rometools.modules.fyyd.FyydGeneratorTest - <feed xmlns:fyyd="https://fyyd.de/fyyd-ns/" xmlns="http://www.w3.org/2005/Atom">
  <title type="">Lorem Ipsum</title>
  <link href="http://example.org" rel="alternate"/>
  <fyyd:verify>abcdefg</fyyd:verify>
  <entry>
    <title type="">Lorem Ipsum</title>
    <link href="http://example.org/episode1" rel="alternate"/>
    <link href="http://example.org/episode1.m4a" rel="enclosure"/>
    <author>
      <name/>
    </author>
    <id>http://example.org/episode1</id>
  </entry>
</feed>

23:44:19.694 [main] DEBUG com.rometools.modules.fyyd.FyydGeneratorTest - testGenerateRss
23:44:19.747 [main] DEBUG com.rometools.modules.fyyd.FyydGeneratorTest - <rss xmlns:fyyd="https://fyyd.de/fyyd-ns/" version="2.0">
  <channel>
    <title>Lorem Ipsum</title>
    <link>http://example.org</link>
    <description>Lorem Ipsum</description>
    <fyyd:verify>abcdefg</fyyd:verify>
    <item>
      <title>Lorem Ipsum</title>
      <link>http://example.org/episode1</link>
      <description>Lorem Ipsum</description>
      <guid isPermaLink="false">http://example.org/episode1</guid>
    </item>
  </channel>
</rss>

[INFO] Tests run: 3, Failures: 0, Errors: 0, Skipped: 0, Time elapsed: 0.022 s - in com.rometools.modules.fyyd.FyydGeneratorTest
[INFO] Running com.rometools.modules.fyyd.FyydParserTest
23:44:19.751 [main] DEBUG com.rometools.modules.fyyd.FyydParserTest - testParseAtom
23:44:19.758 [main] DEBUG com.rometools.modules.fyyd.FyydParserTest - testParseRss
[INFO] Tests run: 3, Failures: 0, Errors: 0, Skipped: 0, Time elapsed: 0.004 s - in com.rometools.modules.fyyd.FyydParserTest
[INFO] Running com.rometools.modules.georss.GeoRSSModuleTest
[INFO] Tests run: 10, Failures: 0, Errors: 0, Skipped: 0, Time elapsed: 0.224 s - in com.rometools.modules.georss.GeoRSSModuleTest
[INFO] Running com.rometools.modules.itunes.ITunesGeneratorTest
23:44:20.064 [main] DEBUG com.rometools.modules.itunes.ITunesGeneratorTest - testEndToEnd
23:44:20.091 [main] DEBUG com.rometools.modules.itunes.ITunesGeneratorTest - [ email:  name: Harry Shearer categories: [Comedy, Comedy] complete: true newFeedUrl: http://example.org type: serial][ Author: Harry Shearer Block: false Explicit: null Image: http://a1.phobos.apple.com/Music/y2005/m06/d26/h21/mcdrrifv.jpg Keywords:  Subtitle: An hour's worth of Harry Shearer Summary: A weekly, hour-long romp through the worlds of media, politics, sports and show business, leavened with an eclectic mix of mysterious music, hosted by Harry Shearer.]
23:44:20.092 [main] DEBUG com.rometools.modules.itunes.ITunesGeneratorTest - Original: [ duration: 00:46:34 closedCaptioned: true order: 2 season: 1 episode: 1 title: test-itunes-title episodeType: full][ Author: Harry Shearer Block: false Explicit: false Image: http://example.org/image.png Keywords:  Subtitle:  Summary: ]
23:44:20.093 [main] DEBUG com.rometools.modules.itunes.ITunesGeneratorTest - Check:    [ duration: 00:46:34 closedCaptioned: true order: 2 season: 1 episode: 1 title: test-itunes-title episodeType: full][ Author: Harry Shearer Block: false Explicit: false Image: http://example.org/image.png Keywords:  Subtitle:  Summary: ]
23:44:20.093 [main] DEBUG com.rometools.modules.itunes.ITunesGeneratorTest - [ duration: 00:46:34 closedCaptioned: true order: 2 season: 1 episode: 1 title: test-itunes-title episodeType: full][ Author: Harry Shearer Block: false Explicit: false Image: http://example.org/image.png Keywords:  Subtitle:  Summary: ]
23:44:20.093 [main] DEBUG com.rometools.modules.itunes.ITunesGeneratorTest - -----------------------------------------
23:44:20.093 [main] DEBUG com.rometools.modules.itunes.ITunesGeneratorTest - [ duration: 00:46:34 closedCaptioned: true order: 2 season: 1 episode: 1 title: test-itunes-title episodeType: full][ Author: Harry Shearer Block: false Explicit: false Image: http://example.org/image.png Keywords:  Subtitle:  Summary: ]
23:44:20.093 [main] DEBUG com.rometools.modules.itunes.ITunesGeneratorTest - Original: [ duration: 00:44:00 closedCaptioned: false order: null season: 1 episode: 2 title: le Show episodeType: trailer][ Author: Harry Shearer Block: false Explicit: true Image: null Keywords:  Subtitle: 
 Summary: 
]
23:44:20.093 [main] DEBUG com.rometools.modules.itunes.ITunesGeneratorTest - Check:    [ duration: 00:44:00 closedCaptioned: false order: null season: 1 episode: 2 title: le Show episodeType: trailer][ Author: Harry Shearer Block: false Explicit: true Image: null Keywords:  Subtitle: 
 Summary: 
]
23:44:20.093 [main] DEBUG com.rometools.modules.itunes.ITunesGeneratorTest - [ duration: 00:44:00 closedCaptioned: false order: null season: 1 episode: 2 title: le Show episodeType: trailer][ Author: Harry Shearer Block: false Explicit: true Image: null Keywords:  Subtitle: 
 Summary: 
]
23:44:20.093 [main] DEBUG com.rometools.modules.itunes.ITunesGeneratorTest - -----------------------------------------
23:44:20.093 [main] DEBUG com.rometools.modules.itunes.ITunesGeneratorTest - [ duration: 00:44:00 closedCaptioned: false order: null season: 1 episode: 2 title: le Show episodeType: trailer][ Author: Harry Shearer Block: false Explicit: true Image: null Keywords:  Subtitle: 
 Summary: 
]
23:44:20.094 [main] DEBUG com.rometools.modules.itunes.ITunesGeneratorTest - Original: [ duration: 00:48:33 closedCaptioned: false order: null season: 1 episode: 2 title: le Show episodeType: bonus][ Author: Harry Shearer Block: false Explicit: null Image: null Keywords:  Subtitle: 
 Summary: 
]
23:44:20.094 [main] DEBUG com.rometools.modules.itunes.ITunesGeneratorTest - Check:    [ duration: 00:48:33 closedCaptioned: false order: null season: 1 episode: 2 title: le Show episodeType: bonus][ Author: Harry Shearer Block: false Explicit: null Image: null Keywords:  Subtitle: 
 Summary: 
]
23:44:20.094 [main] DEBUG com.rometools.modules.itunes.ITunesGeneratorTest - [ duration: 00:48:33 closedCaptioned: false order: null season: 1 episode: 2 title: le Show episodeType: bonus][ Author: Harry Shearer Block: false Explicit: null Image: null Keywords:  Subtitle: 
 Summary: 
]
23:44:20.094 [main] DEBUG com.rometools.modules.itunes.ITunesGeneratorTest - -----------------------------------------
23:44:20.094 [main] DEBUG com.rometools.modules.itunes.ITunesGeneratorTest - [ duration: 00:48:33 closedCaptioned: false order: null season: 1 episode: 2 title: le Show episodeType: bonus][ Author: Harry Shearer Block: false Explicit: null Image: null Keywords:  Subtitle: 
 Summary: 
]
23:44:20.094 [main] DEBUG com.rometools.modules.itunes.ITunesGeneratorTest - Original: [ duration: 00:45:56 closedCaptioned: false order: null season: null episode: null title: le Show episodeType: null][ Author: Harry Shearer Block: false Explicit: null Image: null Keywords:  Subtitle:  Summary: ]
23:44:20.094 [main] DEBUG com.rometools.modules.itunes.ITunesGeneratorTest - Check:    [ duration: 00:45:56 closedCaptioned: false order: null season: null episode: null title: le Show episodeType: null][ Author: Harry Shearer Block: false Explicit: null Image: null Keywords:  Subtitle:  Summary: ]
23:44:20.095 [main] DEBUG com.rometools.modules.itunes.ITunesGeneratorTest - [ duration: 00:45:56 closedCaptioned: false order: null season: null episode: null title: le Show episodeType: null][ Author: Harry Shearer Block: false Explicit: null Image: null Keywords:  Subtitle:  Summary: ]
23:44:20.095 [main] DEBUG com.rometools.modules.itunes.ITunesGeneratorTest - -----------------------------------------
23:44:20.095 [main] DEBUG com.rometools.modules.itunes.ITunesGeneratorTest - [ duration: 00:45:56 closedCaptioned: false order: null season: null episode: null title: le Show episodeType: null][ Author: Harry Shearer Block: false Explicit: null Image: null Keywords:  Subtitle:  Summary: ]
23:44:20.123 [main] WARN  com.rometools.modules.itunes.io.ITunesParser - Malformed URL Exception reading itunes:image tag: 
23:44:20.184 [main] WARN  com.rometools.modules.itunes.io.ITunesParser - Malformed URL Exception reading itunes:image tag: 
23:44:20.185 [main] WARN  com.rometools.modules.itunes.io.ITunesParser - Malformed URL Exception reading itunes:image tag: 
23:44:20.186 [main] WARN  com.rometools.modules.itunes.io.ITunesParser - Failed to parse duration: 
23:44:20.187 [main] WARN  com.rometools.modules.itunes.io.ITunesParser - Failed to parse duration: 
23:44:20.188 [main] WARN  com.rometools.modules.itunes.io.ITunesParser - Failed to parse duration: 
23:44:20.189 [main] WARN  com.rometools.modules.itunes.io.ITunesParser - Failed to parse duration: 
23:44:20.190 [main] WARN  com.rometools.modules.itunes.io.ITunesParser - Failed to parse duration: 
23:44:20.191 [main] WARN  com.rometools.modules.itunes.io.ITunesParser - Failed to parse duration: 
23:44:20.192 [main] WARN  com.rometools.modules.itunes.io.ITunesParser - Failed to parse duration: 
23:44:20.194 [main] WARN  com.rometools.modules.itunes.io.ITunesParser - Failed to parse duration: 
23:44:20.198 [main] DEBUG com.rometools.modules.itunes.ITunesGeneratorTest - [ email: podmaster@kcrw.org name: KCRW Podmaster categories: [ -> Politics] complete: false newFeedUrl: null type: null][ Author: R.Scheer, A.Huffington, M.Miller &amp; T.Blankley Block: false Explicit: null Image:  Keywords:  Subtitle: KCRW's weekly confrontation over politics, policy and popular culture. Summary: Provocative, up-to-the-minute, alive and witty, KCRW's weekly confrontation over politics, policy and popular culture proves those with impeccable credentials needn't lack personality. Featuring four of the most insightful news analysts anywhere, this weekly "love-hate relationship of the air" reaches about 50,000 of the most influential radio listeners in Southern California.]
23:44:20.198 [main] DEBUG com.rometools.modules.itunes.ITunesGeneratorTest - Original: [ duration: 00:28:59 closedCaptioned: false order: null season: null episode: null title: China's Big Visit; Big Changes at the White House; Golly Gee, Gas Prices! episodeType: null][ Author: R.Scheer, A.Huffington, M.Miller &amp; T.Blankley Block: false Explicit: false Image: null Keywords:  Subtitle:  Summary: ]
23:44:20.198 [main] DEBUG com.rometools.modules.itunes.ITunesGeneratorTest - Check:    [ duration: 00:28:59 closedCaptioned: false order: null season: null episode: null title: China's Big Visit; Big Changes at the White House; Golly Gee, Gas Prices! episodeType: null][ Author: R.Scheer, A.Huffington, M.Miller &amp; T.Blankley Block: false Explicit: false Image: null Keywords:  Subtitle:  Summary: ]
23:44:20.198 [main] DEBUG com.rometools.modules.itunes.ITunesGeneratorTest - [ duration: 00:28:59 closedCaptioned: false order: null season: null episode: null title: China's Big Visit; Big Changes at the White House; Golly Gee, Gas Prices! episodeType: null][ Author: R.Scheer, A.Huffington, M.Miller &amp; T.Blankley Block: false Explicit: false Image: null Keywords:  Subtitle:  Summary: ]
23:44:20.198 [main] DEBUG com.rometools.modules.itunes.ITunesGeneratorTest - -----------------------------------------
23:44:20.199 [main] DEBUG com.rometools.modules.itunes.ITunesGeneratorTest - [ duration: 00:28:59 closedCaptioned: false order: null season: null episode: null title: China's Big Visit; Big Changes at the White House; Golly Gee, Gas Prices! episodeType: null][ Author: R.Scheer, A.Huffington, M.Miller &amp; T.Blankley Block: false Explicit: false Image: null Keywords:  Subtitle:  Summary: ]
23:44:20.199 [main] DEBUG com.rometools.modules.itunes.ITunesGeneratorTest - Original: [ duration: 00:29:00 closedCaptioned: false order: null season: null episode: null title: Iran Nukes; Rumsfeld Won't Go; Mitt Romney and Mass Healthcare episodeType: null][ Author: R.Scheer, A.Huffington, M.Miller &amp; T.Blankley Block: false Explicit: false Image: null Keywords:  Subtitle:  Summary: ]
23:44:20.199 [main] DEBUG com.rometools.modules.itunes.ITunesGeneratorTest - Check:    [ duration: 00:29:00 closedCaptioned: false order: null season: null episode: null title: Iran Nukes; Rumsfeld Won't Go; Mitt Romney and Mass Healthcare episodeType: null][ Author: R.Scheer, A.Huffington, M.Miller &amp; T.Blankley Block: false Explicit: false Image: null Keywords:  Subtitle:  Summary: ]
23:44:20.199 [main] DEBUG com.rometools.modules.itunes.ITunesGeneratorTest - [ duration: 00:29:00 closedCaptioned: false order: null season: null episode: null title: Iran Nukes; Rumsfeld Won't Go; Mitt Romney and Mass Healthcare episodeType: null][ Author: R.Scheer, A.Huffington, M.Miller &amp; T.Blankley Block: false Explicit: false Image: null Keywords:  Subtitle:  Summary: ]
23:44:20.200 [main] DEBUG com.rometools.modules.itunes.ITunesGeneratorTest - -----------------------------------------
23:44:20.200 [main] DEBUG com.rometools.modules.itunes.ITunesGeneratorTest - [ duration: 00:29:00 closedCaptioned: false order: null season: null episode: null title: Iran Nukes; Rumsfeld Won't Go; Mitt Romney and Mass Healthcare episodeType: null][ Author: R.Scheer, A.Huffington, M.Miller &amp; T.Blankley Block: false Explicit: false Image: null Keywords:  Subtitle:  Summary: ]
23:44:20.200 [main] DEBUG com.rometools.modules.itunes.ITunesGeneratorTest - Original: [ duration: 00:29:00 closedCaptioned: false order: null season: null episode: null title: Did W OK Libby Leak?; Delay's Departure; Uncompromising Positions on Immigration episodeType: null][ Author: R.Scheer, A.Huffington, M.Miller &amp; T.Blankley Block: false Explicit: false Image: null Keywords:  Subtitle: Lawrence O'Donnell, executive producer of The West Wing, hosts.  Matt Miller and Arianna Huffington are  away.<br clear=all> Summary: Lawrence O'Donnell, executive producer of The West Wing, hosts.  Matt Miller and Arianna Huffington are  away.<br clear=all>]
23:44:20.200 [main] DEBUG com.rometools.modules.itunes.ITunesGeneratorTest - Check:    [ duration: 00:29:00 closedCaptioned: false order: null season: null episode: null title: Did W OK Libby Leak?; Delay's Departure; Uncompromising Positions on Immigration episodeType: null][ Author: R.Scheer, A.Huffington, M.Miller &amp; T.Blankley Block: false Explicit: false Image: null Keywords:  Subtitle: Lawrence O'Donnell, executive producer of The West Wing, hosts.  Matt Miller and Arianna Huffington are  away.<br clear=all> Summary: Lawrence O'Donnell, executive producer of The West Wing, hosts.  Matt Miller and Arianna Huffington are  away.<br clear=all>]
23:44:20.200 [main] DEBUG com.rometools.modules.itunes.ITunesGeneratorTest - [ duration: 00:29:00 closedCaptioned: false order: null season: null episode: null title: Did W OK Libby Leak?; Delay's Departure; Uncompromising Positions on Immigration episodeType: null][ Author: R.Scheer, A.Huffington, M.Miller &amp; T.Blankley Block: false Explicit: false Image: null Keywords:  Subtitle: Lawrence O'Donnell, executive producer of The West Wing, hosts.  Matt Miller and Arianna Huffington are  away.<br clear=all> Summary: Lawrence O'Donnell, executive producer of The West Wing, hosts.  Matt Miller and Arianna Huffington are  away.<br clear=all>]
23:44:20.200 [main] DEBUG com.rometools.modules.itunes.ITunesGeneratorTest - -----------------------------------------
23:44:20.200 [main] DEBUG com.rometools.modules.itunes.ITunesGeneratorTest - [ duration: 00:29:00 closedCaptioned: false order: null season: null episode: null title: Did W OK Libby Leak?; Delay's Departure; Uncompromising Positions on Immigration episodeType: null][ Author: R.Scheer, A.Huffington, M.Miller &amp; T.Blankley Block: false Explicit: false Image: null Keywords:  Subtitle: Lawrence O'Donnell, executive producer of The West Wing, hosts.  Matt Miller and Arianna Huffington are  away.<br clear=all> Summary: Lawrence O'Donnell, executive producer of The West Wing, hosts.  Matt Miller and Arianna Huffington are  away.<br clear=all>]
23:44:20.200 [main] DEBUG com.rometools.modules.itunes.ITunesGeneratorTest - Original: [ duration: 00:29:00 closedCaptioned: false order: null season: null episode: null title: Immigration, French Employment Riots, White House Shakeup and One Last Word episodeType: null][ Author: R.Scheer, A.Huffington, M.Miller &amp; T.Blankley Block: false Explicit: false Image: null Keywords:  Subtitle:  Summary: ]
23:44:20.200 [main] DEBUG com.rometools.modules.itunes.ITunesGeneratorTest - Check:    [ duration: 00:29:00 closedCaptioned: false order: null season: null episode: null title: Immigration, French Employment Riots, White House Shakeup and One Last Word episodeType: null][ Author: R.Scheer, A.Huffington, M.Miller &amp; T.Blankley Block: false Explicit: false Image: null Keywords:  Subtitle:  Summary: ]
23:44:20.201 [main] DEBUG com.rometools.modules.itunes.ITunesGeneratorTest - [ duration: 00:29:00 closedCaptioned: false order: null season: null episode: null title: Immigration, French Employment Riots, White House Shakeup and One Last Word episodeType: null][ Author: R.Scheer, A.Huffington, M.Miller &amp; T.Blankley Block: false Explicit: false Image: null Keywords:  Subtitle:  Summary: ]
23:44:20.201 [main] DEBUG com.rometools.modules.itunes.ITunesGeneratorTest - -----------------------------------------
23:44:20.201 [main] DEBUG com.rometools.modules.itunes.ITunesGeneratorTest - [ duration: 00:29:00 closedCaptioned: false order: null season: null episode: null title: Immigration, French Employment Riots, White House Shakeup and One Last Word episodeType: null][ Author: R.Scheer, A.Huffington, M.Miller &amp; T.Blankley Block: false Explicit: false Image: null Keywords:  Subtitle:  Summary: ]
23:44:20.201 [main] DEBUG com.rometools.modules.itunes.ITunesGeneratorTest - Original: [ duration: 00:28:59 closedCaptioned: false order: null season: null episode: null title: Iraq, Third Anniversary; Media Response; Republicans and Immigration episodeType: null][ Author: R.Scheer, A.Huffington, M.Miller &amp; T.Blankley Block: false Explicit: false Image: null Keywords:  Subtitle: Lawrence O'Donnell, executive producer of <a href=&quothttp://www.nbc.com/The_West_Wing&quot target=&quotnew&quot>The West Wing</a>, sits in for Matt Miller, who is away.<br> Summary: Lawrence O'Donnell, executive producer of <a href=&quothttp://www.nbc.com/The_West_Wing&quot target=&quotnew&quot>The West Wing</a>, sits in for Matt Miller, who is away.<br>]
23:44:20.201 [main] DEBUG com.rometools.modules.itunes.ITunesGeneratorTest - Check:    [ duration: 00:28:59 closedCaptioned: false order: null season: null episode: null title: Iraq, Third Anniversary; Media Response; Republicans and Immigration episodeType: null][ Author: R.Scheer, A.Huffington, M.Miller &amp; T.Blankley Block: false Explicit: false Image: null Keywords:  Subtitle: Lawrence O'Donnell, executive producer of <a href=&quothttp://www.nbc.com/The_West_Wing&quot target=&quotnew&quot>The West Wing</a>, sits in for Matt Miller, who is away.<br> Summary: Lawrence O'Donnell, executive producer of <a href=&quothttp://www.nbc.com/The_West_Wing&quot target=&quotnew&quot>The West Wing</a>, sits in for Matt Miller, who is away.<br>]
23:44:20.201 [main] DEBUG com.rometools.modules.itunes.ITunesGeneratorTest - [ duration: 00:28:59 closedCaptioned: false order: null season: null episode: null title: Iraq, Third Anniversary; Media Response; Republicans and Immigration episodeType: null][ Author: R.Scheer, A.Huffington, M.Miller &amp; T.Blankley Block: false Explicit: false Image: null Keywords:  Subtitle: Lawrence O'Donnell, executive producer of <a href=&quothttp://www.nbc.com/The_West_Wing&quot target=&quotnew&quot>The West Wing</a>, sits in for Matt Miller, who is away.<br> Summary: Lawrence O'Donnell, executive producer of <a href=&quothttp://www.nbc.com/The_West_Wing&quot target=&quotnew&quot>The West Wing</a>, sits in for Matt Miller, who is away.<br>]
23:44:20.201 [main] DEBUG com.rometools.modules.itunes.ITunesGeneratorTest - -----------------------------------------
23:44:20.201 [main] DEBUG com.rometools.modules.itunes.ITunesGeneratorTest - [ duration: 00:28:59 closedCaptioned: false order: null season: null episode: null title: Iraq, Third Anniversary; Media Response; Republicans and Immigration episodeType: null][ Author: R.Scheer, A.Huffington, M.Miller &amp; T.Blankley Block: false Explicit: false Image: null Keywords:  Subtitle: Lawrence O'Donnell, executive producer of <a href=&quothttp://www.nbc.com/The_West_Wing&quot target=&quotnew&quot>The West Wing</a>, sits in for Matt Miller, who is away.<br> Summary: Lawrence O'Donnell, executive producer of <a href=&quothttp://www.nbc.com/The_West_Wing&quot target=&quotnew&quot>The West Wing</a>, sits in for Matt Miller, who is away.<br>]
23:44:20.202 [main] DEBUG com.rometools.modules.itunes.ITunesGeneratorTest - Original: [ duration: 00:28:59 closedCaptioned: false order: null season: null episode: null title: Iran Wants to Talk; Republicans Drunk on Debt; Impeachment: New Battle Cry of Far Left, Far Right! episodeType: null][ Author: R.Scheer, A.Huffington, M.Miller &amp; T.Blankley Block: false Explicit: false Image: null Keywords:  Subtitle: Arianna Huffington is away.<br> Summary: Arianna Huffington is away.<br>]
23:44:20.202 [main] DEBUG com.rometools.modules.itunes.ITunesGeneratorTest - Check:    [ duration: 00:28:59 closedCaptioned: false order: null season: null episode: null title: Iran Wants to Talk; Republicans Drunk on Debt; Impeachment: New Battle Cry of Far Left, Far Right! episodeType: null][ Author: R.Scheer, A.Huffington, M.Miller &amp; T.Blankley Block: false Explicit: false Image: null Keywords:  Subtitle: Arianna Huffington is away.<br> Summary: Arianna Huffington is away.<br>]
23:44:20.202 [main] DEBUG com.rometools.modules.itunes.ITunesGeneratorTest - [ duration: 00:28:59 closedCaptioned: false order: null season: null episode: null title: Iran Wants to Talk; Republicans Drunk on Debt; Impeachment: New Battle Cry of Far Left, Far Right! episodeType: null][ Author: R.Scheer, A.Huffington, M.Miller &amp; T.Blankley Block: false Explicit: false Image: null Keywords:  Subtitle: Arianna Huffington is away.<br> Summary: Arianna Huffington is away.<br>]
23:44:20.202 [main] DEBUG com.rometools.modules.itunes.ITunesGeneratorTest - -----------------------------------------
23:44:20.202 [main] DEBUG com.rometools.modules.itunes.ITunesGeneratorTest - [ duration: 00:28:59 closedCaptioned: false order: null season: null episode: null title: Iran Wants to Talk; Republicans Drunk on Debt; Impeachment: New Battle Cry of Far Left, Far Right! episodeType: null][ Author: R.Scheer, A.Huffington, M.Miller &amp; T.Blankley Block: false Explicit: false Image: null Keywords:  Subtitle: Arianna Huffington is away.<br> Summary: Arianna Huffington is away.<br>]
23:44:20.202 [main] DEBUG com.rometools.modules.itunes.ITunesGeneratorTest - Original: [ duration: 00:28:59 closedCaptioned: false order: null season: null episode: null title: Bye-Bye, Dubai; Bush's Plummeting Polls; Why Democrats Can't Get Traction; Economic Roundup episodeType: null][ Author: R.Scheer, A.Huffington, M.Miller &amp; T.Blankley Block: false Explicit: false Image: null Keywords:  Subtitle: Bye Bye, Dubai.  Bush's plummeting polls.  Why can't Democrats get traction?
Plus, Greenspan inks book deal.  Stock market rallies. (Arianna Huffington is away.)<br> Summary: Bye Bye, Dubai.  Bush's plummeting polls.  Why can't Democrats get traction?
Plus, Greenspan inks book deal.  Stock market rallies. (Arianna Huffington is away.)<br>]
23:44:20.202 [main] DEBUG com.rometools.modules.itunes.ITunesGeneratorTest - Check:    [ duration: 00:28:59 closedCaptioned: false order: null season: null episode: null title: Bye-Bye, Dubai; Bush's Plummeting Polls; Why Democrats Can't Get Traction; Economic Roundup episodeType: null][ Author: R.Scheer, A.Huffington, M.Miller &amp; T.Blankley Block: false Explicit: false Image: null Keywords:  Subtitle: Bye Bye, Dubai.  Bush's plummeting polls.  Why can't Democrats get traction?
Plus, Greenspan inks book deal.  Stock market rallies. (Arianna Huffington is away.)<br> Summary: Bye Bye, Dubai.  Bush's plummeting polls.  Why can't Democrats get traction?
Plus, Greenspan inks book deal.  Stock market rallies. (Arianna Huffington is away.)<br>]
23:44:20.202 [main] DEBUG com.rometools.modules.itunes.ITunesGeneratorTest - [ duration: 00:28:59 closedCaptioned: false order: null season: null episode: null title: Bye-Bye, Dubai; Bush's Plummeting Polls; Why Democrats Can't Get Traction; Economic Roundup episodeType: null][ Author: R.Scheer, A.Huffington, M.Miller &amp; T.Blankley Block: false Explicit: false Image: null Keywords:  Subtitle: Bye Bye, Dubai.  Bush's plummeting polls.  Why can't Democrats get traction?
Plus, Greenspan inks book deal.  Stock market rallies. (Arianna Huffington is away.)<br> Summary: Bye Bye, Dubai.  Bush's plummeting polls.  Why can't Democrats get traction?
Plus, Greenspan inks book deal.  Stock market rallies. (Arianna Huffington is away.)<br>]
23:44:20.202 [main] DEBUG com.rometools.modules.itunes.ITunesGeneratorTest - -----------------------------------------
23:44:20.202 [main] DEBUG com.rometools.modules.itunes.ITunesGeneratorTest - [ duration: 00:28:59 closedCaptioned: false order: null season: null episode: null title: Bye-Bye, Dubai; Bush's Plummeting Polls; Why Democrats Can't Get Traction; Economic Roundup episodeType: null][ Author: R.Scheer, A.Huffington, M.Miller &amp; T.Blankley Block: false Explicit: false Image: null Keywords:  Subtitle: Bye Bye, Dubai.  Bush's plummeting polls.  Why can't Democrats get traction?
Plus, Greenspan inks book deal.  Stock market rallies. (Arianna Huffington is away.)<br> Summary: Bye Bye, Dubai.  Bush's plummeting polls.  Why can't Democrats get traction?
Plus, Greenspan inks book deal.  Stock market rallies. (Arianna Huffington is away.)<br>]
23:44:20.203 [main] DEBUG com.rometools.modules.itunes.ITunesGeneratorTest - Original: [ duration: 00:29:00 closedCaptioned: false order: null season: null episode: null title: Nukes in the News; Doubts on Dubai Ports; Katrina Culpability; Is Iraq Irreparable? episodeType: null][ Author: R.Scheer, A.Huffington, M.Miller &amp; T.Blankley Block: false Explicit: false Image: null Keywords:  Subtitle: Lawrence O'Donnell sits in for Matt Miller as moderator.<br> Summary: Lawrence O'Donnell sits in for Matt Miller as moderator.<br>]
23:44:20.203 [main] DEBUG com.rometools.modules.itunes.ITunesGeneratorTest - Check:    [ duration: 00:29:00 closedCaptioned: false order: null season: null episode: null title: Nukes in the News; Doubts on Dubai Ports; Katrina Culpability; Is Iraq Irreparable? episodeType: null][ Author: R.Scheer, A.Huffington, M.Miller &amp; T.Blankley Block: false Explicit: false Image: null Keywords:  Subtitle: Lawrence O'Donnell sits in for Matt Miller as moderator.<br> Summary: Lawrence O'Donnell sits in for Matt Miller as moderator.<br>]
23:44:20.203 [main] DEBUG com.rometools.modules.itunes.ITunesGeneratorTest - [ duration: 00:29:00 closedCaptioned: false order: null season: null episode: null title: Nukes in the News; Doubts on Dubai Ports; Katrina Culpability; Is Iraq Irreparable? episodeType: null][ Author: R.Scheer, A.Huffington, M.Miller &amp; T.Blankley Block: false Explicit: false Image: null Keywords:  Subtitle: Lawrence O'Donnell sits in for Matt Miller as moderator.<br> Summary: Lawrence O'Donnell sits in for Matt Miller as moderator.<br>]
23:44:20.203 [main] DEBUG com.rometools.modules.itunes.ITunesGeneratorTest - -----------------------------------------
23:44:20.203 [main] DEBUG com.rometools.modules.itunes.ITunesGeneratorTest - [ duration: 00:29:00 closedCaptioned: false order: null season: null episode: null title: Nukes in the News; Doubts on Dubai Ports; Katrina Culpability; Is Iraq Irreparable? episodeType: null][ Author: R.Scheer, A.Huffington, M.Miller &amp; T.Blankley Block: false Explicit: false Image: null Keywords:  Subtitle: Lawrence O'Donnell sits in for Matt Miller as moderator.<br> Summary: Lawrence O'Donnell sits in for Matt Miller as moderator.<br>]
23:44:20.203 [main] DEBUG com.rometools.modules.itunes.ITunesGeneratorTest - Original: [ duration: null closedCaptioned: false order: null season: null episode: null title: Civil War in Iraq? Port Wars in the US? Bye Bye, Larry Summers and Defending Free Speech episodeType: null][ Author: R.Scheer, A.Huffington, M.Miller &amp; T.Blankley Block: false Explicit: false Image: null Keywords:  Subtitle:  Summary: ]
23:44:20.203 [main] DEBUG com.rometools.modules.itunes.ITunesGeneratorTest - Check:    [ duration: null closedCaptioned: false order: null season: null episode: null title: Civil War in Iraq? Port Wars in the US? Bye Bye, Larry Summers and Defending Free Speech episodeType: null][ Author: R.Scheer, A.Huffington, M.Miller &amp; T.Blankley Block: false Explicit: false Image: null Keywords:  Subtitle:  Summary: ]
23:44:20.203 [main] DEBUG com.rometools.modules.itunes.ITunesGeneratorTest - [ duration: null closedCaptioned: false order: null season: null episode: null title: Civil War in Iraq? Port Wars in the US? Bye Bye, Larry Summers and Defending Free Speech episodeType: null][ Author: R.Scheer, A.Huffington, M.Miller &amp; T.Blankley Block: false Explicit: false Image: null Keywords:  Subtitle:  Summary: ]
23:44:20.203 [main] DEBUG com.rometools.modules.itunes.ITunesGeneratorTest - -----------------------------------------
23:44:20.203 [main] DEBUG com.rometools.modules.itunes.ITunesGeneratorTest - [ duration: null closedCaptioned: false order: null season: null episode: null title: Civil War in Iraq? Port Wars in the US? Bye Bye, Larry Summers and Defending Free Speech episodeType: null][ Author: R.Scheer, A.Huffington, M.Miller &amp; T.Blankley Block: false Explicit: false Image: null Keywords:  Subtitle:  Summary: ]
23:44:20.240 [main] DEBUG com.rometools.modules.itunes.ITunesGeneratorTest - <rss xmlns:dc="http://purl.org/dc/elements/1.1/" xmlns:itunes="http://www.itunes.com/dtds/podcast-1.0.dtd" version="2.0">
  <channel>
    <title>sales.com on the Radio!</title>
    <link>http://foo/rss/podcasts.rss</link>
    <description>sales.com radio shows in MP3 format</description>
    <language>en-us</language>
    <language>
      <dc:language>en-us</dc:language>
    </language>
    <itunes:owner>
      <itunes:email>patti@sales.com</itunes:email>
      <itunes:name>sales.com</itunes:name>
    </itunes:owner>
    <itunes:category text="Shopping"/>
    <itunes:type>serial</itunes:type>
  </channel>
</rss>

[INFO] Tests run: 5, Failures: 0, Errors: 0, Skipped: 0, Time elapsed: 0.592 s - in com.rometools.modules.itunes.ITunesGeneratorTest
[INFO] Running com.rometools.modules.itunes.ITunesParserTest
23:44:20.255 [main] DEBUG com.rometools.modules.itunes.ITunesParserTest - [ duration: 00:46:34 closedCaptioned: false order: null season: 1 episode: 1 title: le Show episodeType: full][ Author: Harry Shearer Block: false Explicit: false Image: null Keywords:  Subtitle:  Summary: ]
23:44:20.256 [main] DEBUG com.rometools.modules.itunes.ITunesParserTest - [ duration: 00:44:00 closedCaptioned: false order: null season: 1 episode: 2 title: le Show episodeType: trailer][ Author: Harry Shearer Block: false Explicit: false Image: null Keywords:  Subtitle: 
             Summary: 
            ]
23:44:20.256 [main] DEBUG com.rometools.modules.itunes.ITunesParserTest - [ duration: 00:48:33 closedCaptioned: false order: null season: 1 episode: 2 title: le Show episodeType: bonus][ Author: Harry Shearer Block: false Explicit: false Image: null Keywords:  Subtitle: 
             Summary: 
            ]
23:44:20.256 [main] DEBUG com.rometools.modules.itunes.ITunesParserTest - [ duration: 00:45:56 closedCaptioned: false order: null season: null episode: null title: le Show episodeType: null][ Author: Harry Shearer Block: false Explicit: false Image: null Keywords:  Subtitle:  Summary: ]
23:44:20.274 [main] DEBUG com.rometools.modules.itunes.ITunesParserTest - 00:04:49
23:44:20.275 [main] DEBUG com.rometools.modules.itunes.ITunesParserTest - 00:04:11
23:44:20.275 [main] DEBUG com.rometools.modules.itunes.ITunesParserTest - 00:03:41
23:44:20.275 [main] DEBUG com.rometools.modules.itunes.ITunesParserTest - 00:03:42
23:44:20.275 [main] DEBUG com.rometools.modules.itunes.ITunesParserTest - 00:02:47
23:44:20.275 [main] DEBUG com.rometools.modules.itunes.ITunesParserTest - 00:04:22
23:44:20.275 [main] DEBUG com.rometools.modules.itunes.ITunesParserTest - 00:04:22
23:44:20.275 [main] DEBUG com.rometools.modules.itunes.ITunesParserTest - 00:03:39
23:44:20.275 [main] DEBUG com.rometools.modules.itunes.ITunesParserTest - 00:04:43
23:44:20.275 [main] DEBUG com.rometools.modules.itunes.ITunesParserTest - 00:03:54
23:44:20.275 [main] DEBUG com.rometools.modules.itunes.ITunesParserTest - 00:03:47
23:44:20.275 [main] DEBUG com.rometools.modules.itunes.ITunesParserTest - 00:03:51
23:44:20.275 [main] DEBUG com.rometools.modules.itunes.ITunesParserTest - 00:03:36
23:44:20.275 [main] DEBUG com.rometools.modules.itunes.ITunesParserTest - 00:04:10
23:44:20.275 [main] DEBUG com.rometools.modules.itunes.ITunesParserTest - 00:03:32
23:44:20.299 [main] WARN  com.rometools.modules.itunes.io.ITunesParser - Failed to parse duration: 00:00:00:01
23:44:20.300 [main] DEBUG com.rometools.modules.itunes.ITunesParserTest - testGetNamespaceUri
23:44:20.306 [main] WARN  com.rometools.modules.itunes.io.ITunesParser - Malformed URL Exception reading itunes:image tag: gs://some-location/whitespaces are allowed/2.jpg
23:44:20.320 [main] WARN  com.rometools.modules.itunes.io.ITunesParser - Failed to parse duration: 
[INFO] Tests run: 9, Failures: 0, Errors: 0, Skipped: 0, Time elapsed: 0.051 s - in com.rometools.modules.itunes.ITunesParserTest
[INFO] Running com.rometools.modules.itunes.types.DurationTest
23:44:20.323 [main] DEBUG com.rometools.modules.itunes.types.DurationTest - testToString
23:44:20.323 [main] DEBUG com.rometools.modules.itunes.types.DurationTest - 02:03:20
23:44:20.323 [main] DEBUG com.rometools.modules.itunes.types.DurationTest - 12001:02:01
23:44:20.324 [main] DEBUG com.rometools.modules.itunes.types.DurationTest - testGetMilliseconds
[INFO] Tests run: 2, Failures: 0, Errors: 0, Skipped: 0, Time elapsed: 0.007 s - in com.rometools.modules.itunes.types.DurationTest
[INFO] Running com.rometools.modules.ITunesGeneratorTest
23:44:20.326 [main] DEBUG com.rometools.modules.ITunesGeneratorTest - testEndToEnd
23:44:20.352 [main] DEBUG com.rometools.modules.ITunesGeneratorTest - [ email:  name: Harry Shearer categories: [Comedy, Comedy] complete: true newFeedUrl: http://example.org type: serial][ Author: Harry Shearer Block: false Explicit: null Image: http://a1.phobos.apple.com/Music/y2005/m06/d26/h21/mcdrrifv.jpg Keywords:  Subtitle: An hour's worth of Harry Shearer Summary: A weekly, hour-long romp through the worlds of media, politics, sports and show business, leavened with an eclectic mix of mysterious music, hosted by Harry Shearer.]
23:44:20.352 [main] DEBUG com.rometools.modules.ITunesGeneratorTest - Original: [ duration: 00:46:34 closedCaptioned: true order: 2 season: 1 episode: 1 title: test-itunes-title episodeType: full][ Author: Harry Shearer Block: false Explicit: false Image: http://example.org/image.png Keywords:  Subtitle:  Summary: ]
23:44:20.352 [main] DEBUG com.rometools.modules.ITunesGeneratorTest - Check:    [ duration: 00:46:34 closedCaptioned: true order: 2 season: 1 episode: 1 title: test-itunes-title episodeType: full][ Author: Harry Shearer Block: false Explicit: false Image: http://example.org/image.png Keywords:  Subtitle:  Summary: ]
23:44:20.352 [main] DEBUG com.rometools.modules.ITunesGeneratorTest - Original: [ duration: 00:44:00 closedCaptioned: false order: null season: 1 episode: 2 title: le Show episodeType: trailer][ Author: Harry Shearer Block: false Explicit: true Image: null Keywords:  Subtitle: 
 Summary: 
]
23:44:20.352 [main] DEBUG com.rometools.modules.ITunesGeneratorTest - Check:    [ duration: 00:44:00 closedCaptioned: false order: null season: 1 episode: 2 title: le Show episodeType: trailer][ Author: Harry Shearer Block: false Explicit: true Image: null Keywords:  Subtitle: 
 Summary: 
]
23:44:20.352 [main] DEBUG com.rometools.modules.ITunesGeneratorTest - Original: [ duration: 00:48:33 closedCaptioned: false order: null season: 1 episode: 2 title: le Show episodeType: bonus][ Author: Harry Shearer Block: false Explicit: null Image: null Keywords:  Subtitle: 
 Summary: 
]
23:44:20.352 [main] DEBUG com.rometools.modules.ITunesGeneratorTest - Check:    [ duration: 00:48:33 closedCaptioned: false order: null season: 1 episode: 2 title: le Show episodeType: bonus][ Author: Harry Shearer Block: false Explicit: null Image: null Keywords:  Subtitle: 
 Summary: 
]
23:44:20.353 [main] DEBUG com.rometools.modules.ITunesGeneratorTest - Original: [ duration: 00:45:56 closedCaptioned: false order: null season: null episode: null title: le Show episodeType: null][ Author: Harry Shearer Block: false Explicit: null Image: null Keywords:  Subtitle:  Summary: ]
23:44:20.353 [main] DEBUG com.rometools.modules.ITunesGeneratorTest - Check:    [ duration: 00:45:56 closedCaptioned: false order: null season: null episode: null title: le Show episodeType: null][ Author: Harry Shearer Block: false Explicit: null Image: null Keywords:  Subtitle:  Summary: ]
[INFO] Tests run: 1, Failures: 0, Errors: 0, Skipped: 0, Time elapsed: 0.05 s - in com.rometools.modules.ITunesGeneratorTest
[INFO] Running com.rometools.modules.mediarss.GoogleTest
23:44:20.398 [main] WARN  com.rometools.modules.itunes.io.ITunesParser - Malformed URL Exception reading itunes:image tag: 
23:44:20.417 [main] WARN  com.rometools.modules.itunes.io.ITunesParser - Malformed URL Exception reading itunes:image tag: 
23:44:20.417 [main] WARN  com.rometools.modules.itunes.io.ITunesParser - Malformed URL Exception reading itunes:image tag: 
23:44:20.418 [main] WARN  com.rometools.modules.itunes.io.ITunesParser - Failed to parse duration: 
23:44:20.419 [main] WARN  com.rometools.modules.itunes.io.ITunesParser - Failed to parse duration: 
23:44:20.420 [main] WARN  com.rometools.modules.itunes.io.ITunesParser - Failed to parse duration: 
23:44:20.518 [main] DEBUG com.rometools.modules.base.io.GoogleBaseParser - Property: format doesn't have a tag mapping.
23:44:20.518 [main] DEBUG com.rometools.modules.base.io.GoogleBaseParser - Property: expirationDateTime doesn't have a tag mapping.
23:44:20.518 [main] DEBUG com.rometools.modules.base.io.GoogleBaseParser - Property: interface doesn't have a tag mapping.
23:44:20.518 [main] DEBUG com.rometools.modules.base.io.GoogleBaseParser - Property: uri doesn't have a tag mapping.
23:44:20.518 [main] DEBUG com.rometools.modules.base.io.GoogleBaseParser - Property: licenses doesn't have a tag mapping.
23:44:20.521 [main] DEBUG com.rometools.modules.base.io.GoogleBaseParser - Property: format doesn't have a tag mapping.
23:44:20.521 [main] DEBUG com.rometools.modules.base.io.GoogleBaseParser - Property: expirationDateTime doesn't have a tag mapping.
23:44:20.522 [main] DEBUG com.rometools.modules.base.io.GoogleBaseParser - Property: interface doesn't have a tag mapping.
23:44:20.522 [main] DEBUG com.rometools.modules.base.io.GoogleBaseParser - Property: uri doesn't have a tag mapping.
23:44:20.522 [main] DEBUG com.rometools.modules.base.io.GoogleBaseParser - Property: licenses doesn't have a tag mapping.
23:44:20.537 [main] DEBUG com.rometools.modules.base.io.GoogleBaseParser - Property: format doesn't have a tag mapping.
23:44:20.537 [main] DEBUG com.rometools.modules.base.io.GoogleBaseParser - Property: expirationDateTime doesn't have a tag mapping.
23:44:20.537 [main] DEBUG com.rometools.modules.base.io.GoogleBaseParser - Property: interface doesn't have a tag mapping.
23:44:20.537 [main] DEBUG com.rometools.modules.base.io.GoogleBaseParser - Property: uri doesn't have a tag mapping.
23:44:20.537 [main] DEBUG com.rometools.modules.base.io.GoogleBaseParser - Property: licenses doesn't have a tag mapping.
23:44:20.539 [main] DEBUG com.rometools.modules.base.io.GoogleBaseParser - Property: format doesn't have a tag mapping.
23:44:20.539 [main] DEBUG com.rometools.modules.base.io.GoogleBaseParser - Property: expirationDateTime doesn't have a tag mapping.
23:44:20.539 [main] DEBUG com.rometools.modules.base.io.GoogleBaseParser - Property: interface doesn't have a tag mapping.
23:44:20.539 [main] DEBUG com.rometools.modules.base.io.GoogleBaseParser - Property: uri doesn't have a tag mapping.
23:44:20.539 [main] DEBUG com.rometools.modules.base.io.GoogleBaseParser - Property: licenses doesn't have a tag mapping.
23:44:20.548 [main] DEBUG com.rometools.modules.base.io.GoogleBaseParser - Property: format doesn't have a tag mapping.
23:44:20.548 [main] DEBUG com.rometools.modules.base.io.GoogleBaseParser - Property: expirationDateTime doesn't have a tag mapping.
23:44:20.548 [main] DEBUG com.rometools.modules.base.io.GoogleBaseParser - Property: interface doesn't have a tag mapping.
23:44:20.548 [main] DEBUG com.rometools.modules.base.io.GoogleBaseParser - Property: uri doesn't have a tag mapping.
23:44:20.548 [main] DEBUG com.rometools.modules.base.io.GoogleBaseParser - Property: licenses doesn't have a tag mapping.
23:44:20.549 [main] DEBUG com.rometools.modules.base.io.GoogleBaseParser - Property: format doesn't have a tag mapping.
23:44:20.549 [main] DEBUG com.rometools.modules.base.io.GoogleBaseParser - Property: expirationDateTime doesn't have a tag mapping.
23:44:20.549 [main] DEBUG com.rometools.modules.base.io.GoogleBaseParser - Property: interface doesn't have a tag mapping.
23:44:20.549 [main] DEBUG com.rometools.modules.base.io.GoogleBaseParser - Property: uri doesn't have a tag mapping.
23:44:20.549 [main] DEBUG com.rometools.modules.base.io.GoogleBaseParser - Property: licenses doesn't have a tag mapping.
23:44:20.556 [main] DEBUG com.rometools.modules.base.io.GoogleBaseParser - Property: format doesn't have a tag mapping.
23:44:20.556 [main] DEBUG com.rometools.modules.base.io.GoogleBaseParser - Property: expirationDateTime doesn't have a tag mapping.
23:44:20.556 [main] DEBUG com.rometools.modules.base.io.GoogleBaseParser - Property: interface doesn't have a tag mapping.
23:44:20.556 [main] DEBUG com.rometools.modules.base.io.GoogleBaseParser - Property: uri doesn't have a tag mapping.
23:44:20.556 [main] DEBUG com.rometools.modules.base.io.GoogleBaseParser - Property: licenses doesn't have a tag mapping.
23:44:20.557 [main] DEBUG com.rometools.modules.base.io.GoogleBaseParser - Property: format doesn't have a tag mapping.
23:44:20.557 [main] DEBUG com.rometools.modules.base.io.GoogleBaseParser - Property: expirationDateTime doesn't have a tag mapping.
23:44:20.557 [main] DEBUG com.rometools.modules.base.io.GoogleBaseParser - Property: interface doesn't have a tag mapping.
23:44:20.557 [main] DEBUG com.rometools.modules.base.io.GoogleBaseParser - Property: uri doesn't have a tag mapping.
23:44:20.557 [main] DEBUG com.rometools.modules.base.io.GoogleBaseParser - Property: licenses doesn't have a tag mapping.
23:44:20.573 [main] DEBUG com.rometools.modules.base.io.GoogleBaseParser - Property: format doesn't have a tag mapping.
23:44:20.573 [main] DEBUG com.rometools.modules.base.io.GoogleBaseParser - Property: expirationDateTime doesn't have a tag mapping.
23:44:20.573 [main] DEBUG com.rometools.modules.base.io.GoogleBaseParser - Property: interface doesn't have a tag mapping.
23:44:20.573 [main] DEBUG com.rometools.modules.base.io.GoogleBaseParser - Property: uri doesn't have a tag mapping.
23:44:20.574 [main] DEBUG com.rometools.modules.base.io.GoogleBaseParser - Property: licenses doesn't have a tag mapping.
23:44:20.587 [main] DEBUG com.rometools.modules.base.io.GoogleBaseParser - Property: format doesn't have a tag mapping.
23:44:20.587 [main] DEBUG com.rometools.modules.base.io.GoogleBaseParser - Property: expirationDateTime doesn't have a tag mapping.
23:44:20.587 [main] DEBUG com.rometools.modules.base.io.GoogleBaseParser - Property: interface doesn't have a tag mapping.
23:44:20.587 [main] DEBUG com.rometools.modules.base.io.GoogleBaseParser - Property: uri doesn't have a tag mapping.
23:44:20.587 [main] DEBUG com.rometools.modules.base.io.GoogleBaseParser - Property: licenses doesn't have a tag mapping.
23:44:20.617 [main] DEBUG com.rometools.modules.base.io.GoogleBaseParser - Property: format doesn't have a tag mapping.
23:44:20.617 [main] DEBUG com.rometools.modules.base.io.GoogleBaseParser - Property: expirationDateTime doesn't have a tag mapping.
23:44:20.617 [main] DEBUG com.rometools.modules.base.io.GoogleBaseParser - Property: interface doesn't have a tag mapping.
23:44:20.617 [main] DEBUG com.rometools.modules.base.io.GoogleBaseParser - Property: uri doesn't have a tag mapping.
23:44:20.617 [main] DEBUG com.rometools.modules.base.io.GoogleBaseParser - Property: licenses doesn't have a tag mapping.
23:44:20.628 [main] DEBUG com.rometools.modules.base.io.GoogleBaseParser - Property: format doesn't have a tag mapping.
23:44:20.628 [main] DEBUG com.rometools.modules.base.io.GoogleBaseParser - Property: expirationDateTime doesn't have a tag mapping.
23:44:20.628 [main] DEBUG com.rometools.modules.base.io.GoogleBaseParser - Property: interface doesn't have a tag mapping.
23:44:20.628 [main] DEBUG com.rometools.modules.base.io.GoogleBaseParser - Property: uri doesn't have a tag mapping.
23:44:20.628 [main] DEBUG com.rometools.modules.base.io.GoogleBaseParser - Property: licenses doesn't have a tag mapping.
23:44:20.646 [main] DEBUG com.rometools.modules.base.io.GoogleBaseParser - Property: format doesn't have a tag mapping.
23:44:20.646 [main] DEBUG com.rometools.modules.base.io.GoogleBaseParser - Property: expirationDateTime doesn't have a tag mapping.
23:44:20.646 [main] DEBUG com.rometools.modules.base.io.GoogleBaseParser - Property: interface doesn't have a tag mapping.
23:44:20.646 [main] DEBUG com.rometools.modules.base.io.GoogleBaseParser - Property: uri doesn't have a tag mapping.
23:44:20.646 [main] DEBUG com.rometools.modules.base.io.GoogleBaseParser - Property: licenses doesn't have a tag mapping.
23:44:20.647 [main] DEBUG com.rometools.modules.base.io.GoogleBaseParser - Property: format doesn't have a tag mapping.
23:44:20.647 [main] DEBUG com.rometools.modules.base.io.GoogleBaseParser - Property: expirationDateTime doesn't have a tag mapping.
23:44:20.647 [main] DEBUG com.rometools.modules.base.io.GoogleBaseParser - Property: interface doesn't have a tag mapping.
23:44:20.647 [main] DEBUG com.rometools.modules.base.io.GoogleBaseParser - Property: uri doesn't have a tag mapping.
23:44:20.647 [main] DEBUG com.rometools.modules.base.io.GoogleBaseParser - Property: licenses doesn't have a tag mapping.
23:44:20.672 [main] DEBUG com.rometools.modules.base.io.GoogleBaseParser - Property: format doesn't have a tag mapping.
23:44:20.673 [main] DEBUG com.rometools.modules.base.io.GoogleBaseParser - Property: expirationDateTime doesn't have a tag mapping.
23:44:20.673 [main] DEBUG com.rometools.modules.base.io.GoogleBaseParser - Property: interface doesn't have a tag mapping.
23:44:20.673 [main] DEBUG com.rometools.modules.base.io.GoogleBaseParser - Property: uri doesn't have a tag mapping.
23:44:20.673 [main] DEBUG com.rometools.modules.base.io.GoogleBaseParser - Property: licenses doesn't have a tag mapping.
23:44:20.674 [main] DEBUG com.rometools.modules.base.io.GoogleBaseParser - Property: format doesn't have a tag mapping.
23:44:20.674 [main] DEBUG com.rometools.modules.base.io.GoogleBaseParser - Property: expirationDateTime doesn't have a tag mapping.
23:44:20.674 [main] DEBUG com.rometools.modules.base.io.GoogleBaseParser - Property: interface doesn't have a tag mapping.
23:44:20.674 [main] DEBUG com.rometools.modules.base.io.GoogleBaseParser - Property: uri doesn't have a tag mapping.
23:44:20.674 [main] DEBUG com.rometools.modules.base.io.GoogleBaseParser - Property: licenses doesn't have a tag mapping.
23:44:20.683 [main] DEBUG com.rometools.modules.base.io.GoogleBaseParser - Property: format doesn't have a tag mapping.
23:44:20.684 [main] DEBUG com.rometools.modules.base.io.GoogleBaseParser - Property: expirationDateTime doesn't have a tag mapping.
23:44:20.684 [main] DEBUG com.rometools.modules.base.io.GoogleBaseParser - Property: interface doesn't have a tag mapping.
23:44:20.684 [main] DEBUG com.rometools.modules.base.io.GoogleBaseParser - Property: uri doesn't have a tag mapping.
23:44:20.684 [main] DEBUG com.rometools.modules.base.io.GoogleBaseParser - Property: licenses doesn't have a tag mapping.
23:44:20.685 [main] DEBUG com.rometools.modules.base.io.GoogleBaseParser - Property: format doesn't have a tag mapping.
23:44:20.685 [main] DEBUG com.rometools.modules.base.io.GoogleBaseParser - Property: expirationDateTime doesn't have a tag mapping.
23:44:20.685 [main] DEBUG com.rometools.modules.base.io.GoogleBaseParser - Property: interface doesn't have a tag mapping.
23:44:20.685 [main] DEBUG com.rometools.modules.base.io.GoogleBaseParser - Property: uri doesn't have a tag mapping.
23:44:20.685 [main] DEBUG com.rometools.modules.base.io.GoogleBaseParser - Property: licenses doesn't have a tag mapping.
23:44:20.702 [main] DEBUG com.rometools.modules.base.io.GoogleBaseParser - Property: format doesn't have a tag mapping.
23:44:20.702 [main] DEBUG com.rometools.modules.base.io.GoogleBaseParser - Property: expirationDateTime doesn't have a tag mapping.
23:44:20.702 [main] DEBUG com.rometools.modules.base.io.GoogleBaseParser - Property: interface doesn't have a tag mapping.
23:44:20.702 [main] DEBUG com.rometools.modules.base.io.GoogleBaseParser - Property: uri doesn't have a tag mapping.
23:44:20.702 [main] DEBUG com.rometools.modules.base.io.GoogleBaseParser - Property: licenses doesn't have a tag mapping.
23:44:20.706 [main] DEBUG com.rometools.modules.base.io.GoogleBaseParser - Property: format doesn't have a tag mapping.
23:44:20.706 [main] DEBUG com.rometools.modules.base.io.GoogleBaseParser - Property: expirationDateTime doesn't have a tag mapping.
23:44:20.706 [main] DEBUG com.rometools.modules.base.io.GoogleBaseParser - Property: interface doesn't have a tag mapping.
23:44:20.706 [main] DEBUG com.rometools.modules.base.io.GoogleBaseParser - Property: uri doesn't have a tag mapping.
23:44:20.706 [main] DEBUG com.rometools.modules.base.io.GoogleBaseParser - Property: licenses doesn't have a tag mapping.
23:44:20.782 [main] DEBUG com.rometools.modules.base.io.GoogleBaseParser - Property: format doesn't have a tag mapping.
23:44:20.782 [main] DEBUG com.rometools.modules.base.io.GoogleBaseParser - Property: expirationDateTime doesn't have a tag mapping.
23:44:20.782 [main] DEBUG com.rometools.modules.base.io.GoogleBaseParser - Property: interface doesn't have a tag mapping.
23:44:20.782 [main] DEBUG com.rometools.modules.base.io.GoogleBaseParser - Property: uri doesn't have a tag mapping.
23:44:20.782 [main] DEBUG com.rometools.modules.base.io.GoogleBaseParser - Property: licenses doesn't have a tag mapping.
23:44:20.785 [main] DEBUG com.rometools.modules.base.io.GoogleBaseParser - Property: format doesn't have a tag mapping.
23:44:20.785 [main] DEBUG com.rometools.modules.base.io.GoogleBaseParser - Property: expirationDateTime doesn't have a tag mapping.
23:44:20.785 [main] DEBUG com.rometools.modules.base.io.GoogleBaseParser - Property: interface doesn't have a tag mapping.
23:44:20.785 [main] DEBUG com.rometools.modules.base.io.GoogleBaseParser - Property: uri doesn't have a tag mapping.
23:44:20.785 [main] DEBUG com.rometools.modules.base.io.GoogleBaseParser - Property: licenses doesn't have a tag mapping.
23:44:20.795 [main] DEBUG com.rometools.modules.base.io.GoogleBaseParser - Property: format doesn't have a tag mapping.
23:44:20.795 [main] DEBUG com.rometools.modules.base.io.GoogleBaseParser - Property: expirationDateTime doesn't have a tag mapping.
23:44:20.795 [main] DEBUG com.rometools.modules.base.io.GoogleBaseParser - Property: interface doesn't have a tag mapping.
23:44:20.795 [main] DEBUG com.rometools.modules.base.io.GoogleBaseParser - Property: uri doesn't have a tag mapping.
23:44:20.795 [main] DEBUG com.rometools.modules.base.io.GoogleBaseParser - Property: licenses doesn't have a tag mapping.
23:44:20.796 [main] DEBUG com.rometools.modules.base.io.GoogleBaseParser - Property: format doesn't have a tag mapping.
23:44:20.796 [main] DEBUG com.rometools.modules.base.io.GoogleBaseParser - Property: expirationDateTime doesn't have a tag mapping.
23:44:20.796 [main] DEBUG com.rometools.modules.base.io.GoogleBaseParser - Property: interface doesn't have a tag mapping.
23:44:20.796 [main] DEBUG com.rometools.modules.base.io.GoogleBaseParser - Property: uri doesn't have a tag mapping.
23:44:20.796 [main] DEBUG com.rometools.modules.base.io.GoogleBaseParser - Property: licenses doesn't have a tag mapping.
23:44:20.815 [main] DEBUG com.rometools.modules.base.io.GoogleBaseParser - Property: format doesn't have a tag mapping.
23:44:20.815 [main] DEBUG com.rometools.modules.base.io.GoogleBaseParser - Property: expirationDateTime doesn't have a tag mapping.
23:44:20.815 [main] DEBUG com.rometools.modules.base.io.GoogleBaseParser - Property: interface doesn't have a tag mapping.
23:44:20.815 [main] DEBUG com.rometools.modules.base.io.GoogleBaseParser - Property: uri doesn't have a tag mapping.
23:44:20.815 [main] DEBUG com.rometools.modules.base.io.GoogleBaseParser - Property: licenses doesn't have a tag mapping.
23:44:20.815 [main] DEBUG com.rometools.modules.base.io.GoogleBaseParser - Property: format doesn't have a tag mapping.
23:44:20.816 [main] DEBUG com.rometools.modules.base.io.GoogleBaseParser - Property: expirationDateTime doesn't have a tag mapping.
23:44:20.816 [main] DEBUG com.rometools.modules.base.io.GoogleBaseParser - Property: interface doesn't have a tag mapping.
23:44:20.816 [main] DEBUG com.rometools.modules.base.io.GoogleBaseParser - Property: uri doesn't have a tag mapping.
23:44:20.816 [main] DEBUG com.rometools.modules.base.io.GoogleBaseParser - Property: licenses doesn't have a tag mapping.
23:44:20.838 [main] DEBUG com.rometools.modules.base.io.GoogleBaseParser - Property: format doesn't have a tag mapping.
23:44:20.838 [main] DEBUG com.rometools.modules.base.io.GoogleBaseParser - Property: expirationDateTime doesn't have a tag mapping.
23:44:20.838 [main] DEBUG com.rometools.modules.base.io.GoogleBaseParser - Property: interface doesn't have a tag mapping.
23:44:20.838 [main] DEBUG com.rometools.modules.base.io.GoogleBaseParser - Property: uri doesn't have a tag mapping.
23:44:20.838 [main] DEBUG com.rometools.modules.base.io.GoogleBaseParser - Property: licenses doesn't have a tag mapping.
23:44:20.841 [main] DEBUG com.rometools.modules.base.io.GoogleBaseParser - Property: format doesn't have a tag mapping.
23:44:20.841 [main] DEBUG com.rometools.modules.base.io.GoogleBaseParser - Property: expirationDateTime doesn't have a tag mapping.
23:44:20.841 [main] DEBUG com.rometools.modules.base.io.GoogleBaseParser - Property: interface doesn't have a tag mapping.
23:44:20.841 [main] DEBUG com.rometools.modules.base.io.GoogleBaseParser - Property: uri doesn't have a tag mapping.
23:44:20.841 [main] DEBUG com.rometools.modules.base.io.GoogleBaseParser - Property: licenses doesn't have a tag mapping.
23:44:20.853 [main] DEBUG com.rometools.modules.base.io.GoogleBaseParser - Property: format doesn't have a tag mapping.
23:44:20.853 [main] DEBUG com.rometools.modules.base.io.GoogleBaseParser - Property: expirationDateTime doesn't have a tag mapping.
23:44:20.853 [main] DEBUG com.rometools.modules.base.io.GoogleBaseParser - Property: interface doesn't have a tag mapping.
23:44:20.853 [main] DEBUG com.rometools.modules.base.io.GoogleBaseParser - Property: uri doesn't have a tag mapping.
23:44:20.853 [main] DEBUG com.rometools.modules.base.io.GoogleBaseParser - Property: licenses doesn't have a tag mapping.
23:44:20.858 [main] DEBUG com.rometools.modules.base.io.GoogleBaseParser - Property: format doesn't have a tag mapping.
23:44:20.858 [main] DEBUG com.rometools.modules.base.io.GoogleBaseParser - Property: expirationDateTime doesn't have a tag mapping.
23:44:20.858 [main] DEBUG com.rometools.modules.base.io.GoogleBaseParser - Property: interface doesn't have a tag mapping.
23:44:20.859 [main] DEBUG com.rometools.modules.base.io.GoogleBaseParser - Property: uri doesn't have a tag mapping.
23:44:20.859 [main] DEBUG com.rometools.modules.base.io.GoogleBaseParser - Property: licenses doesn't have a tag mapping.
23:44:20.868 [main] DEBUG com.rometools.modules.base.io.GoogleBaseParser - Property: format doesn't have a tag mapping.
23:44:20.868 [main] DEBUG com.rometools.modules.base.io.GoogleBaseParser - Property: expirationDateTime doesn't have a tag mapping.
23:44:20.868 [main] DEBUG com.rometools.modules.base.io.GoogleBaseParser - Property: interface doesn't have a tag mapping.
23:44:20.868 [main] DEBUG com.rometools.modules.base.io.GoogleBaseParser - Property: uri doesn't have a tag mapping.
23:44:20.868 [main] DEBUG com.rometools.modules.base.io.GoogleBaseParser - Property: licenses doesn't have a tag mapping.
23:44:20.869 [main] DEBUG com.rometools.modules.base.io.GoogleBaseParser - Property: format doesn't have a tag mapping.
23:44:20.869 [main] DEBUG com.rometools.modules.base.io.GoogleBaseParser - Property: expirationDateTime doesn't have a tag mapping.
23:44:20.869 [main] DEBUG com.rometools.modules.base.io.GoogleBaseParser - Property: interface doesn't have a tag mapping.
23:44:20.869 [main] DEBUG com.rometools.modules.base.io.GoogleBaseParser - Property: uri doesn't have a tag mapping.
23:44:20.869 [main] DEBUG com.rometools.modules.base.io.GoogleBaseParser - Property: licenses doesn't have a tag mapping.
23:44:20.881 [main] DEBUG com.rometools.modules.base.io.GoogleBaseParser - Property: format doesn't have a tag mapping.
23:44:20.881 [main] DEBUG com.rometools.modules.base.io.GoogleBaseParser - Property: expirationDateTime doesn't have a tag mapping.
23:44:20.881 [main] DEBUG com.rometools.modules.base.io.GoogleBaseParser - Property: interface doesn't have a tag mapping.
23:44:20.881 [main] DEBUG com.rometools.modules.base.io.GoogleBaseParser - Property: uri doesn't have a tag mapping.
23:44:20.881 [main] DEBUG com.rometools.modules.base.io.GoogleBaseParser - Property: licenses doesn't have a tag mapping.
23:44:20.882 [main] DEBUG com.rometools.modules.base.io.GoogleBaseParser - Property: format doesn't have a tag mapping.
23:44:20.898 [main] DEBUG com.rometools.modules.base.io.GoogleBaseParser - Property: expirationDateTime doesn't have a tag mapping.
23:44:20.898 [main] DEBUG com.rometools.modules.base.io.GoogleBaseParser - Property: interface doesn't have a tag mapping.
23:44:20.898 [main] DEBUG com.rometools.modules.base.io.GoogleBaseParser - Property: uri doesn't have a tag mapping.
23:44:20.898 [main] DEBUG com.rometools.modules.base.io.GoogleBaseParser - Property: licenses doesn't have a tag mapping.
23:44:20.981 [main] WARN  com.rometools.modules.itunes.io.ITunesParser - Malformed URL Exception reading itunes:image tag: 
23:44:21.006 [main] WARN  com.rometools.modules.itunes.io.ITunesParser - Malformed URL Exception reading itunes:image tag: 
23:44:21.006 [main] WARN  com.rometools.modules.itunes.io.ITunesParser - Malformed URL Exception reading itunes:image tag: 
23:44:21.007 [main] WARN  com.rometools.modules.itunes.io.ITunesParser - Failed to parse duration: 
23:44:21.008 [main] WARN  com.rometools.modules.itunes.io.ITunesParser - Failed to parse duration: 
23:44:21.009 [main] WARN  com.rometools.modules.itunes.io.ITunesParser - Failed to parse duration: 
23:44:21.010 [main] WARN  com.rometools.modules.itunes.io.ITunesParser - Failed to parse duration: 
23:44:21.011 [main] WARN  com.rometools.modules.itunes.io.ITunesParser - Failed to parse duration: 
23:44:21.011 [main] WARN  com.rometools.modules.itunes.io.ITunesParser - Failed to parse duration: 
23:44:21.012 [main] WARN  com.rometools.modules.itunes.io.ITunesParser - Failed to parse duration: 
23:44:21.014 [main] WARN  com.rometools.modules.itunes.io.ITunesParser - Failed to parse duration: 
23:44:21.051 [main] DEBUG com.rometools.modules.base.io.GoogleBaseParser - Property: format doesn't have a tag mapping.
23:44:21.051 [main] DEBUG com.rometools.modules.base.io.GoogleBaseParser - Property: expirationDateTime doesn't have a tag mapping.
23:44:21.051 [main] DEBUG com.rometools.modules.base.io.GoogleBaseParser - Property: interface doesn't have a tag mapping.
23:44:21.051 [main] DEBUG com.rometools.modules.base.io.GoogleBaseParser - Property: uri doesn't have a tag mapping.
23:44:21.051 [main] DEBUG com.rometools.modules.base.io.GoogleBaseParser - Property: licenses doesn't have a tag mapping.
23:44:21.239 [main] DEBUG com.rometools.modules.base.io.GoogleBaseParser - Property: format doesn't have a tag mapping.
23:44:21.240 [main] DEBUG com.rometools.modules.base.io.GoogleBaseParser - Property: expirationDateTime doesn't have a tag mapping.
23:44:21.240 [main] DEBUG com.rometools.modules.base.io.GoogleBaseParser - Property: interface doesn't have a tag mapping.
23:44:21.240 [main] DEBUG com.rometools.modules.base.io.GoogleBaseParser - Property: uri doesn't have a tag mapping.
23:44:21.240 [main] DEBUG com.rometools.modules.base.io.GoogleBaseParser - Property: licenses doesn't have a tag mapping.
23:44:21.252 [main] DEBUG com.rometools.modules.base.io.GoogleBaseParser - Property: format doesn't have a tag mapping.
23:44:21.252 [main] DEBUG com.rometools.modules.base.io.GoogleBaseParser - Property: expirationDateTime doesn't have a tag mapping.
23:44:21.252 [main] DEBUG com.rometools.modules.base.io.GoogleBaseParser - Property: interface doesn't have a tag mapping.
23:44:21.252 [main] DEBUG com.rometools.modules.base.io.GoogleBaseParser - Property: uri doesn't have a tag mapping.
23:44:21.252 [main] DEBUG com.rometools.modules.base.io.GoogleBaseParser - Property: licenses doesn't have a tag mapping.
23:44:21.256 [main] DEBUG com.rometools.modules.base.io.GoogleBaseParser - Property: format doesn't have a tag mapping.
23:44:21.256 [main] DEBUG com.rometools.modules.base.io.GoogleBaseParser - Property: expirationDateTime doesn't have a tag mapping.
23:44:21.256 [main] DEBUG com.rometools.modules.base.io.GoogleBaseParser - Property: interface doesn't have a tag mapping.
23:44:21.256 [main] DEBUG com.rometools.modules.base.io.GoogleBaseParser - Property: uri doesn't have a tag mapping.
23:44:21.257 [main] DEBUG com.rometools.modules.base.io.GoogleBaseParser - Property: licenses doesn't have a tag mapping.
23:44:21.266 [main] DEBUG com.rometools.modules.base.io.GoogleBaseParser - Property: format doesn't have a tag mapping.
23:44:21.266 [main] DEBUG com.rometools.modules.base.io.GoogleBaseParser - Property: expirationDateTime doesn't have a tag mapping.
23:44:21.266 [main] DEBUG com.rometools.modules.base.io.GoogleBaseParser - Property: interface doesn't have a tag mapping.
23:44:21.266 [main] DEBUG com.rometools.modules.base.io.GoogleBaseParser - Property: uri doesn't have a tag mapping.
23:44:21.266 [main] DEBUG com.rometools.modules.base.io.GoogleBaseParser - Property: licenses doesn't have a tag mapping.
23:44:21.266 [main] DEBUG com.rometools.modules.base.io.GoogleBaseParser - Property: format doesn't have a tag mapping.
23:44:21.266 [main] DEBUG com.rometools.modules.base.io.GoogleBaseParser - Property: expirationDateTime doesn't have a tag mapping.
23:44:21.266 [main] DEBUG com.rometools.modules.base.io.GoogleBaseParser - Property: interface doesn't have a tag mapping.
23:44:21.266 [main] DEBUG com.rometools.modules.base.io.GoogleBaseParser - Property: uri doesn't have a tag mapping.
23:44:21.266 [main] DEBUG com.rometools.modules.base.io.GoogleBaseParser - Property: licenses doesn't have a tag mapping.
23:44:21.275 [main] DEBUG com.rometools.modules.base.io.GoogleBaseParser - Property: format doesn't have a tag mapping.
23:44:21.275 [main] DEBUG com.rometools.modules.base.io.GoogleBaseParser - Property: expirationDateTime doesn't have a tag mapping.
23:44:21.275 [main] DEBUG com.rometools.modules.base.io.GoogleBaseParser - Property: interface doesn't have a tag mapping.
23:44:21.275 [main] DEBUG com.rometools.modules.base.io.GoogleBaseParser - Property: uri doesn't have a tag mapping.
23:44:21.275 [main] DEBUG com.rometools.modules.base.io.GoogleBaseParser - Property: licenses doesn't have a tag mapping.
23:44:21.276 [main] DEBUG com.rometools.modules.base.io.GoogleBaseParser - Property: format doesn't have a tag mapping.
23:44:21.276 [main] DEBUG com.rometools.modules.base.io.GoogleBaseParser - Property: expirationDateTime doesn't have a tag mapping.
23:44:21.276 [main] DEBUG com.rometools.modules.base.io.GoogleBaseParser - Property: interface doesn't have a tag mapping.
23:44:21.276 [main] DEBUG com.rometools.modules.base.io.GoogleBaseParser - Property: uri doesn't have a tag mapping.
23:44:21.276 [main] DEBUG com.rometools.modules.base.io.GoogleBaseParser - Property: licenses doesn't have a tag mapping.
23:44:21.287 [main] DEBUG com.rometools.modules.base.io.GoogleBaseParser - Property: format doesn't have a tag mapping.
23:44:21.287 [main] DEBUG com.rometools.modules.base.io.GoogleBaseParser - Property: expirationDateTime doesn't have a tag mapping.
23:44:21.287 [main] DEBUG com.rometools.modules.base.io.GoogleBaseParser - Property: interface doesn't have a tag mapping.
23:44:21.287 [main] DEBUG com.rometools.modules.base.io.GoogleBaseParser - Property: uri doesn't have a tag mapping.
23:44:21.287 [main] DEBUG com.rometools.modules.base.io.GoogleBaseParser - Property: licenses doesn't have a tag mapping.
23:44:21.290 [main] DEBUG com.rometools.modules.base.io.GoogleBaseParser - Property: format doesn't have a tag mapping.
23:44:21.290 [main] DEBUG com.rometools.modules.base.io.GoogleBaseParser - Property: expirationDateTime doesn't have a tag mapping.
23:44:21.290 [main] DEBUG com.rometools.modules.base.io.GoogleBaseParser - Property: interface doesn't have a tag mapping.
23:44:21.290 [main] DEBUG com.rometools.modules.base.io.GoogleBaseParser - Property: uri doesn't have a tag mapping.
23:44:21.290 [main] DEBUG com.rometools.modules.base.io.GoogleBaseParser - Property: licenses doesn't have a tag mapping.
23:44:21.300 [main] DEBUG com.rometools.modules.base.io.GoogleBaseParser - Property: format doesn't have a tag mapping.
23:44:21.300 [main] DEBUG com.rometools.modules.base.io.GoogleBaseParser - Property: expirationDateTime doesn't have a tag mapping.
23:44:21.300 [main] DEBUG com.rometools.modules.base.io.GoogleBaseParser - Property: interface doesn't have a tag mapping.
23:44:21.301 [main] DEBUG com.rometools.modules.base.io.GoogleBaseParser - Property: uri doesn't have a tag mapping.
23:44:21.301 [main] DEBUG com.rometools.modules.base.io.GoogleBaseParser - Property: licenses doesn't have a tag mapping.
23:44:21.303 [main] DEBUG com.rometools.modules.base.io.GoogleBaseParser - Property: format doesn't have a tag mapping.
23:44:21.303 [main] DEBUG com.rometools.modules.base.io.GoogleBaseParser - Property: expirationDateTime doesn't have a tag mapping.
23:44:21.303 [main] DEBUG com.rometools.modules.base.io.GoogleBaseParser - Property: interface doesn't have a tag mapping.
23:44:21.303 [main] DEBUG com.rometools.modules.base.io.GoogleBaseParser - Property: uri doesn't have a tag mapping.
23:44:21.303 [main] DEBUG com.rometools.modules.base.io.GoogleBaseParser - Property: licenses doesn't have a tag mapping.
23:44:21.377 [main] DEBUG com.rometools.modules.base.io.GoogleBaseParser - Property: format doesn't have a tag mapping.
23:44:21.377 [main] DEBUG com.rometools.modules.base.io.GoogleBaseParser - Property: expirationDateTime doesn't have a tag mapping.
23:44:21.377 [main] DEBUG com.rometools.modules.base.io.GoogleBaseParser - Property: interface doesn't have a tag mapping.
23:44:21.377 [main] DEBUG com.rometools.modules.base.io.GoogleBaseParser - Property: uri doesn't have a tag mapping.
23:44:21.378 [main] DEBUG com.rometools.modules.base.io.GoogleBaseParser - Property: licenses doesn't have a tag mapping.
23:44:21.378 [main] DEBUG com.rometools.modules.base.io.GoogleBaseParser - Property: format doesn't have a tag mapping.
23:44:21.378 [main] DEBUG com.rometools.modules.base.io.GoogleBaseParser - Property: expirationDateTime doesn't have a tag mapping.
23:44:21.378 [main] DEBUG com.rometools.modules.base.io.GoogleBaseParser - Property: interface doesn't have a tag mapping.
23:44:21.378 [main] DEBUG com.rometools.modules.base.io.GoogleBaseParser - Property: uri doesn't have a tag mapping.
23:44:21.378 [main] DEBUG com.rometools.modules.base.io.GoogleBaseParser - Property: licenses doesn't have a tag mapping.
23:44:21.388 [main] DEBUG com.rometools.modules.base.io.GoogleBaseParser - Property: format doesn't have a tag mapping.
23:44:21.388 [main] DEBUG com.rometools.modules.base.io.GoogleBaseParser - Property: expirationDateTime doesn't have a tag mapping.
23:44:21.388 [main] DEBUG com.rometools.modules.base.io.GoogleBaseParser - Property: interface doesn't have a tag mapping.
23:44:21.388 [main] DEBUG com.rometools.modules.base.io.GoogleBaseParser - Property: uri doesn't have a tag mapping.
23:44:21.388 [main] DEBUG com.rometools.modules.base.io.GoogleBaseParser - Property: licenses doesn't have a tag mapping.
23:44:21.388 [main] DEBUG com.rometools.modules.base.io.GoogleBaseParser - Property: format doesn't have a tag mapping.
23:44:21.389 [main] DEBUG com.rometools.modules.base.io.GoogleBaseParser - Property: expirationDateTime doesn't have a tag mapping.
23:44:21.389 [main] DEBUG com.rometools.modules.base.io.GoogleBaseParser - Property: interface doesn't have a tag mapping.
23:44:21.389 [main] DEBUG com.rometools.modules.base.io.GoogleBaseParser - Property: uri doesn't have a tag mapping.
23:44:21.389 [main] DEBUG com.rometools.modules.base.io.GoogleBaseParser - Property: licenses doesn't have a tag mapping.
23:44:21.410 [main] DEBUG com.rometools.modules.base.io.GoogleBaseParser - Property: format doesn't have a tag mapping.
23:44:21.410 [main] DEBUG com.rometools.modules.base.io.GoogleBaseParser - Property: expirationDateTime doesn't have a tag mapping.
23:44:21.410 [main] DEBUG com.rometools.modules.base.io.GoogleBaseParser - Property: interface doesn't have a tag mapping.
23:44:21.410 [main] DEBUG com.rometools.modules.base.io.GoogleBaseParser - Property: uri doesn't have a tag mapping.
23:44:21.410 [main] DEBUG com.rometools.modules.base.io.GoogleBaseParser - Property: licenses doesn't have a tag mapping.
23:44:21.438 [main] DEBUG com.rometools.modules.base.io.GoogleBaseParser - Property: format doesn't have a tag mapping.
23:44:21.438 [main] DEBUG com.rometools.modules.base.io.GoogleBaseParser - Property: expirationDateTime doesn't have a tag mapping.
23:44:21.438 [main] DEBUG com.rometools.modules.base.io.GoogleBaseParser - Property: interface doesn't have a tag mapping.
23:44:21.438 [main] DEBUG com.rometools.modules.base.io.GoogleBaseParser - Property: uri doesn't have a tag mapping.
23:44:21.438 [main] DEBUG com.rometools.modules.base.io.GoogleBaseParser - Property: licenses doesn't have a tag mapping.
23:44:21.451 [main] DEBUG com.rometools.modules.base.io.GoogleBaseParser - Property: format doesn't have a tag mapping.
23:44:21.451 [main] DEBUG com.rometools.modules.base.io.GoogleBaseParser - Property: expirationDateTime doesn't have a tag mapping.
23:44:21.451 [main] DEBUG com.rometools.modules.base.io.GoogleBaseParser - Property: interface doesn't have a tag mapping.
23:44:21.451 [main] DEBUG com.rometools.modules.base.io.GoogleBaseParser - Property: uri doesn't have a tag mapping.
23:44:21.451 [main] DEBUG com.rometools.modules.base.io.GoogleBaseParser - Property: licenses doesn't have a tag mapping.
23:44:21.453 [main] DEBUG com.rometools.modules.base.io.GoogleBaseParser - Property: format doesn't have a tag mapping.
23:44:21.453 [main] DEBUG com.rometools.modules.base.io.GoogleBaseParser - Property: expirationDateTime doesn't have a tag mapping.
23:44:21.453 [main] DEBUG com.rometools.modules.base.io.GoogleBaseParser - Property: interface doesn't have a tag mapping.
23:44:21.453 [main] DEBUG com.rometools.modules.base.io.GoogleBaseParser - Property: uri doesn't have a tag mapping.
23:44:21.453 [main] DEBUG com.rometools.modules.base.io.GoogleBaseParser - Property: licenses doesn't have a tag mapping.
23:44:21.483 [main] DEBUG com.rometools.modules.base.io.GoogleBaseParser - Property: format doesn't have a tag mapping.
23:44:21.483 [main] DEBUG com.rometools.modules.base.io.GoogleBaseParser - Property: expirationDateTime doesn't have a tag mapping.
23:44:21.483 [main] DEBUG com.rometools.modules.base.io.GoogleBaseParser - Property: interface doesn't have a tag mapping.
23:44:21.483 [main] DEBUG com.rometools.modules.base.io.GoogleBaseParser - Property: uri doesn't have a tag mapping.
23:44:21.483 [main] DEBUG com.rometools.modules.base.io.GoogleBaseParser - Property: licenses doesn't have a tag mapping.
23:44:21.484 [main] DEBUG com.rometools.modules.base.io.GoogleBaseParser - Property: format doesn't have a tag mapping.
23:44:21.484 [main] DEBUG com.rometools.modules.base.io.GoogleBaseParser - Property: expirationDateTime doesn't have a tag mapping.
23:44:21.484 [main] DEBUG com.rometools.modules.base.io.GoogleBaseParser - Property: interface doesn't have a tag mapping.
23:44:21.484 [main] DEBUG com.rometools.modules.base.io.GoogleBaseParser - Property: uri doesn't have a tag mapping.
23:44:21.484 [main] DEBUG com.rometools.modules.base.io.GoogleBaseParser - Property: licenses doesn't have a tag mapping.
23:44:21.493 [main] DEBUG com.rometools.modules.base.io.GoogleBaseParser - Property: format doesn't have a tag mapping.
23:44:21.493 [main] DEBUG com.rometools.modules.base.io.GoogleBaseParser - Property: expirationDateTime doesn't have a tag mapping.
23:44:21.493 [main] DEBUG com.rometools.modules.base.io.GoogleBaseParser - Property: interface doesn't have a tag mapping.
23:44:21.493 [main] DEBUG com.rometools.modules.base.io.GoogleBaseParser - Property: uri doesn't have a tag mapping.
23:44:21.493 [main] DEBUG com.rometools.modules.base.io.GoogleBaseParser - Property: licenses doesn't have a tag mapping.
23:44:21.494 [main] DEBUG com.rometools.modules.base.io.GoogleBaseParser - Property: format doesn't have a tag mapping.
23:44:21.494 [main] DEBUG com.rometools.modules.base.io.GoogleBaseParser - Property: expirationDateTime doesn't have a tag mapping.
23:44:21.494 [main] DEBUG com.rometools.modules.base.io.GoogleBaseParser - Property: interface doesn't have a tag mapping.
23:44:21.494 [main] DEBUG com.rometools.modules.base.io.GoogleBaseParser - Property: uri doesn't have a tag mapping.
23:44:21.494 [main] DEBUG com.rometools.modules.base.io.GoogleBaseParser - Property: licenses doesn't have a tag mapping.
23:44:21.507 [main] DEBUG com.rometools.modules.base.io.GoogleBaseParser - Property: format doesn't have a tag mapping.
23:44:21.507 [main] DEBUG com.rometools.modules.base.io.GoogleBaseParser - Property: expirationDateTime doesn't have a tag mapping.
23:44:21.507 [main] DEBUG com.rometools.modules.base.io.GoogleBaseParser - Property: interface doesn't have a tag mapping.
23:44:21.507 [main] DEBUG com.rometools.modules.base.io.GoogleBaseParser - Property: uri doesn't have a tag mapping.
23:44:21.507 [main] DEBUG com.rometools.modules.base.io.GoogleBaseParser - Property: licenses doesn't have a tag mapping.
23:44:21.509 [main] DEBUG com.rometools.modules.base.io.GoogleBaseParser - Property: format doesn't have a tag mapping.
23:44:21.510 [main] DEBUG com.rometools.modules.base.io.GoogleBaseParser - Property: expirationDateTime doesn't have a tag mapping.
23:44:21.510 [main] DEBUG com.rometools.modules.base.io.GoogleBaseParser - Property: interface doesn't have a tag mapping.
23:44:21.510 [main] DEBUG com.rometools.modules.base.io.GoogleBaseParser - Property: uri doesn't have a tag mapping.
23:44:21.510 [main] DEBUG com.rometools.modules.base.io.GoogleBaseParser - Property: licenses doesn't have a tag mapping.
23:44:21.521 [main] DEBUG com.rometools.modules.base.io.GoogleBaseParser - Property: format doesn't have a tag mapping.
23:44:21.521 [main] DEBUG com.rometools.modules.base.io.GoogleBaseParser - Property: expirationDateTime doesn't have a tag mapping.
23:44:21.521 [main] DEBUG com.rometools.modules.base.io.GoogleBaseParser - Property: interface doesn't have a tag mapping.
23:44:21.521 [main] DEBUG com.rometools.modules.base.io.GoogleBaseParser - Property: uri doesn't have a tag mapping.
23:44:21.521 [main] DEBUG com.rometools.modules.base.io.GoogleBaseParser - Property: licenses doesn't have a tag mapping.
23:44:21.522 [main] DEBUG com.rometools.modules.base.io.GoogleBaseParser - Property: format doesn't have a tag mapping.
23:44:21.522 [main] DEBUG com.rometools.modules.base.io.GoogleBaseParser - Property: expirationDateTime doesn't have a tag mapping.
23:44:21.522 [main] DEBUG com.rometools.modules.base.io.GoogleBaseParser - Property: interface doesn't have a tag mapping.
23:44:21.522 [main] DEBUG com.rometools.modules.base.io.GoogleBaseParser - Property: uri doesn't have a tag mapping.
23:44:21.522 [main] DEBUG com.rometools.modules.base.io.GoogleBaseParser - Property: licenses doesn't have a tag mapping.
23:44:21.531 [main] DEBUG com.rometools.modules.base.io.GoogleBaseParser - Property: format doesn't have a tag mapping.
23:44:21.531 [main] DEBUG com.rometools.modules.base.io.GoogleBaseParser - Property: expirationDateTime doesn't have a tag mapping.
23:44:21.531 [main] DEBUG com.rometools.modules.base.io.GoogleBaseParser - Property: interface doesn't have a tag mapping.
23:44:21.531 [main] DEBUG com.rometools.modules.base.io.GoogleBaseParser - Property: uri doesn't have a tag mapping.
23:44:21.531 [main] DEBUG com.rometools.modules.base.io.GoogleBaseParser - Property: licenses doesn't have a tag mapping.
23:44:21.531 [main] DEBUG com.rometools.modules.base.io.GoogleBaseParser - Property: format doesn't have a tag mapping.
23:44:21.531 [main] DEBUG com.rometools.modules.base.io.GoogleBaseParser - Property: expirationDateTime doesn't have a tag mapping.
23:44:21.531 [main] DEBUG com.rometools.modules.base.io.GoogleBaseParser - Property: interface doesn't have a tag mapping.
23:44:21.531 [main] DEBUG com.rometools.modules.base.io.GoogleBaseParser - Property: uri doesn't have a tag mapping.
23:44:21.531 [main] DEBUG com.rometools.modules.base.io.GoogleBaseParser - Property: licenses doesn't have a tag mapping.
23:44:21.612 [main] DEBUG com.rometools.modules.base.io.GoogleBaseParser - Property: format doesn't have a tag mapping.
23:44:21.612 [main] DEBUG com.rometools.modules.base.io.GoogleBaseParser - Property: expirationDateTime doesn't have a tag mapping.
23:44:21.612 [main] DEBUG com.rometools.modules.base.io.GoogleBaseParser - Property: interface doesn't have a tag mapping.
23:44:21.612 [main] DEBUG com.rometools.modules.base.io.GoogleBaseParser - Property: uri doesn't have a tag mapping.
23:44:21.612 [main] DEBUG com.rometools.modules.base.io.GoogleBaseParser - Property: licenses doesn't have a tag mapping.
23:44:21.613 [main] DEBUG com.rometools.modules.base.io.GoogleBaseParser - Property: format doesn't have a tag mapping.
23:44:21.613 [main] DEBUG com.rometools.modules.base.io.GoogleBaseParser - Property: expirationDateTime doesn't have a tag mapping.
23:44:21.613 [main] DEBUG com.rometools.modules.base.io.GoogleBaseParser - Property: interface doesn't have a tag mapping.
23:44:21.613 [main] DEBUG com.rometools.modules.base.io.GoogleBaseParser - Property: uri doesn't have a tag mapping.
23:44:21.613 [main] DEBUG com.rometools.modules.base.io.GoogleBaseParser - Property: licenses doesn't have a tag mapping.
23:44:21.684 [main] DEBUG com.rometools.modules.base.io.GoogleBaseParser - Property: format doesn't have a tag mapping.
23:44:21.684 [main] DEBUG com.rometools.modules.base.io.GoogleBaseParser - Property: expirationDateTime doesn't have a tag mapping.
23:44:21.684 [main] DEBUG com.rometools.modules.base.io.GoogleBaseParser - Property: interface doesn't have a tag mapping.
23:44:21.684 [main] DEBUG com.rometools.modules.base.io.GoogleBaseParser - Property: uri doesn't have a tag mapping.
23:44:21.684 [main] DEBUG com.rometools.modules.base.io.GoogleBaseParser - Property: licenses doesn't have a tag mapping.
23:44:21.686 [main] DEBUG com.rometools.modules.base.io.GoogleBaseParser - Property: format doesn't have a tag mapping.
23:44:21.686 [main] DEBUG com.rometools.modules.base.io.GoogleBaseParser - Property: expirationDateTime doesn't have a tag mapping.
23:44:21.686 [main] DEBUG com.rometools.modules.base.io.GoogleBaseParser - Property: interface doesn't have a tag mapping.
23:44:21.686 [main] DEBUG com.rometools.modules.base.io.GoogleBaseParser - Property: uri doesn't have a tag mapping.
23:44:21.686 [main] DEBUG com.rometools.modules.base.io.GoogleBaseParser - Property: licenses doesn't have a tag mapping.
23:44:21.699 [main] DEBUG com.rometools.modules.base.io.GoogleBaseParser - Property: format doesn't have a tag mapping.
23:44:21.699 [main] DEBUG com.rometools.modules.base.io.GoogleBaseParser - Property: expirationDateTime doesn't have a tag mapping.
23:44:21.699 [main] DEBUG com.rometools.modules.base.io.GoogleBaseParser - Property: interface doesn't have a tag mapping.
23:44:21.699 [main] DEBUG com.rometools.modules.base.io.GoogleBaseParser - Property: uri doesn't have a tag mapping.
23:44:21.699 [main] DEBUG com.rometools.modules.base.io.GoogleBaseParser - Property: licenses doesn't have a tag mapping.
23:44:21.701 [main] DEBUG com.rometools.modules.base.io.GoogleBaseParser - Property: format doesn't have a tag mapping.
23:44:21.701 [main] DEBUG com.rometools.modules.base.io.GoogleBaseParser - Property: expirationDateTime doesn't have a tag mapping.
23:44:21.701 [main] DEBUG com.rometools.modules.base.io.GoogleBaseParser - Property: interface doesn't have a tag mapping.
23:44:21.701 [main] DEBUG com.rometools.modules.base.io.GoogleBaseParser - Property: uri doesn't have a tag mapping.
23:44:21.701 [main] DEBUG com.rometools.modules.base.io.GoogleBaseParser - Property: licenses doesn't have a tag mapping.
23:44:21.710 [main] DEBUG com.rometools.modules.base.io.GoogleBaseParser - Property: format doesn't have a tag mapping.
23:44:21.710 [main] DEBUG com.rometools.modules.base.io.GoogleBaseParser - Property: expirationDateTime doesn't have a tag mapping.
23:44:21.710 [main] DEBUG com.rometools.modules.base.io.GoogleBaseParser - Property: interface doesn't have a tag mapping.
23:44:21.710 [main] DEBUG com.rometools.modules.base.io.GoogleBaseParser - Property: uri doesn't have a tag mapping.
23:44:21.710 [main] DEBUG com.rometools.modules.base.io.GoogleBaseParser - Property: licenses doesn't have a tag mapping.
23:44:21.710 [main] DEBUG com.rometools.modules.base.io.GoogleBaseParser - Property: format doesn't have a tag mapping.
23:44:21.710 [main] DEBUG com.rometools.modules.base.io.GoogleBaseParser - Property: expirationDateTime doesn't have a tag mapping.
23:44:21.710 [main] DEBUG com.rometools.modules.base.io.GoogleBaseParser - Property: interface doesn't have a tag mapping.
23:44:21.710 [main] DEBUG com.rometools.modules.base.io.GoogleBaseParser - Property: uri doesn't have a tag mapping.
23:44:21.710 [main] DEBUG com.rometools.modules.base.io.GoogleBaseParser - Property: licenses doesn't have a tag mapping.
23:44:21.718 [main] DEBUG com.rometools.modules.base.io.GoogleBaseParser - Property: format doesn't have a tag mapping.
23:44:21.718 [main] DEBUG com.rometools.modules.base.io.GoogleBaseParser - Property: expirationDateTime doesn't have a tag mapping.
23:44:21.718 [main] DEBUG com.rometools.modules.base.io.GoogleBaseParser - Property: interface doesn't have a tag mapping.
23:44:21.718 [main] DEBUG com.rometools.modules.base.io.GoogleBaseParser - Property: uri doesn't have a tag mapping.
23:44:21.718 [main] DEBUG com.rometools.modules.base.io.GoogleBaseParser - Property: licenses doesn't have a tag mapping.
23:44:21.718 [main] DEBUG com.rometools.modules.base.io.GoogleBaseParser - Property: format doesn't have a tag mapping.
23:44:21.718 [main] DEBUG com.rometools.modules.base.io.GoogleBaseParser - Property: expirationDateTime doesn't have a tag mapping.
23:44:21.718 [main] DEBUG com.rometools.modules.base.io.GoogleBaseParser - Property: interface doesn't have a tag mapping.
23:44:21.719 [main] DEBUG com.rometools.modules.base.io.GoogleBaseParser - Property: uri doesn't have a tag mapping.
23:44:21.719 [main] DEBUG com.rometools.modules.base.io.GoogleBaseParser - Property: licenses doesn't have a tag mapping.
23:44:21.756 [main] WARN  com.rometools.modules.itunes.io.ITunesParser - Failed to parse duration: 
23:44:21.757 [main] WARN  com.rometools.modules.itunes.io.ITunesParser - Failed to parse duration: 
23:44:21.758 [main] WARN  com.rometools.modules.itunes.io.ITunesParser - Failed to parse duration: 
23:44:21.758 [main] WARN  com.rometools.modules.itunes.io.ITunesParser - Failed to parse duration: 
23:44:21.759 [main] WARN  com.rometools.modules.itunes.io.ITunesParser - Failed to parse duration: 
23:44:21.760 [main] WARN  com.rometools.modules.itunes.io.ITunesParser - Failed to parse duration: 
23:44:21.761 [main] WARN  com.rometools.modules.itunes.io.ITunesParser - Failed to parse duration: 
23:44:21.761 [main] WARN  com.rometools.modules.itunes.io.ITunesParser - Failed to parse duration: 
23:44:21.762 [main] WARN  com.rometools.modules.itunes.io.ITunesParser - Failed to parse duration: 
23:44:21.763 [main] WARN  com.rometools.modules.itunes.io.ITunesParser - Failed to parse duration: 
23:44:21.764 [main] WARN  com.rometools.modules.itunes.io.ITunesParser - Failed to parse duration: 
23:44:21.764 [main] WARN  com.rometools.modules.itunes.io.ITunesParser - Failed to parse duration: 
23:44:21.765 [main] WARN  com.rometools.modules.itunes.io.ITunesParser - Failed to parse duration: 
23:44:21.765 [main] WARN  com.rometools.modules.itunes.io.ITunesParser - Failed to parse duration: 
23:44:21.766 [main] WARN  com.rometools.modules.itunes.io.ITunesParser - Failed to parse duration: 
23:44:22.216 [main] DEBUG com.rometools.modules.base.io.GoogleBaseParser - Property: format doesn't have a tag mapping.
23:44:22.216 [main] DEBUG com.rometools.modules.base.io.GoogleBaseParser - Property: expirationDateTime doesn't have a tag mapping.
23:44:22.216 [main] DEBUG com.rometools.modules.base.io.GoogleBaseParser - Property: interface doesn't have a tag mapping.
23:44:22.216 [main] DEBUG com.rometools.modules.base.io.GoogleBaseParser - Property: uri doesn't have a tag mapping.
23:44:22.216 [main] DEBUG com.rometools.modules.base.io.GoogleBaseParser - Property: licenses doesn't have a tag mapping.
23:44:22.242 [main] DEBUG com.rometools.modules.base.io.GoogleBaseParser - Property: format doesn't have a tag mapping.
23:44:22.242 [main] DEBUG com.rometools.modules.base.io.GoogleBaseParser - Property: expirationDateTime doesn't have a tag mapping.
23:44:22.242 [main] DEBUG com.rometools.modules.base.io.GoogleBaseParser - Property: interface doesn't have a tag mapping.
23:44:22.242 [main] DEBUG com.rometools.modules.base.io.GoogleBaseParser - Property: uri doesn't have a tag mapping.
23:44:22.242 [main] DEBUG com.rometools.modules.base.io.GoogleBaseParser - Property: licenses doesn't have a tag mapping.
23:44:22.298 [main] DEBUG com.rometools.modules.cc.io.CCModuleGenerator - channel
23:44:22.298 [main] DEBUG com.rometools.modules.cc.io.CCModuleGenerator - Is Root? [rss: null]
23:44:22.320 [main] DEBUG com.rometools.modules.base.io.GoogleBaseParser - Property: format doesn't have a tag mapping.
23:44:22.320 [main] DEBUG com.rometools.modules.base.io.GoogleBaseParser - Property: expirationDateTime doesn't have a tag mapping.
23:44:22.320 [main] DEBUG com.rometools.modules.base.io.GoogleBaseParser - Property: interface doesn't have a tag mapping.
23:44:22.320 [main] DEBUG com.rometools.modules.base.io.GoogleBaseParser - Property: uri doesn't have a tag mapping.
23:44:22.320 [main] DEBUG com.rometools.modules.base.io.GoogleBaseParser - Property: licenses doesn't have a tag mapping.
23:44:22.323 [main] DEBUG com.rometools.modules.base.io.GoogleBaseParser - Property: format doesn't have a tag mapping.
23:44:22.323 [main] DEBUG com.rometools.modules.base.io.GoogleBaseParser - Property: expirationDateTime doesn't have a tag mapping.
23:44:22.323 [main] DEBUG com.rometools.modules.base.io.GoogleBaseParser - Property: interface doesn't have a tag mapping.
23:44:22.323 [main] DEBUG com.rometools.modules.base.io.GoogleBaseParser - Property: uri doesn't have a tag mapping.
23:44:22.323 [main] DEBUG com.rometools.modules.base.io.GoogleBaseParser - Property: licenses doesn't have a tag mapping.
23:44:22.337 [main] DEBUG com.rometools.modules.base.io.GoogleBaseParser - Property: format doesn't have a tag mapping.
23:44:22.338 [main] DEBUG com.rometools.modules.base.io.GoogleBaseParser - Property: expirationDateTime doesn't have a tag mapping.
23:44:22.338 [main] DEBUG com.rometools.modules.base.io.GoogleBaseParser - Property: interface doesn't have a tag mapping.
23:44:22.338 [main] DEBUG com.rometools.modules.base.io.GoogleBaseParser - Property: uri doesn't have a tag mapping.
23:44:22.338 [main] DEBUG com.rometools.modules.base.io.GoogleBaseParser - Property: licenses doesn't have a tag mapping.
23:44:22.341 [main] DEBUG com.rometools.modules.base.io.GoogleBaseParser - Property: format doesn't have a tag mapping.
23:44:22.341 [main] DEBUG com.rometools.modules.base.io.GoogleBaseParser - Property: expirationDateTime doesn't have a tag mapping.
23:44:22.341 [main] DEBUG com.rometools.modules.base.io.GoogleBaseParser - Property: interface doesn't have a tag mapping.
23:44:22.341 [main] DEBUG com.rometools.modules.base.io.GoogleBaseParser - Property: uri doesn't have a tag mapping.
23:44:22.341 [main] DEBUG com.rometools.modules.base.io.GoogleBaseParser - Property: licenses doesn't have a tag mapping.
23:44:22.351 [main] DEBUG com.rometools.modules.base.io.GoogleBaseParser - Property: format doesn't have a tag mapping.
23:44:22.351 [main] DEBUG com.rometools.modules.base.io.GoogleBaseParser - Property: expirationDateTime doesn't have a tag mapping.
23:44:22.351 [main] DEBUG com.rometools.modules.base.io.GoogleBaseParser - Property: interface doesn't have a tag mapping.
23:44:22.351 [main] DEBUG com.rometools.modules.base.io.GoogleBaseParser - Property: uri doesn't have a tag mapping.
23:44:22.351 [main] DEBUG com.rometools.modules.base.io.GoogleBaseParser - Property: licenses doesn't have a tag mapping.
23:44:22.352 [main] DEBUG com.rometools.modules.base.io.GoogleBaseParser - Property: format doesn't have a tag mapping.
23:44:22.352 [main] DEBUG com.rometools.modules.base.io.GoogleBaseParser - Property: expirationDateTime doesn't have a tag mapping.
23:44:22.352 [main] DEBUG com.rometools.modules.base.io.GoogleBaseParser - Property: interface doesn't have a tag mapping.
23:44:22.352 [main] DEBUG com.rometools.modules.base.io.GoogleBaseParser - Property: uri doesn't have a tag mapping.
23:44:22.352 [main] DEBUG com.rometools.modules.base.io.GoogleBaseParser - Property: licenses doesn't have a tag mapping.
23:44:22.360 [main] DEBUG com.rometools.modules.base.io.GoogleBaseParser - Property: format doesn't have a tag mapping.
23:44:22.360 [main] DEBUG com.rometools.modules.base.io.GoogleBaseParser - Property: expirationDateTime doesn't have a tag mapping.
23:44:22.360 [main] DEBUG com.rometools.modules.base.io.GoogleBaseParser - Property: interface doesn't have a tag mapping.
23:44:22.360 [main] DEBUG com.rometools.modules.base.io.GoogleBaseParser - Property: uri doesn't have a tag mapping.
23:44:22.360 [main] DEBUG com.rometools.modules.base.io.GoogleBaseParser - Property: licenses doesn't have a tag mapping.
23:44:22.360 [main] DEBUG com.rometools.modules.base.io.GoogleBaseParser - Property: format doesn't have a tag mapping.
23:44:22.360 [main] DEBUG com.rometools.modules.base.io.GoogleBaseParser - Property: expirationDateTime doesn't have a tag mapping.
23:44:22.360 [main] DEBUG com.rometools.modules.base.io.GoogleBaseParser - Property: interface doesn't have a tag mapping.
23:44:22.360 [main] DEBUG com.rometools.modules.base.io.GoogleBaseParser - Property: uri doesn't have a tag mapping.
23:44:22.360 [main] DEBUG com.rometools.modules.base.io.GoogleBaseParser - Property: licenses doesn't have a tag mapping.
23:44:22.474 [main] DEBUG com.rometools.modules.content.io.ContentModuleGenerator - 0
23:44:22.504 [main] DEBUG com.rometools.modules.content.io.ContentModuleGenerator - 1
23:44:22.534 [main] DEBUG com.rometools.modules.base.io.GoogleBaseParser - Property: format doesn't have a tag mapping.
23:44:22.535 [main] DEBUG com.rometools.modules.base.io.GoogleBaseParser - Property: expirationDateTime doesn't have a tag mapping.
23:44:22.535 [main] DEBUG com.rometools.modules.base.io.GoogleBaseParser - Property: interface doesn't have a tag mapping.
23:44:22.535 [main] DEBUG com.rometools.modules.base.io.GoogleBaseParser - Property: uri doesn't have a tag mapping.
23:44:22.535 [main] DEBUG com.rometools.modules.base.io.GoogleBaseParser - Property: licenses doesn't have a tag mapping.
23:44:22.546 [main] DEBUG com.rometools.modules.base.io.GoogleBaseParser - Property: format doesn't have a tag mapping.
23:44:22.547 [main] DEBUG com.rometools.modules.base.io.GoogleBaseParser - Property: expirationDateTime doesn't have a tag mapping.
23:44:22.547 [main] DEBUG com.rometools.modules.base.io.GoogleBaseParser - Property: interface doesn't have a tag mapping.
23:44:22.547 [main] DEBUG com.rometools.modules.base.io.GoogleBaseParser - Property: uri doesn't have a tag mapping.
23:44:22.547 [main] DEBUG com.rometools.modules.base.io.GoogleBaseParser - Property: licenses doesn't have a tag mapping.
23:44:22.559 [main] DEBUG com.rometools.modules.base.io.GoogleBaseParser - Property: format doesn't have a tag mapping.
23:44:22.560 [main] DEBUG com.rometools.modules.base.io.GoogleBaseParser - Property: expirationDateTime doesn't have a tag mapping.
23:44:22.560 [main] DEBUG com.rometools.modules.base.io.GoogleBaseParser - Property: interface doesn't have a tag mapping.
23:44:22.560 [main] DEBUG com.rometools.modules.base.io.GoogleBaseParser - Property: uri doesn't have a tag mapping.
23:44:22.560 [main] DEBUG com.rometools.modules.base.io.GoogleBaseParser - Property: licenses doesn't have a tag mapping.
23:44:22.562 [main] DEBUG com.rometools.modules.base.io.GoogleBaseParser - Property: format doesn't have a tag mapping.
23:44:22.562 [main] DEBUG com.rometools.modules.base.io.GoogleBaseParser - Property: expirationDateTime doesn't have a tag mapping.
23:44:22.562 [main] DEBUG com.rometools.modules.base.io.GoogleBaseParser - Property: interface doesn't have a tag mapping.
23:44:22.562 [main] DEBUG com.rometools.modules.base.io.GoogleBaseParser - Property: uri doesn't have a tag mapping.
23:44:22.562 [main] DEBUG com.rometools.modules.base.io.GoogleBaseParser - Property: licenses doesn't have a tag mapping.
23:44:22.571 [main] DEBUG com.rometools.modules.base.io.GoogleBaseParser - Property: format doesn't have a tag mapping.
23:44:22.571 [main] DEBUG com.rometools.modules.base.io.GoogleBaseParser - Property: expirationDateTime doesn't have a tag mapping.
23:44:22.571 [main] DEBUG com.rometools.modules.base.io.GoogleBaseParser - Property: interface doesn't have a tag mapping.
23:44:22.571 [main] DEBUG com.rometools.modules.base.io.GoogleBaseParser - Property: uri doesn't have a tag mapping.
23:44:22.571 [main] DEBUG com.rometools.modules.base.io.GoogleBaseParser - Property: licenses doesn't have a tag mapping.
23:44:22.571 [main] DEBUG com.rometools.modules.base.io.GoogleBaseParser - Property: format doesn't have a tag mapping.
23:44:22.571 [main] DEBUG com.rometools.modules.base.io.GoogleBaseParser - Property: expirationDateTime doesn't have a tag mapping.
23:44:22.571 [main] DEBUG com.rometools.modules.base.io.GoogleBaseParser - Property: interface doesn't have a tag mapping.
23:44:22.571 [main] DEBUG com.rometools.modules.base.io.GoogleBaseParser - Property: uri doesn't have a tag mapping.
23:44:22.571 [main] DEBUG com.rometools.modules.base.io.GoogleBaseParser - Property: licenses doesn't have a tag mapping.
23:44:22.581 [main] DEBUG com.rometools.modules.base.io.GoogleBaseParser - Property: format doesn't have a tag mapping.
23:44:22.581 [main] DEBUG com.rometools.modules.base.io.GoogleBaseParser - Property: expirationDateTime doesn't have a tag mapping.
23:44:22.581 [main] DEBUG com.rometools.modules.base.io.GoogleBaseParser - Property: interface doesn't have a tag mapping.
23:44:22.581 [main] DEBUG com.rometools.modules.base.io.GoogleBaseParser - Property: uri doesn't have a tag mapping.
23:44:22.581 [main] DEBUG com.rometools.modules.base.io.GoogleBaseParser - Property: licenses doesn't have a tag mapping.
23:44:22.582 [main] DEBUG com.rometools.modules.base.io.GoogleBaseParser - Property: format doesn't have a tag mapping.
23:44:22.582 [main] DEBUG com.rometools.modules.base.io.GoogleBaseParser - Property: expirationDateTime doesn't have a tag mapping.
23:44:22.582 [main] DEBUG com.rometools.modules.base.io.GoogleBaseParser - Property: interface doesn't have a tag mapping.
23:44:22.582 [main] DEBUG com.rometools.modules.base.io.GoogleBaseParser - Property: uri doesn't have a tag mapping.
23:44:22.582 [main] DEBUG com.rometools.modules.base.io.GoogleBaseParser - Property: licenses doesn't have a tag mapping.
23:44:22.697 [main] DEBUG com.rometools.modules.base.io.GoogleBaseParser - Property: format doesn't have a tag mapping.
23:44:22.697 [main] DEBUG com.rometools.modules.base.io.GoogleBaseParser - Property: expirationDateTime doesn't have a tag mapping.
23:44:22.697 [main] DEBUG com.rometools.modules.base.io.GoogleBaseParser - Property: interface doesn't have a tag mapping.
23:44:22.697 [main] DEBUG com.rometools.modules.base.io.GoogleBaseParser - Property: uri doesn't have a tag mapping.
23:44:22.697 [main] DEBUG com.rometools.modules.base.io.GoogleBaseParser - Property: licenses doesn't have a tag mapping.
23:44:22.721 [main] DEBUG com.rometools.modules.base.io.GoogleBaseParser - Property: format doesn't have a tag mapping.
23:44:22.721 [main] DEBUG com.rometools.modules.base.io.GoogleBaseParser - Property: expirationDateTime doesn't have a tag mapping.
23:44:22.721 [main] DEBUG com.rometools.modules.base.io.GoogleBaseParser - Property: interface doesn't have a tag mapping.
23:44:22.721 [main] DEBUG com.rometools.modules.base.io.GoogleBaseParser - Property: uri doesn't have a tag mapping.
23:44:22.721 [main] DEBUG com.rometools.modules.base.io.GoogleBaseParser - Property: licenses doesn't have a tag mapping.
23:44:22.762 [main] DEBUG com.rometools.modules.base.io.GoogleBaseParser - Property: format doesn't have a tag mapping.
23:44:22.762 [main] DEBUG com.rometools.modules.base.io.GoogleBaseParser - Property: expirationDateTime doesn't have a tag mapping.
23:44:22.762 [main] DEBUG com.rometools.modules.base.io.GoogleBaseParser - Property: interface doesn't have a tag mapping.
23:44:22.762 [main] DEBUG com.rometools.modules.base.io.GoogleBaseParser - Property: uri doesn't have a tag mapping.
23:44:22.762 [main] DEBUG com.rometools.modules.base.io.GoogleBaseParser - Property: licenses doesn't have a tag mapping.
23:44:22.798 [main] DEBUG com.rometools.modules.base.io.GoogleBaseParser - Property: format doesn't have a tag mapping.
23:44:22.798 [main] DEBUG com.rometools.modules.base.io.GoogleBaseParser - Property: expirationDateTime doesn't have a tag mapping.
23:44:22.798 [main] DEBUG com.rometools.modules.base.io.GoogleBaseParser - Property: interface doesn't have a tag mapping.
23:44:22.798 [main] DEBUG com.rometools.modules.base.io.GoogleBaseParser - Property: uri doesn't have a tag mapping.
23:44:22.798 [main] DEBUG com.rometools.modules.base.io.GoogleBaseParser - Property: licenses doesn't have a tag mapping.
23:44:22.822 [main] DEBUG com.rometools.modules.base.io.GoogleBaseParser - Property: format doesn't have a tag mapping.
23:44:22.823 [main] DEBUG com.rometools.modules.base.io.GoogleBaseParser - Property: expirationDateTime doesn't have a tag mapping.
23:44:22.823 [main] DEBUG com.rometools.modules.base.io.GoogleBaseParser - Property: interface doesn't have a tag mapping.
23:44:22.823 [main] DEBUG com.rometools.modules.base.io.GoogleBaseParser - Property: uri doesn't have a tag mapping.
23:44:22.823 [main] DEBUG com.rometools.modules.base.io.GoogleBaseParser - Property: licenses doesn't have a tag mapping.
23:44:22.825 [main] DEBUG com.rometools.modules.base.io.GoogleBaseParser - Property: format doesn't have a tag mapping.
23:44:22.825 [main] DEBUG com.rometools.modules.base.io.GoogleBaseParser - Property: expirationDateTime doesn't have a tag mapping.
23:44:22.825 [main] DEBUG com.rometools.modules.base.io.GoogleBaseParser - Property: interface doesn't have a tag mapping.
23:44:22.825 [main] DEBUG com.rometools.modules.base.io.GoogleBaseParser - Property: uri doesn't have a tag mapping.
23:44:22.825 [main] DEBUG com.rometools.modules.base.io.GoogleBaseParser - Property: licenses doesn't have a tag mapping.
23:44:22.841 [main] DEBUG com.rometools.modules.base.io.GoogleBaseParser - Property: format doesn't have a tag mapping.
23:44:22.841 [main] DEBUG com.rometools.modules.base.io.GoogleBaseParser - Property: expirationDateTime doesn't have a tag mapping.
23:44:22.841 [main] DEBUG com.rometools.modules.base.io.GoogleBaseParser - Property: interface doesn't have a tag mapping.
23:44:22.841 [main] DEBUG com.rometools.modules.base.io.GoogleBaseParser - Property: uri doesn't have a tag mapping.
23:44:22.841 [main] DEBUG com.rometools.modules.base.io.GoogleBaseParser - Property: licenses doesn't have a tag mapping.
23:44:22.842 [main] DEBUG com.rometools.modules.base.io.GoogleBaseParser - Property: format doesn't have a tag mapping.
23:44:22.843 [main] DEBUG com.rometools.modules.base.io.GoogleBaseParser - Property: expirationDateTime doesn't have a tag mapping.
23:44:22.843 [main] DEBUG com.rometools.modules.base.io.GoogleBaseParser - Property: interface doesn't have a tag mapping.
23:44:22.843 [main] DEBUG com.rometools.modules.base.io.GoogleBaseParser - Property: uri doesn't have a tag mapping.
23:44:22.843 [main] DEBUG com.rometools.modules.base.io.GoogleBaseParser - Property: licenses doesn't have a tag mapping.
23:44:22.871 [main] DEBUG com.rometools.modules.base.io.GoogleBaseParser - Property: format doesn't have a tag mapping.
23:44:22.871 [main] DEBUG com.rometools.modules.base.io.GoogleBaseParser - Property: expirationDateTime doesn't have a tag mapping.
23:44:22.871 [main] DEBUG com.rometools.modules.base.io.GoogleBaseParser - Property: interface doesn't have a tag mapping.
23:44:22.871 [main] DEBUG com.rometools.modules.base.io.GoogleBaseParser - Property: uri doesn't have a tag mapping.
23:44:22.871 [main] DEBUG com.rometools.modules.base.io.GoogleBaseParser - Property: licenses doesn't have a tag mapping.
23:44:22.874 [main] DEBUG com.rometools.modules.base.io.GoogleBaseParser - Property: format doesn't have a tag mapping.
23:44:22.874 [main] DEBUG com.rometools.modules.base.io.GoogleBaseParser - Property: expirationDateTime doesn't have a tag mapping.
23:44:22.874 [main] DEBUG com.rometools.modules.base.io.GoogleBaseParser - Property: interface doesn't have a tag mapping.
23:44:22.874 [main] DEBUG com.rometools.modules.base.io.GoogleBaseParser - Property: uri doesn't have a tag mapping.
23:44:22.874 [main] DEBUG com.rometools.modules.base.io.GoogleBaseParser - Property: licenses doesn't have a tag mapping.
23:44:22.917 [main] DEBUG com.rometools.modules.base.io.GoogleBaseParser - Property: format doesn't have a tag mapping.
23:44:22.917 [main] DEBUG com.rometools.modules.base.io.GoogleBaseParser - Property: expirationDateTime doesn't have a tag mapping.
23:44:22.917 [main] DEBUG com.rometools.modules.base.io.GoogleBaseParser - Property: interface doesn't have a tag mapping.
23:44:22.917 [main] DEBUG com.rometools.modules.base.io.GoogleBaseParser - Property: uri doesn't have a tag mapping.
23:44:22.917 [main] DEBUG com.rometools.modules.base.io.GoogleBaseParser - Property: licenses doesn't have a tag mapping.
23:44:22.919 [main] DEBUG com.rometools.modules.base.io.GoogleBaseParser - Property: format doesn't have a tag mapping.
23:44:22.919 [main] DEBUG com.rometools.modules.base.io.GoogleBaseParser - Property: expirationDateTime doesn't have a tag mapping.
23:44:22.919 [main] DEBUG com.rometools.modules.base.io.GoogleBaseParser - Property: interface doesn't have a tag mapping.
23:44:22.919 [main] DEBUG com.rometools.modules.base.io.GoogleBaseParser - Property: uri doesn't have a tag mapping.
23:44:22.919 [main] DEBUG com.rometools.modules.base.io.GoogleBaseParser - Property: licenses doesn't have a tag mapping.
23:44:22.929 [main] DEBUG com.rometools.modules.base.io.GoogleBaseParser - Property: format doesn't have a tag mapping.
23:44:22.930 [main] DEBUG com.rometools.modules.base.io.GoogleBaseParser - Property: expirationDateTime doesn't have a tag mapping.
23:44:22.930 [main] DEBUG com.rometools.modules.base.io.GoogleBaseParser - Property: interface doesn't have a tag mapping.
23:44:22.930 [main] DEBUG com.rometools.modules.base.io.GoogleBaseParser - Property: uri doesn't have a tag mapping.
23:44:22.930 [main] DEBUG com.rometools.modules.base.io.GoogleBaseParser - Property: licenses doesn't have a tag mapping.
23:44:22.930 [main] DEBUG com.rometools.modules.base.io.GoogleBaseParser - Property: format doesn't have a tag mapping.
23:44:22.930 [main] DEBUG com.rometools.modules.base.io.GoogleBaseParser - Property: expirationDateTime doesn't have a tag mapping.
23:44:22.930 [main] DEBUG com.rometools.modules.base.io.GoogleBaseParser - Property: interface doesn't have a tag mapping.
23:44:22.930 [main] DEBUG com.rometools.modules.base.io.GoogleBaseParser - Property: uri doesn't have a tag mapping.
23:44:22.931 [main] DEBUG com.rometools.modules.base.io.GoogleBaseParser - Property: licenses doesn't have a tag mapping.
23:44:22.957 [main] DEBUG com.rometools.modules.base.io.GoogleBaseParser - Property: format doesn't have a tag mapping.
23:44:22.957 [main] DEBUG com.rometools.modules.base.io.GoogleBaseParser - Property: expirationDateTime doesn't have a tag mapping.
23:44:22.957 [main] DEBUG com.rometools.modules.base.io.GoogleBaseParser - Property: interface doesn't have a tag mapping.
23:44:22.957 [main] DEBUG com.rometools.modules.base.io.GoogleBaseParser - Property: uri doesn't have a tag mapping.
23:44:22.957 [main] DEBUG com.rometools.modules.base.io.GoogleBaseParser - Property: licenses doesn't have a tag mapping.
23:44:22.958 [main] DEBUG com.rometools.modules.base.io.GoogleBaseParser - Property: format doesn't have a tag mapping.
23:44:22.958 [main] DEBUG com.rometools.modules.base.io.GoogleBaseParser - Property: expirationDateTime doesn't have a tag mapping.
23:44:22.958 [main] DEBUG com.rometools.modules.base.io.GoogleBaseParser - Property: interface doesn't have a tag mapping.
23:44:22.958 [main] DEBUG com.rometools.modules.base.io.GoogleBaseParser - Property: uri doesn't have a tag mapping.
23:44:22.958 [main] DEBUG com.rometools.modules.base.io.GoogleBaseParser - Property: licenses doesn't have a tag mapping.
23:44:23.191 [main] WARN  com.rometools.modules.mediarss.io.MediaModuleParser - Exception parsing price info attribute.
java.net.MalformedURLException: no protocol: 
	at java.base/java.net.URL.<init>(URL.java:645)
	at java.base/java.net.URL.<init>(URL.java:541)
	at java.base/java.net.URL.<init>(URL.java:488)
	at com.rometools.modules.mediarss.io.MediaModuleParser.parsePrices(MediaModuleParser.java:498)
	at com.rometools.modules.mediarss.io.MediaModuleParser.parseMetadata(MediaModuleParser.java:322)
	at com.rometools.modules.mediarss.io.MediaModuleParser.parse(MediaModuleParser.java:112)
	at com.rometools.rome.io.impl.ModuleParsers.parseModules(ModuleParsers.java:53)
	at com.rometools.rome.io.impl.BaseWireFeedParser.parseItemModules(BaseWireFeedParser.java:94)
	at com.rometools.rome.io.impl.RSS090Parser.parseItem(RSS090Parser.java:327)
	at com.rometools.rome.io.impl.RSS091UserlandParser.parseItem(RSS091UserlandParser.java:292)
	at com.rometools.rome.io.impl.RSS092Parser.parseItem(RSS092Parser.java:111)
	at com.rometools.rome.io.impl.RSS093Parser.parseItem(RSS093Parser.java:43)
	at com.rometools.rome.io.impl.RSS094Parser.parseItem(RSS094Parser.java:68)
	at com.rometools.rome.io.impl.RSS090Parser.parseItems(RSS090Parser.java:296)
	at com.rometools.rome.io.impl.RSS090Parser.parseChannel(RSS090Parser.java:194)
	at com.rometools.rome.io.impl.RSS091UserlandParser.parseChannel(RSS091UserlandParser.java:100)
	at com.rometools.rome.io.impl.RSS092Parser.parseChannel(RSS092Parser.java:64)
	at com.rometools.rome.io.impl.RSS094Parser.parseChannel(RSS094Parser.java:47)
	at com.rometools.rome.io.impl.RSS090Parser.parse(RSS090Parser.java:97)
	at com.rometools.rome.io.WireFeedInput.build(WireFeedInput.java:273)
	at com.rometools.rome.io.WireFeedInput.build(WireFeedInput.java:248)
	at com.rometools.rome.io.WireFeedInput.build(WireFeedInput.java:189)
	at com.rometools.rome.io.SyndFeedInput.build(SyndFeedInput.java:123)
	at com.rometools.modules.mediarss.MediaModuleTest.getSyndFeed(MediaModuleTest.java:293)
	at com.rometools.modules.mediarss.MediaModuleTest.getSyndFeed(MediaModuleTest.java:305)
	at com.rometools.modules.mediarss.MediaModuleTest.getFirstModuleFromFile(MediaModuleTest.java:272)
	at com.rometools.modules.mediarss.MediaModuleTest.testParseMediaRss15(MediaModuleTest.java:201)
	at java.base/jdk.internal.reflect.NativeMethodAccessorImpl.invoke0(Native Method)
	at java.base/jdk.internal.reflect.NativeMethodAccessorImpl.invoke(NativeMethodAccessorImpl.java:62)
	at java.base/jdk.internal.reflect.DelegatingMethodAccessorImpl.invoke(DelegatingMethodAccessorImpl.java:43)
	at java.base/java.lang.reflect.Method.invoke(Method.java:566)
	at junit.framework.TestCase.runTest(TestCase.java:177)
	at junit.framework.TestCase.runBare(TestCase.java:142)
	at junit.framework.TestResult$1.protect(TestResult.java:122)
	at junit.framework.TestResult.runProtected(TestResult.java:142)
	at junit.framework.TestResult.run(TestResult.java:125)
	at junit.framework.TestCase.run(TestCase.java:130)
	at junit.framework.TestSuite.runTest(TestSuite.java:241)
	at junit.framework.TestSuite.run(TestSuite.java:236)
	at org.junit.internal.runners.JUnit38ClassRunner.run(JUnit38ClassRunner.java:90)
	at org.apache.maven.surefire.junit4.JUnit4Provider.execute(JUnit4Provider.java:365)
	at org.apache.maven.surefire.junit4.JUnit4Provider.executeWithRerun(JUnit4Provider.java:273)
	at org.apache.maven.surefire.junit4.JUnit4Provider.executeTestSet(JUnit4Provider.java:238)
	at org.apache.maven.surefire.junit4.JUnit4Provider.invoke(JUnit4Provider.java:159)
	at org.apache.maven.surefire.booter.ForkedBooter.invokeProviderInSameClassLoader(ForkedBooter.java:384)
	at org.apache.maven.surefire.booter.ForkedBooter.runSuitesInProcess(ForkedBooter.java:345)
	at org.apache.maven.surefire.booter.ForkedBooter.execute(ForkedBooter.java:126)
	at org.apache.maven.surefire.booter.ForkedBooter.main(ForkedBooter.java:418)
23:44:23.268 [main] WARN  com.rometools.modules.mediarss.io.MediaModuleParser - Exception parsing price info attribute.
java.net.MalformedURLException: no protocol: 
	at java.base/java.net.URL.<init>(URL.java:645)
	at java.base/java.net.URL.<init>(URL.java:541)
	at java.base/java.net.URL.<init>(URL.java:488)
	at com.rometools.modules.mediarss.io.MediaModuleParser.parsePrices(MediaModuleParser.java:498)
	at com.rometools.modules.mediarss.io.MediaModuleParser.parseMetadata(MediaModuleParser.java:322)
	at com.rometools.modules.mediarss.io.MediaModuleParser.parse(MediaModuleParser.java:112)
	at com.rometools.rome.io.impl.ModuleParsers.parseModules(ModuleParsers.java:53)
	at com.rometools.rome.io.impl.BaseWireFeedParser.parseItemModules(BaseWireFeedParser.java:94)
	at com.rometools.rome.io.impl.RSS090Parser.parseItem(RSS090Parser.java:327)
	at com.rometools.rome.io.impl.RSS091UserlandParser.parseItem(RSS091UserlandParser.java:292)
	at com.rometools.rome.io.impl.RSS092Parser.parseItem(RSS092Parser.java:111)
	at com.rometools.rome.io.impl.RSS093Parser.parseItem(RSS093Parser.java:43)
	at com.rometools.rome.io.impl.RSS094Parser.parseItem(RSS094Parser.java:68)
	at com.rometools.rome.io.impl.RSS090Parser.parseItems(RSS090Parser.java:296)
	at com.rometools.rome.io.impl.RSS090Parser.parseChannel(RSS090Parser.java:194)
	at com.rometools.rome.io.impl.RSS091UserlandParser.parseChannel(RSS091UserlandParser.java:100)
	at com.rometools.rome.io.impl.RSS092Parser.parseChannel(RSS092Parser.java:64)
	at com.rometools.rome.io.impl.RSS094Parser.parseChannel(RSS094Parser.java:47)
	at com.rometools.rome.io.impl.RSS090Parser.parse(RSS090Parser.java:97)
	at com.rometools.rome.io.WireFeedInput.build(WireFeedInput.java:273)
	at com.rometools.rome.io.WireFeedInput.build(WireFeedInput.java:248)
	at com.rometools.rome.io.WireFeedInput.build(WireFeedInput.java:189)
	at com.rometools.rome.io.SyndFeedInput.build(SyndFeedInput.java:123)
	at com.rometools.modules.mediarss.MediaModuleTest.getSyndFeed(MediaModuleTest.java:293)
	at com.rometools.modules.mediarss.MediaModuleTest.getSyndFeed(MediaModuleTest.java:305)
	at com.rometools.modules.mediarss.MediaModuleTest.testMediaRss15Generator(MediaModuleTest.java:230)
	at java.base/jdk.internal.reflect.NativeMethodAccessorImpl.invoke0(Native Method)
	at java.base/jdk.internal.reflect.NativeMethodAccessorImpl.invoke(NativeMethodAccessorImpl.java:62)
	at java.base/jdk.internal.reflect.DelegatingMethodAccessorImpl.invoke(DelegatingMethodAccessorImpl.java:43)
	at java.base/java.lang.reflect.Method.invoke(Method.java:566)
	at junit.framework.TestCase.runTest(TestCase.java:177)
	at junit.framework.TestCase.runBare(TestCase.java:142)
	at junit.framework.TestResult$1.protect(TestResult.java:122)
	at junit.framework.TestResult.runProtected(TestResult.java:142)
	at junit.framework.TestResult.run(TestResult.java:125)
	at junit.framework.TestCase.run(TestCase.java:130)
	at junit.framework.TestSuite.runTest(TestSuite.java:241)
	at junit.framework.TestSuite.run(TestSuite.java:236)
	at org.junit.internal.runners.JUnit38ClassRunner.run(JUnit38ClassRunner.java:90)
	at org.apache.maven.surefire.junit4.JUnit4Provider.execute(JUnit4Provider.java:365)
	at org.apache.maven.surefire.junit4.JUnit4Provider.executeWithRerun(JUnit4Provider.java:273)
	at org.apache.maven.surefire.junit4.JUnit4Provider.executeTestSet(JUnit4Provider.java:238)
	at org.apache.maven.surefire.junit4.JUnit4Provider.invoke(JUnit4Provider.java:159)
	at org.apache.maven.surefire.booter.ForkedBooter.invokeProviderInSameClassLoader(ForkedBooter.java:384)
	at org.apache.maven.surefire.booter.ForkedBooter.runSuitesInProcess(ForkedBooter.java:345)
	at org.apache.maven.surefire.booter.ForkedBooter.execute(ForkedBooter.java:126)
	at org.apache.maven.surefire.booter.ForkedBooter.main(ForkedBooter.java:418)
[INFO] Tests run: 10, Failures: 0, Errors: 0, Skipped: 0, Time elapsed: 2.693 s - in com.rometools.modules.mediarss.GoogleTest
[INFO] Running com.rometools.modules.mediarss.io.MediaModuleParserTest
[INFO] Tests run: 9, Failures: 0, Errors: 0, Skipped: 0, Time elapsed: 0.002 s - in com.rometools.modules.mediarss.io.MediaModuleParserTest
[INFO] Running com.rometools.modules.mediarss.MediaModuleTest
23:44:23.601 [main] WARN  com.rometools.modules.itunes.io.ITunesParser - Malformed URL Exception reading itunes:image tag: 
23:44:24.281 [main] WARN  com.rometools.modules.itunes.io.ITunesParser - Malformed URL Exception reading itunes:image tag: 
23:44:24.281 [main] WARN  com.rometools.modules.itunes.io.ITunesParser - Malformed URL Exception reading itunes:image tag: 
23:44:24.282 [main] WARN  com.rometools.modules.itunes.io.ITunesParser - Failed to parse duration: 
23:44:24.283 [main] WARN  com.rometools.modules.itunes.io.ITunesParser - Failed to parse duration: 
23:44:24.313 [main] WARN  com.rometools.modules.itunes.io.ITunesParser - Failed to parse duration: 
23:44:24.443 [main] DEBUG com.rometools.modules.base.io.GoogleBaseParser - Property: format doesn't have a tag mapping.
23:44:24.443 [main] DEBUG com.rometools.modules.base.io.GoogleBaseParser - Property: expirationDateTime doesn't have a tag mapping.
23:44:24.443 [main] DEBUG com.rometools.modules.base.io.GoogleBaseParser - Property: interface doesn't have a tag mapping.
23:44:24.443 [main] DEBUG com.rometools.modules.base.io.GoogleBaseParser - Property: uri doesn't have a tag mapping.
23:44:24.443 [main] DEBUG com.rometools.modules.base.io.GoogleBaseParser - Property: licenses doesn't have a tag mapping.
23:44:24.447 [main] DEBUG com.rometools.modules.base.io.GoogleBaseParser - Property: format doesn't have a tag mapping.
23:44:24.448 [main] DEBUG com.rometools.modules.base.io.GoogleBaseParser - Property: expirationDateTime doesn't have a tag mapping.
23:44:24.448 [main] DEBUG com.rometools.modules.base.io.GoogleBaseParser - Property: interface doesn't have a tag mapping.
23:44:24.448 [main] DEBUG com.rometools.modules.base.io.GoogleBaseParser - Property: uri doesn't have a tag mapping.
23:44:24.448 [main] DEBUG com.rometools.modules.base.io.GoogleBaseParser - Property: licenses doesn't have a tag mapping.
23:44:24.470 [main] DEBUG com.rometools.modules.base.io.GoogleBaseParser - Property: format doesn't have a tag mapping.
23:44:24.470 [main] DEBUG com.rometools.modules.base.io.GoogleBaseParser - Property: expirationDateTime doesn't have a tag mapping.
23:44:24.470 [main] DEBUG com.rometools.modules.base.io.GoogleBaseParser - Property: interface doesn't have a tag mapping.
23:44:24.470 [main] DEBUG com.rometools.modules.base.io.GoogleBaseParser - Property: uri doesn't have a tag mapping.
23:44:24.470 [main] DEBUG com.rometools.modules.base.io.GoogleBaseParser - Property: licenses doesn't have a tag mapping.
23:44:24.472 [main] DEBUG com.rometools.modules.base.io.GoogleBaseParser - Property: format doesn't have a tag mapping.
23:44:24.472 [main] DEBUG com.rometools.modules.base.io.GoogleBaseParser - Property: expirationDateTime doesn't have a tag mapping.
23:44:24.472 [main] DEBUG com.rometools.modules.base.io.GoogleBaseParser - Property: interface doesn't have a tag mapping.
23:44:24.472 [main] DEBUG com.rometools.modules.base.io.GoogleBaseParser - Property: uri doesn't have a tag mapping.
23:44:24.472 [main] DEBUG com.rometools.modules.base.io.GoogleBaseParser - Property: licenses doesn't have a tag mapping.
23:44:24.481 [main] DEBUG com.rometools.modules.base.io.GoogleBaseParser - Property: format doesn't have a tag mapping.
23:44:24.482 [main] DEBUG com.rometools.modules.base.io.GoogleBaseParser - Property: expirationDateTime doesn't have a tag mapping.
23:44:24.482 [main] DEBUG com.rometools.modules.base.io.GoogleBaseParser - Property: interface doesn't have a tag mapping.
23:44:24.482 [main] DEBUG com.rometools.modules.base.io.GoogleBaseParser - Property: uri doesn't have a tag mapping.
23:44:24.482 [main] DEBUG com.rometools.modules.base.io.GoogleBaseParser - Property: licenses doesn't have a tag mapping.
23:44:24.482 [main] DEBUG com.rometools.modules.base.io.GoogleBaseParser - Property: format doesn't have a tag mapping.
23:44:24.482 [main] DEBUG com.rometools.modules.base.io.GoogleBaseParser - Property: expirationDateTime doesn't have a tag mapping.
23:44:24.482 [main] DEBUG com.rometools.modules.base.io.GoogleBaseParser - Property: interface doesn't have a tag mapping.
23:44:24.482 [main] DEBUG com.rometools.modules.base.io.GoogleBaseParser - Property: uri doesn't have a tag mapping.
23:44:24.482 [main] DEBUG com.rometools.modules.base.io.GoogleBaseParser - Property: licenses doesn't have a tag mapping.
23:44:24.569 [main] DEBUG com.rometools.modules.base.io.GoogleBaseParser - Property: format doesn't have a tag mapping.
23:44:24.569 [main] DEBUG com.rometools.modules.base.io.GoogleBaseParser - Property: expirationDateTime doesn't have a tag mapping.
23:44:24.569 [main] DEBUG com.rometools.modules.base.io.GoogleBaseParser - Property: interface doesn't have a tag mapping.
23:44:24.569 [main] DEBUG com.rometools.modules.base.io.GoogleBaseParser - Property: uri doesn't have a tag mapping.
23:44:24.570 [main] DEBUG com.rometools.modules.base.io.GoogleBaseParser - Property: licenses doesn't have a tag mapping.
23:44:24.576 [main] DEBUG com.rometools.modules.base.io.GoogleBaseParser - Property: format doesn't have a tag mapping.
23:44:24.576 [main] DEBUG com.rometools.modules.base.io.GoogleBaseParser - Property: expirationDateTime doesn't have a tag mapping.
23:44:24.576 [main] DEBUG com.rometools.modules.base.io.GoogleBaseParser - Property: interface doesn't have a tag mapping.
23:44:24.576 [main] DEBUG com.rometools.modules.base.io.GoogleBaseParser - Property: uri doesn't have a tag mapping.
23:44:24.576 [main] DEBUG com.rometools.modules.base.io.GoogleBaseParser - Property: licenses doesn't have a tag mapping.
23:44:24.665 [main] DEBUG com.rometools.modules.base.io.GoogleBaseParser - Property: format doesn't have a tag mapping.
23:44:24.665 [main] DEBUG com.rometools.modules.base.io.GoogleBaseParser - Property: expirationDateTime doesn't have a tag mapping.
23:44:24.666 [main] DEBUG com.rometools.modules.base.io.GoogleBaseParser - Property: interface doesn't have a tag mapping.
23:44:24.666 [main] DEBUG com.rometools.modules.base.io.GoogleBaseParser - Property: uri doesn't have a tag mapping.
23:44:24.666 [main] DEBUG com.rometools.modules.base.io.GoogleBaseParser - Property: licenses doesn't have a tag mapping.
23:44:24.685 [main] DEBUG com.rometools.modules.base.io.GoogleBaseParser - Property: format doesn't have a tag mapping.
23:44:24.685 [main] DEBUG com.rometools.modules.base.io.GoogleBaseParser - Property: expirationDateTime doesn't have a tag mapping.
23:44:24.685 [main] DEBUG com.rometools.modules.base.io.GoogleBaseParser - Property: interface doesn't have a tag mapping.
23:44:24.685 [main] DEBUG com.rometools.modules.base.io.GoogleBaseParser - Property: uri doesn't have a tag mapping.
23:44:24.685 [main] DEBUG com.rometools.modules.base.io.GoogleBaseParser - Property: licenses doesn't have a tag mapping.
23:44:24.695 [main] DEBUG com.rometools.modules.base.io.GoogleBaseParser - Property: format doesn't have a tag mapping.
23:44:24.696 [main] DEBUG com.rometools.modules.base.io.GoogleBaseParser - Property: expirationDateTime doesn't have a tag mapping.
23:44:24.696 [main] DEBUG com.rometools.modules.base.io.GoogleBaseParser - Property: interface doesn't have a tag mapping.
23:44:24.696 [main] DEBUG com.rometools.modules.base.io.GoogleBaseParser - Property: uri doesn't have a tag mapping.
23:44:24.696 [main] DEBUG com.rometools.modules.base.io.GoogleBaseParser - Property: licenses doesn't have a tag mapping.
23:44:24.700 [main] DEBUG com.rometools.modules.base.io.GoogleBaseParser - Property: format doesn't have a tag mapping.
23:44:24.700 [main] DEBUG com.rometools.modules.base.io.GoogleBaseParser - Property: expirationDateTime doesn't have a tag mapping.
23:44:24.700 [main] DEBUG com.rometools.modules.base.io.GoogleBaseParser - Property: interface doesn't have a tag mapping.
23:44:24.700 [main] DEBUG com.rometools.modules.base.io.GoogleBaseParser - Property: uri doesn't have a tag mapping.
23:44:24.700 [main] DEBUG com.rometools.modules.base.io.GoogleBaseParser - Property: licenses doesn't have a tag mapping.
23:44:24.723 [main] DEBUG com.rometools.modules.base.io.GoogleBaseParser - Property: format doesn't have a tag mapping.
23:44:24.723 [main] DEBUG com.rometools.modules.base.io.GoogleBaseParser - Property: expirationDateTime doesn't have a tag mapping.
23:44:24.731 [main] DEBUG com.rometools.modules.base.io.GoogleBaseParser - Property: interface doesn't have a tag mapping.
23:44:24.731 [main] DEBUG com.rometools.modules.base.io.GoogleBaseParser - Property: uri doesn't have a tag mapping.
23:44:24.731 [main] DEBUG com.rometools.modules.base.io.GoogleBaseParser - Property: licenses doesn't have a tag mapping.
23:44:24.735 [main] DEBUG com.rometools.modules.base.io.GoogleBaseParser - Property: format doesn't have a tag mapping.
23:44:24.735 [main] DEBUG com.rometools.modules.base.io.GoogleBaseParser - Property: expirationDateTime doesn't have a tag mapping.
23:44:24.735 [main] DEBUG com.rometools.modules.base.io.GoogleBaseParser - Property: interface doesn't have a tag mapping.
23:44:24.735 [main] DEBUG com.rometools.modules.base.io.GoogleBaseParser - Property: uri doesn't have a tag mapping.
23:44:24.735 [main] DEBUG com.rometools.modules.base.io.GoogleBaseParser - Property: licenses doesn't have a tag mapping.
23:44:24.746 [main] DEBUG com.rometools.modules.base.io.GoogleBaseParser - Property: format doesn't have a tag mapping.
23:44:24.747 [main] DEBUG com.rometools.modules.base.io.GoogleBaseParser - Property: expirationDateTime doesn't have a tag mapping.
23:44:24.747 [main] DEBUG com.rometools.modules.base.io.GoogleBaseParser - Property: interface doesn't have a tag mapping.
23:44:24.747 [main] DEBUG com.rometools.modules.base.io.GoogleBaseParser - Property: uri doesn't have a tag mapping.
23:44:24.747 [main] DEBUG com.rometools.modules.base.io.GoogleBaseParser - Property: licenses doesn't have a tag mapping.
23:44:24.747 [main] DEBUG com.rometools.modules.base.io.GoogleBaseParser - Property: format doesn't have a tag mapping.
23:44:24.747 [main] DEBUG com.rometools.modules.base.io.GoogleBaseParser - Property: expirationDateTime doesn't have a tag mapping.
23:44:24.747 [main] DEBUG com.rometools.modules.base.io.GoogleBaseParser - Property: interface doesn't have a tag mapping.
23:44:24.747 [main] DEBUG com.rometools.modules.base.io.GoogleBaseParser - Property: uri doesn't have a tag mapping.
23:44:24.747 [main] DEBUG com.rometools.modules.base.io.GoogleBaseParser - Property: licenses doesn't have a tag mapping.
23:44:24.756 [main] DEBUG com.rometools.modules.base.io.GoogleBaseParser - Property: format doesn't have a tag mapping.
23:44:24.756 [main] DEBUG com.rometools.modules.base.io.GoogleBaseParser - Property: expirationDateTime doesn't have a tag mapping.
23:44:24.756 [main] DEBUG com.rometools.modules.base.io.GoogleBaseParser - Property: interface doesn't have a tag mapping.
23:44:24.756 [main] DEBUG com.rometools.modules.base.io.GoogleBaseParser - Property: uri doesn't have a tag mapping.
23:44:24.756 [main] DEBUG com.rometools.modules.base.io.GoogleBaseParser - Property: licenses doesn't have a tag mapping.
23:44:24.756 [main] DEBUG com.rometools.modules.base.io.GoogleBaseParser - Property: format doesn't have a tag mapping.
23:44:24.756 [main] DEBUG com.rometools.modules.base.io.GoogleBaseParser - Property: expirationDateTime doesn't have a tag mapping.
23:44:24.756 [main] DEBUG com.rometools.modules.base.io.GoogleBaseParser - Property: interface doesn't have a tag mapping.
23:44:24.756 [main] DEBUG com.rometools.modules.base.io.GoogleBaseParser - Property: uri doesn't have a tag mapping.
23:44:24.756 [main] DEBUG com.rometools.modules.base.io.GoogleBaseParser - Property: licenses doesn't have a tag mapping.
23:44:24.786 [main] DEBUG com.rometools.modules.base.io.GoogleBaseParser - Property: format doesn't have a tag mapping.
23:44:24.786 [main] DEBUG com.rometools.modules.base.io.GoogleBaseParser - Property: expirationDateTime doesn't have a tag mapping.
23:44:24.786 [main] DEBUG com.rometools.modules.base.io.GoogleBaseParser - Property: interface doesn't have a tag mapping.
23:44:24.786 [main] DEBUG com.rometools.modules.base.io.GoogleBaseParser - Property: uri doesn't have a tag mapping.
23:44:24.786 [main] DEBUG com.rometools.modules.base.io.GoogleBaseParser - Property: licenses doesn't have a tag mapping.
23:44:24.845 [main] DEBUG com.rometools.modules.base.io.GoogleBaseParser - Property: format doesn't have a tag mapping.
23:44:24.845 [main] DEBUG com.rometools.modules.base.io.GoogleBaseParser - Property: expirationDateTime doesn't have a tag mapping.
23:44:24.845 [main] DEBUG com.rometools.modules.base.io.GoogleBaseParser - Property: interface doesn't have a tag mapping.
23:44:24.845 [main] DEBUG com.rometools.modules.base.io.GoogleBaseParser - Property: uri doesn't have a tag mapping.
23:44:24.845 [main] DEBUG com.rometools.modules.base.io.GoogleBaseParser - Property: licenses doesn't have a tag mapping.
23:44:24.856 [main] DEBUG com.rometools.modules.base.io.GoogleBaseParser - Property: format doesn't have a tag mapping.
23:44:24.857 [main] DEBUG com.rometools.modules.base.io.GoogleBaseParser - Property: expirationDateTime doesn't have a tag mapping.
23:44:24.857 [main] DEBUG com.rometools.modules.base.io.GoogleBaseParser - Property: interface doesn't have a tag mapping.
23:44:24.857 [main] DEBUG com.rometools.modules.base.io.GoogleBaseParser - Property: uri doesn't have a tag mapping.
23:44:24.857 [main] DEBUG com.rometools.modules.base.io.GoogleBaseParser - Property: licenses doesn't have a tag mapping.
23:44:24.858 [main] DEBUG com.rometools.modules.base.io.GoogleBaseParser - Property: format doesn't have a tag mapping.
23:44:24.859 [main] DEBUG com.rometools.modules.base.io.GoogleBaseParser - Property: expirationDateTime doesn't have a tag mapping.
23:44:24.859 [main] DEBUG com.rometools.modules.base.io.GoogleBaseParser - Property: interface doesn't have a tag mapping.
23:44:24.859 [main] DEBUG com.rometools.modules.base.io.GoogleBaseParser - Property: uri doesn't have a tag mapping.
23:44:24.859 [main] DEBUG com.rometools.modules.base.io.GoogleBaseParser - Property: licenses doesn't have a tag mapping.
23:44:24.870 [main] DEBUG com.rometools.modules.base.io.GoogleBaseParser - Property: format doesn't have a tag mapping.
23:44:24.870 [main] DEBUG com.rometools.modules.base.io.GoogleBaseParser - Property: expirationDateTime doesn't have a tag mapping.
23:44:24.870 [main] DEBUG com.rometools.modules.base.io.GoogleBaseParser - Property: interface doesn't have a tag mapping.
23:44:24.870 [main] DEBUG com.rometools.modules.base.io.GoogleBaseParser - Property: uri doesn't have a tag mapping.
23:44:24.870 [main] DEBUG com.rometools.modules.base.io.GoogleBaseParser - Property: licenses doesn't have a tag mapping.
23:44:24.871 [main] DEBUG com.rometools.modules.base.io.GoogleBaseParser - Property: format doesn't have a tag mapping.
23:44:24.871 [main] DEBUG com.rometools.modules.base.io.GoogleBaseParser - Property: expirationDateTime doesn't have a tag mapping.
23:44:24.871 [main] DEBUG com.rometools.modules.base.io.GoogleBaseParser - Property: interface doesn't have a tag mapping.
23:44:24.871 [main] DEBUG com.rometools.modules.base.io.GoogleBaseParser - Property: uri doesn't have a tag mapping.
23:44:24.872 [main] DEBUG com.rometools.modules.base.io.GoogleBaseParser - Property: licenses doesn't have a tag mapping.
23:44:24.881 [main] DEBUG com.rometools.modules.base.io.GoogleBaseParser - Property: format doesn't have a tag mapping.
23:44:24.881 [main] DEBUG com.rometools.modules.base.io.GoogleBaseParser - Property: expirationDateTime doesn't have a tag mapping.
23:44:24.881 [main] DEBUG com.rometools.modules.base.io.GoogleBaseParser - Property: interface doesn't have a tag mapping.
23:44:24.881 [main] DEBUG com.rometools.modules.base.io.GoogleBaseParser - Property: uri doesn't have a tag mapping.
23:44:24.881 [main] DEBUG com.rometools.modules.base.io.GoogleBaseParser - Property: licenses doesn't have a tag mapping.
23:44:24.882 [main] DEBUG com.rometools.modules.base.io.GoogleBaseParser - Property: format doesn't have a tag mapping.
23:44:24.882 [main] DEBUG com.rometools.modules.base.io.GoogleBaseParser - Property: expirationDateTime doesn't have a tag mapping.
23:44:24.882 [main] DEBUG com.rometools.modules.base.io.GoogleBaseParser - Property: interface doesn't have a tag mapping.
23:44:24.882 [main] DEBUG com.rometools.modules.base.io.GoogleBaseParser - Property: uri doesn't have a tag mapping.
23:44:24.882 [main] DEBUG com.rometools.modules.base.io.GoogleBaseParser - Property: licenses doesn't have a tag mapping.
23:44:24.899 [main] DEBUG com.rometools.modules.base.io.GoogleBaseParser - Property: format doesn't have a tag mapping.
23:44:24.899 [main] DEBUG com.rometools.modules.base.io.GoogleBaseParser - Property: expirationDateTime doesn't have a tag mapping.
23:44:24.899 [main] DEBUG com.rometools.modules.base.io.GoogleBaseParser - Property: interface doesn't have a tag mapping.
23:44:24.899 [main] DEBUG com.rometools.modules.base.io.GoogleBaseParser - Property: uri doesn't have a tag mapping.
23:44:24.899 [main] DEBUG com.rometools.modules.base.io.GoogleBaseParser - Property: licenses doesn't have a tag mapping.
23:44:24.902 [main] DEBUG com.rometools.modules.base.io.GoogleBaseParser - Property: format doesn't have a tag mapping.
23:44:24.902 [main] DEBUG com.rometools.modules.base.io.GoogleBaseParser - Property: expirationDateTime doesn't have a tag mapping.
23:44:24.902 [main] DEBUG com.rometools.modules.base.io.GoogleBaseParser - Property: interface doesn't have a tag mapping.
23:44:24.902 [main] DEBUG com.rometools.modules.base.io.GoogleBaseParser - Property: uri doesn't have a tag mapping.
23:44:24.902 [main] DEBUG com.rometools.modules.base.io.GoogleBaseParser - Property: licenses doesn't have a tag mapping.
23:44:24.925 [main] DEBUG com.rometools.modules.base.io.GoogleBaseParser - Property: format doesn't have a tag mapping.
23:44:24.926 [main] DEBUG com.rometools.modules.base.io.GoogleBaseParser - Property: expirationDateTime doesn't have a tag mapping.
23:44:24.926 [main] DEBUG com.rometools.modules.base.io.GoogleBaseParser - Property: interface doesn't have a tag mapping.
23:44:24.926 [main] DEBUG com.rometools.modules.base.io.GoogleBaseParser - Property: uri doesn't have a tag mapping.
23:44:24.926 [main] DEBUG com.rometools.modules.base.io.GoogleBaseParser - Property: licenses doesn't have a tag mapping.
23:44:24.938 [main] DEBUG com.rometools.modules.base.io.GoogleBaseParser - Property: format doesn't have a tag mapping.
23:44:24.938 [main] DEBUG com.rometools.modules.base.io.GoogleBaseParser - Property: expirationDateTime doesn't have a tag mapping.
23:44:24.938 [main] DEBUG com.rometools.modules.base.io.GoogleBaseParser - Property: interface doesn't have a tag mapping.
23:44:24.938 [main] DEBUG com.rometools.modules.base.io.GoogleBaseParser - Property: uri doesn't have a tag mapping.
23:44:24.938 [main] DEBUG com.rometools.modules.base.io.GoogleBaseParser - Property: licenses doesn't have a tag mapping.
23:44:24.948 [main] DEBUG com.rometools.modules.base.io.GoogleBaseParser - Property: format doesn't have a tag mapping.
23:44:24.948 [main] DEBUG com.rometools.modules.base.io.GoogleBaseParser - Property: expirationDateTime doesn't have a tag mapping.
23:44:24.948 [main] DEBUG com.rometools.modules.base.io.GoogleBaseParser - Property: interface doesn't have a tag mapping.
23:44:24.948 [main] DEBUG com.rometools.modules.base.io.GoogleBaseParser - Property: uri doesn't have a tag mapping.
23:44:24.948 [main] DEBUG com.rometools.modules.base.io.GoogleBaseParser - Property: licenses doesn't have a tag mapping.
23:44:24.949 [main] DEBUG com.rometools.modules.base.io.GoogleBaseParser - Property: format doesn't have a tag mapping.
23:44:24.949 [main] DEBUG com.rometools.modules.base.io.GoogleBaseParser - Property: expirationDateTime doesn't have a tag mapping.
23:44:24.949 [main] DEBUG com.rometools.modules.base.io.GoogleBaseParser - Property: interface doesn't have a tag mapping.
23:44:24.949 [main] DEBUG com.rometools.modules.base.io.GoogleBaseParser - Property: uri doesn't have a tag mapping.
23:44:24.949 [main] DEBUG com.rometools.modules.base.io.GoogleBaseParser - Property: licenses doesn't have a tag mapping.
23:44:25.115 [main] DEBUG com.rometools.modules.base.io.GoogleBaseParser - Property: format doesn't have a tag mapping.
23:44:25.115 [main] DEBUG com.rometools.modules.base.io.GoogleBaseParser - Property: expirationDateTime doesn't have a tag mapping.
23:44:25.115 [main] DEBUG com.rometools.modules.base.io.GoogleBaseParser - Property: interface doesn't have a tag mapping.
23:44:25.115 [main] DEBUG com.rometools.modules.base.io.GoogleBaseParser - Property: uri doesn't have a tag mapping.
23:44:25.115 [main] DEBUG com.rometools.modules.base.io.GoogleBaseParser - Property: licenses doesn't have a tag mapping.
23:44:25.116 [main] DEBUG com.rometools.modules.base.io.GoogleBaseParser - Property: format doesn't have a tag mapping.
23:44:25.116 [main] DEBUG com.rometools.modules.base.io.GoogleBaseParser - Property: expirationDateTime doesn't have a tag mapping.
23:44:25.116 [main] DEBUG com.rometools.modules.base.io.GoogleBaseParser - Property: interface doesn't have a tag mapping.
23:44:25.116 [main] DEBUG com.rometools.modules.base.io.GoogleBaseParser - Property: uri doesn't have a tag mapping.
23:44:25.116 [main] DEBUG com.rometools.modules.base.io.GoogleBaseParser - Property: licenses doesn't have a tag mapping.
23:44:25.325 [main] WARN  com.rometools.modules.itunes.io.ITunesParser - Malformed URL Exception reading itunes:image tag: 
23:44:25.369 [main] WARN  com.rometools.modules.itunes.io.ITunesParser - Malformed URL Exception reading itunes:image tag: 
23:44:25.369 [main] WARN  com.rometools.modules.itunes.io.ITunesParser - Malformed URL Exception reading itunes:image tag: 
23:44:25.370 [main] WARN  com.rometools.modules.itunes.io.ITunesParser - Failed to parse duration: 
23:44:25.371 [main] WARN  com.rometools.modules.itunes.io.ITunesParser - Failed to parse duration: 
23:44:25.372 [main] WARN  com.rometools.modules.itunes.io.ITunesParser - Failed to parse duration: 
23:44:25.373 [main] WARN  com.rometools.modules.itunes.io.ITunesParser - Failed to parse duration: 
23:44:25.374 [main] WARN  com.rometools.modules.itunes.io.ITunesParser - Failed to parse duration: 
23:44:25.375 [main] WARN  com.rometools.modules.itunes.io.ITunesParser - Failed to parse duration: 
23:44:25.376 [main] WARN  com.rometools.modules.itunes.io.ITunesParser - Failed to parse duration: 
23:44:25.377 [main] WARN  com.rometools.modules.itunes.io.ITunesParser - Failed to parse duration: 
23:44:25.409 [main] DEBUG com.rometools.modules.base.io.GoogleBaseParser - Property: format doesn't have a tag mapping.
23:44:25.409 [main] DEBUG com.rometools.modules.base.io.GoogleBaseParser - Property: expirationDateTime doesn't have a tag mapping.
23:44:25.409 [main] DEBUG com.rometools.modules.base.io.GoogleBaseParser - Property: interface doesn't have a tag mapping.
23:44:25.409 [main] DEBUG com.rometools.modules.base.io.GoogleBaseParser - Property: uri doesn't have a tag mapping.
23:44:25.409 [main] DEBUG com.rometools.modules.base.io.GoogleBaseParser - Property: licenses doesn't have a tag mapping.
23:44:25.440 [main] DEBUG com.rometools.modules.base.io.GoogleBaseParser - Property: format doesn't have a tag mapping.
23:44:25.440 [main] DEBUG com.rometools.modules.base.io.GoogleBaseParser - Property: expirationDateTime doesn't have a tag mapping.
23:44:25.440 [main] DEBUG com.rometools.modules.base.io.GoogleBaseParser - Property: interface doesn't have a tag mapping.
23:44:25.440 [main] DEBUG com.rometools.modules.base.io.GoogleBaseParser - Property: uri doesn't have a tag mapping.
23:44:25.440 [main] DEBUG com.rometools.modules.base.io.GoogleBaseParser - Property: licenses doesn't have a tag mapping.
23:44:25.502 [main] DEBUG com.rometools.modules.base.io.GoogleBaseParser - Property: format doesn't have a tag mapping.
23:44:25.502 [main] DEBUG com.rometools.modules.base.io.GoogleBaseParser - Property: expirationDateTime doesn't have a tag mapping.
23:44:25.502 [main] DEBUG com.rometools.modules.base.io.GoogleBaseParser - Property: interface doesn't have a tag mapping.
23:44:25.502 [main] DEBUG com.rometools.modules.base.io.GoogleBaseParser - Property: uri doesn't have a tag mapping.
23:44:25.502 [main] DEBUG com.rometools.modules.base.io.GoogleBaseParser - Property: licenses doesn't have a tag mapping.
23:44:25.507 [main] DEBUG com.rometools.modules.base.io.GoogleBaseParser - Property: format doesn't have a tag mapping.
23:44:25.507 [main] DEBUG com.rometools.modules.base.io.GoogleBaseParser - Property: expirationDateTime doesn't have a tag mapping.
23:44:25.507 [main] DEBUG com.rometools.modules.base.io.GoogleBaseParser - Property: interface doesn't have a tag mapping.
23:44:25.507 [main] DEBUG com.rometools.modules.base.io.GoogleBaseParser - Property: uri doesn't have a tag mapping.
23:44:25.507 [main] DEBUG com.rometools.modules.base.io.GoogleBaseParser - Property: licenses doesn't have a tag mapping.
23:44:25.519 [main] DEBUG com.rometools.modules.base.io.GoogleBaseParser - Property: format doesn't have a tag mapping.
23:44:25.519 [main] DEBUG com.rometools.modules.base.io.GoogleBaseParser - Property: expirationDateTime doesn't have a tag mapping.
23:44:25.519 [main] DEBUG com.rometools.modules.base.io.GoogleBaseParser - Property: interface doesn't have a tag mapping.
23:44:25.519 [main] DEBUG com.rometools.modules.base.io.GoogleBaseParser - Property: uri doesn't have a tag mapping.
23:44:25.519 [main] DEBUG com.rometools.modules.base.io.GoogleBaseParser - Property: licenses doesn't have a tag mapping.
23:44:25.520 [main] DEBUG com.rometools.modules.base.io.GoogleBaseParser - Property: format doesn't have a tag mapping.
23:44:25.520 [main] DEBUG com.rometools.modules.base.io.GoogleBaseParser - Property: expirationDateTime doesn't have a tag mapping.
23:44:25.520 [main] DEBUG com.rometools.modules.base.io.GoogleBaseParser - Property: interface doesn't have a tag mapping.
23:44:25.520 [main] DEBUG com.rometools.modules.base.io.GoogleBaseParser - Property: uri doesn't have a tag mapping.
23:44:25.520 [main] DEBUG com.rometools.modules.base.io.GoogleBaseParser - Property: licenses doesn't have a tag mapping.
23:44:25.536 [main] DEBUG com.rometools.modules.base.io.GoogleBaseParser - Property: format doesn't have a tag mapping.
23:44:25.536 [main] DEBUG com.rometools.modules.base.io.GoogleBaseParser - Property: expirationDateTime doesn't have a tag mapping.
23:44:25.537 [main] DEBUG com.rometools.modules.base.io.GoogleBaseParser - Property: interface doesn't have a tag mapping.
23:44:25.537 [main] DEBUG com.rometools.modules.base.io.GoogleBaseParser - Property: uri doesn't have a tag mapping.
23:44:25.537 [main] DEBUG com.rometools.modules.base.io.GoogleBaseParser - Property: licenses doesn't have a tag mapping.
23:44:25.537 [main] DEBUG com.rometools.modules.base.io.GoogleBaseParser - Property: format doesn't have a tag mapping.
23:44:25.537 [main] DEBUG com.rometools.modules.base.io.GoogleBaseParser - Property: expirationDateTime doesn't have a tag mapping.
23:44:25.537 [main] DEBUG com.rometools.modules.base.io.GoogleBaseParser - Property: interface doesn't have a tag mapping.
23:44:25.537 [main] DEBUG com.rometools.modules.base.io.GoogleBaseParser - Property: uri doesn't have a tag mapping.
23:44:25.538 [main] DEBUG com.rometools.modules.base.io.GoogleBaseParser - Property: licenses doesn't have a tag mapping.
23:44:25.587 [main] DEBUG com.rometools.modules.base.io.GoogleBaseParser - Property: format doesn't have a tag mapping.
23:44:25.587 [main] DEBUG com.rometools.modules.base.io.GoogleBaseParser - Property: expirationDateTime doesn't have a tag mapping.
23:44:25.587 [main] DEBUG com.rometools.modules.base.io.GoogleBaseParser - Property: interface doesn't have a tag mapping.
23:44:25.587 [main] DEBUG com.rometools.modules.base.io.GoogleBaseParser - Property: uri doesn't have a tag mapping.
23:44:25.587 [main] DEBUG com.rometools.modules.base.io.GoogleBaseParser - Property: licenses doesn't have a tag mapping.
23:44:25.601 [main] DEBUG com.rometools.modules.base.io.GoogleBaseParser - Property: format doesn't have a tag mapping.
23:44:25.602 [main] DEBUG com.rometools.modules.base.io.GoogleBaseParser - Property: expirationDateTime doesn't have a tag mapping.
23:44:25.602 [main] DEBUG com.rometools.modules.base.io.GoogleBaseParser - Property: interface doesn't have a tag mapping.
23:44:25.602 [main] DEBUG com.rometools.modules.base.io.GoogleBaseParser - Property: uri doesn't have a tag mapping.
23:44:25.602 [main] DEBUG com.rometools.modules.base.io.GoogleBaseParser - Property: licenses doesn't have a tag mapping.
23:44:25.652 [main] DEBUG com.rometools.modules.base.io.GoogleBaseParser - Property: format doesn't have a tag mapping.
23:44:25.653 [main] DEBUG com.rometools.modules.base.io.GoogleBaseParser - Property: expirationDateTime doesn't have a tag mapping.
23:44:25.653 [main] DEBUG com.rometools.modules.base.io.GoogleBaseParser - Property: interface doesn't have a tag mapping.
23:44:25.653 [main] DEBUG com.rometools.modules.base.io.GoogleBaseParser - Property: uri doesn't have a tag mapping.
23:44:25.653 [main] DEBUG com.rometools.modules.base.io.GoogleBaseParser - Property: licenses doesn't have a tag mapping.
23:44:25.660 [main] DEBUG com.rometools.modules.base.io.GoogleBaseParser - Property: format doesn't have a tag mapping.
23:44:25.660 [main] DEBUG com.rometools.modules.base.io.GoogleBaseParser - Property: expirationDateTime doesn't have a tag mapping.
23:44:25.660 [main] DEBUG com.rometools.modules.base.io.GoogleBaseParser - Property: interface doesn't have a tag mapping.
23:44:25.660 [main] DEBUG com.rometools.modules.base.io.GoogleBaseParser - Property: uri doesn't have a tag mapping.
23:44:25.660 [main] DEBUG com.rometools.modules.base.io.GoogleBaseParser - Property: licenses doesn't have a tag mapping.
23:44:25.677 [main] DEBUG com.rometools.modules.base.io.GoogleBaseParser - Property: format doesn't have a tag mapping.
23:44:25.677 [main] DEBUG com.rometools.modules.base.io.GoogleBaseParser - Property: expirationDateTime doesn't have a tag mapping.
23:44:25.678 [main] DEBUG com.rometools.modules.base.io.GoogleBaseParser - Property: interface doesn't have a tag mapping.
23:44:25.678 [main] DEBUG com.rometools.modules.base.io.GoogleBaseParser - Property: uri doesn't have a tag mapping.
23:44:25.678 [main] DEBUG com.rometools.modules.base.io.GoogleBaseParser - Property: licenses doesn't have a tag mapping.
23:44:25.678 [main] DEBUG com.rometools.modules.base.io.GoogleBaseParser - Property: format doesn't have a tag mapping.
23:44:25.678 [main] DEBUG com.rometools.modules.base.io.GoogleBaseParser - Property: expirationDateTime doesn't have a tag mapping.
23:44:25.678 [main] DEBUG com.rometools.modules.base.io.GoogleBaseParser - Property: interface doesn't have a tag mapping.
23:44:25.679 [main] DEBUG com.rometools.modules.base.io.GoogleBaseParser - Property: uri doesn't have a tag mapping.
23:44:25.679 [main] DEBUG com.rometools.modules.base.io.GoogleBaseParser - Property: licenses doesn't have a tag mapping.
23:44:25.689 [main] DEBUG com.rometools.modules.base.io.GoogleBaseParser - Property: format doesn't have a tag mapping.
23:44:25.689 [main] DEBUG com.rometools.modules.base.io.GoogleBaseParser - Property: expirationDateTime doesn't have a tag mapping.
23:44:25.689 [main] DEBUG com.rometools.modules.base.io.GoogleBaseParser - Property: interface doesn't have a tag mapping.
23:44:25.689 [main] DEBUG com.rometools.modules.base.io.GoogleBaseParser - Property: uri doesn't have a tag mapping.
23:44:25.689 [main] DEBUG com.rometools.modules.base.io.GoogleBaseParser - Property: licenses doesn't have a tag mapping.
23:44:25.689 [main] DEBUG com.rometools.modules.base.io.GoogleBaseParser - Property: format doesn't have a tag mapping.
23:44:25.689 [main] DEBUG com.rometools.modules.base.io.GoogleBaseParser - Property: expirationDateTime doesn't have a tag mapping.
23:44:25.689 [main] DEBUG com.rometools.modules.base.io.GoogleBaseParser - Property: interface doesn't have a tag mapping.
23:44:25.689 [main] DEBUG com.rometools.modules.base.io.GoogleBaseParser - Property: uri doesn't have a tag mapping.
23:44:25.689 [main] DEBUG com.rometools.modules.base.io.GoogleBaseParser - Property: licenses doesn't have a tag mapping.
23:44:25.705 [main] DEBUG com.rometools.modules.base.io.GoogleBaseParser - Property: format doesn't have a tag mapping.
23:44:25.705 [main] DEBUG com.rometools.modules.base.io.GoogleBaseParser - Property: expirationDateTime doesn't have a tag mapping.
23:44:25.705 [main] DEBUG com.rometools.modules.base.io.GoogleBaseParser - Property: interface doesn't have a tag mapping.
23:44:25.705 [main] DEBUG com.rometools.modules.base.io.GoogleBaseParser - Property: uri doesn't have a tag mapping.
23:44:25.705 [main] DEBUG com.rometools.modules.base.io.GoogleBaseParser - Property: licenses doesn't have a tag mapping.
23:44:25.708 [main] DEBUG com.rometools.modules.base.io.GoogleBaseParser - Property: format doesn't have a tag mapping.
23:44:25.708 [main] DEBUG com.rometools.modules.base.io.GoogleBaseParser - Property: expirationDateTime doesn't have a tag mapping.
23:44:25.708 [main] DEBUG com.rometools.modules.base.io.GoogleBaseParser - Property: interface doesn't have a tag mapping.
23:44:25.708 [main] DEBUG com.rometools.modules.base.io.GoogleBaseParser - Property: uri doesn't have a tag mapping.
23:44:25.708 [main] DEBUG com.rometools.modules.base.io.GoogleBaseParser - Property: licenses doesn't have a tag mapping.
23:44:25.784 [main] DEBUG com.rometools.modules.base.io.GoogleBaseParser - Property: format doesn't have a tag mapping.
23:44:25.784 [main] DEBUG com.rometools.modules.base.io.GoogleBaseParser - Property: expirationDateTime doesn't have a tag mapping.
23:44:25.784 [main] DEBUG com.rometools.modules.base.io.GoogleBaseParser - Property: interface doesn't have a tag mapping.
23:44:25.784 [main] DEBUG com.rometools.modules.base.io.GoogleBaseParser - Property: uri doesn't have a tag mapping.
23:44:25.784 [main] DEBUG com.rometools.modules.base.io.GoogleBaseParser - Property: licenses doesn't have a tag mapping.
23:44:25.787 [main] DEBUG com.rometools.modules.base.io.GoogleBaseParser - Property: format doesn't have a tag mapping.
23:44:25.787 [main] DEBUG com.rometools.modules.base.io.GoogleBaseParser - Property: expirationDateTime doesn't have a tag mapping.
23:44:25.787 [main] DEBUG com.rometools.modules.base.io.GoogleBaseParser - Property: interface doesn't have a tag mapping.
23:44:25.787 [main] DEBUG com.rometools.modules.base.io.GoogleBaseParser - Property: uri doesn't have a tag mapping.
23:44:25.787 [main] DEBUG com.rometools.modules.base.io.GoogleBaseParser - Property: licenses doesn't have a tag mapping.
23:44:25.801 [main] DEBUG com.rometools.modules.base.io.GoogleBaseParser - Property: format doesn't have a tag mapping.
23:44:25.801 [main] DEBUG com.rometools.modules.base.io.GoogleBaseParser - Property: expirationDateTime doesn't have a tag mapping.
23:44:25.801 [main] DEBUG com.rometools.modules.base.io.GoogleBaseParser - Property: interface doesn't have a tag mapping.
23:44:25.801 [main] DEBUG com.rometools.modules.base.io.GoogleBaseParser - Property: uri doesn't have a tag mapping.
23:44:25.801 [main] DEBUG com.rometools.modules.base.io.GoogleBaseParser - Property: licenses doesn't have a tag mapping.
23:44:25.801 [main] DEBUG com.rometools.modules.base.io.GoogleBaseParser - Property: format doesn't have a tag mapping.
23:44:25.801 [main] DEBUG com.rometools.modules.base.io.GoogleBaseParser - Property: expirationDateTime doesn't have a tag mapping.
23:44:25.802 [main] DEBUG com.rometools.modules.base.io.GoogleBaseParser - Property: interface doesn't have a tag mapping.
23:44:25.802 [main] DEBUG com.rometools.modules.base.io.GoogleBaseParser - Property: uri doesn't have a tag mapping.
23:44:25.802 [main] DEBUG com.rometools.modules.base.io.GoogleBaseParser - Property: licenses doesn't have a tag mapping.
23:44:25.819 [main] DEBUG com.rometools.modules.base.io.GoogleBaseParser - Property: format doesn't have a tag mapping.
23:44:25.820 [main] DEBUG com.rometools.modules.base.io.GoogleBaseParser - Property: expirationDateTime doesn't have a tag mapping.
23:44:25.820 [main] DEBUG com.rometools.modules.base.io.GoogleBaseParser - Property: interface doesn't have a tag mapping.
23:44:25.820 [main] DEBUG com.rometools.modules.base.io.GoogleBaseParser - Property: uri doesn't have a tag mapping.
23:44:25.820 [main] DEBUG com.rometools.modules.base.io.GoogleBaseParser - Property: licenses doesn't have a tag mapping.
23:44:25.821 [main] DEBUG com.rometools.modules.base.io.GoogleBaseParser - Property: format doesn't have a tag mapping.
23:44:25.821 [main] DEBUG com.rometools.modules.base.io.GoogleBaseParser - Property: expirationDateTime doesn't have a tag mapping.
23:44:25.821 [main] DEBUG com.rometools.modules.base.io.GoogleBaseParser - Property: interface doesn't have a tag mapping.
23:44:25.821 [main] DEBUG com.rometools.modules.base.io.GoogleBaseParser - Property: uri doesn't have a tag mapping.
23:44:25.821 [main] DEBUG com.rometools.modules.base.io.GoogleBaseParser - Property: licenses doesn't have a tag mapping.
23:44:25.848 [main] DEBUG com.rometools.modules.base.io.GoogleBaseParser - Property: format doesn't have a tag mapping.
23:44:25.848 [main] DEBUG com.rometools.modules.base.io.GoogleBaseParser - Property: expirationDateTime doesn't have a tag mapping.
23:44:25.848 [main] DEBUG com.rometools.modules.base.io.GoogleBaseParser - Property: interface doesn't have a tag mapping.
23:44:25.848 [main] DEBUG com.rometools.modules.base.io.GoogleBaseParser - Property: uri doesn't have a tag mapping.
23:44:25.848 [main] DEBUG com.rometools.modules.base.io.GoogleBaseParser - Property: licenses doesn't have a tag mapping.
23:44:25.851 [main] DEBUG com.rometools.modules.base.io.GoogleBaseParser - Property: format doesn't have a tag mapping.
23:44:25.851 [main] DEBUG com.rometools.modules.base.io.GoogleBaseParser - Property: expirationDateTime doesn't have a tag mapping.
23:44:25.851 [main] DEBUG com.rometools.modules.base.io.GoogleBaseParser - Property: interface doesn't have a tag mapping.
23:44:25.851 [main] DEBUG com.rometools.modules.base.io.GoogleBaseParser - Property: uri doesn't have a tag mapping.
23:44:25.851 [main] DEBUG com.rometools.modules.base.io.GoogleBaseParser - Property: licenses doesn't have a tag mapping.
23:44:25.861 [main] DEBUG com.rometools.modules.base.io.GoogleBaseParser - Property: format doesn't have a tag mapping.
23:44:25.862 [main] DEBUG com.rometools.modules.base.io.GoogleBaseParser - Property: expirationDateTime doesn't have a tag mapping.
23:44:25.862 [main] DEBUG com.rometools.modules.base.io.GoogleBaseParser - Property: interface doesn't have a tag mapping.
23:44:25.862 [main] DEBUG com.rometools.modules.base.io.GoogleBaseParser - Property: uri doesn't have a tag mapping.
23:44:25.862 [main] DEBUG com.rometools.modules.base.io.GoogleBaseParser - Property: licenses doesn't have a tag mapping.
23:44:25.863 [main] DEBUG com.rometools.modules.base.io.GoogleBaseParser - Property: format doesn't have a tag mapping.
23:44:25.864 [main] DEBUG com.rometools.modules.base.io.GoogleBaseParser - Property: expirationDateTime doesn't have a tag mapping.
23:44:25.864 [main] DEBUG com.rometools.modules.base.io.GoogleBaseParser - Property: interface doesn't have a tag mapping.
23:44:25.864 [main] DEBUG com.rometools.modules.base.io.GoogleBaseParser - Property: uri doesn't have a tag mapping.
23:44:25.864 [main] DEBUG com.rometools.modules.base.io.GoogleBaseParser - Property: licenses doesn't have a tag mapping.
23:44:25.876 [main] DEBUG com.rometools.modules.base.io.GoogleBaseParser - Property: format doesn't have a tag mapping.
23:44:25.876 [main] DEBUG com.rometools.modules.base.io.GoogleBaseParser - Property: expirationDateTime doesn't have a tag mapping.
23:44:25.876 [main] DEBUG com.rometools.modules.base.io.GoogleBaseParser - Property: interface doesn't have a tag mapping.
23:44:25.876 [main] DEBUG com.rometools.modules.base.io.GoogleBaseParser - Property: uri doesn't have a tag mapping.
23:44:25.876 [main] DEBUG com.rometools.modules.base.io.GoogleBaseParser - Property: licenses doesn't have a tag mapping.
23:44:25.877 [main] DEBUG com.rometools.modules.base.io.GoogleBaseParser - Property: format doesn't have a tag mapping.
23:44:25.877 [main] DEBUG com.rometools.modules.base.io.GoogleBaseParser - Property: expirationDateTime doesn't have a tag mapping.
23:44:25.877 [main] DEBUG com.rometools.modules.base.io.GoogleBaseParser - Property: interface doesn't have a tag mapping.
23:44:25.877 [main] DEBUG com.rometools.modules.base.io.GoogleBaseParser - Property: uri doesn't have a tag mapping.
23:44:25.877 [main] DEBUG com.rometools.modules.base.io.GoogleBaseParser - Property: licenses doesn't have a tag mapping.
23:44:25.890 [main] DEBUG com.rometools.modules.base.io.GoogleBaseParser - Property: format doesn't have a tag mapping.
23:44:25.890 [main] DEBUG com.rometools.modules.base.io.GoogleBaseParser - Property: expirationDateTime doesn't have a tag mapping.
23:44:25.890 [main] DEBUG com.rometools.modules.base.io.GoogleBaseParser - Property: interface doesn't have a tag mapping.
23:44:25.890 [main] DEBUG com.rometools.modules.base.io.GoogleBaseParser - Property: uri doesn't have a tag mapping.
23:44:25.890 [main] DEBUG com.rometools.modules.base.io.GoogleBaseParser - Property: licenses doesn't have a tag mapping.
23:44:25.891 [main] DEBUG com.rometools.modules.base.io.GoogleBaseParser - Property: format doesn't have a tag mapping.
23:44:25.891 [main] DEBUG com.rometools.modules.base.io.GoogleBaseParser - Property: expirationDateTime doesn't have a tag mapping.
23:44:25.891 [main] DEBUG com.rometools.modules.base.io.GoogleBaseParser - Property: interface doesn't have a tag mapping.
23:44:25.891 [main] DEBUG com.rometools.modules.base.io.GoogleBaseParser - Property: uri doesn't have a tag mapping.
23:44:25.891 [main] DEBUG com.rometools.modules.base.io.GoogleBaseParser - Property: licenses doesn't have a tag mapping.
23:44:25.903 [main] DEBUG com.rometools.modules.base.io.GoogleBaseParser - Property: format doesn't have a tag mapping.
23:44:25.904 [main] DEBUG com.rometools.modules.base.io.GoogleBaseParser - Property: expirationDateTime doesn't have a tag mapping.
23:44:25.904 [main] DEBUG com.rometools.modules.base.io.GoogleBaseParser - Property: interface doesn't have a tag mapping.
23:44:25.904 [main] DEBUG com.rometools.modules.base.io.GoogleBaseParser - Property: uri doesn't have a tag mapping.
23:44:25.904 [main] DEBUG com.rometools.modules.base.io.GoogleBaseParser - Property: licenses doesn't have a tag mapping.
23:44:25.906 [main] DEBUG com.rometools.modules.base.io.GoogleBaseParser - Property: format doesn't have a tag mapping.
23:44:25.907 [main] DEBUG com.rometools.modules.base.io.GoogleBaseParser - Property: expirationDateTime doesn't have a tag mapping.
23:44:25.907 [main] DEBUG com.rometools.modules.base.io.GoogleBaseParser - Property: interface doesn't have a tag mapping.
23:44:25.907 [main] DEBUG com.rometools.modules.base.io.GoogleBaseParser - Property: uri doesn't have a tag mapping.
23:44:25.907 [main] DEBUG com.rometools.modules.base.io.GoogleBaseParser - Property: licenses doesn't have a tag mapping.
23:44:25.938 [main] DEBUG com.rometools.modules.base.io.GoogleBaseParser - Property: format doesn't have a tag mapping.
23:44:25.939 [main] DEBUG com.rometools.modules.base.io.GoogleBaseParser - Property: expirationDateTime doesn't have a tag mapping.
23:44:25.939 [main] DEBUG com.rometools.modules.base.io.GoogleBaseParser - Property: interface doesn't have a tag mapping.
23:44:25.939 [main] DEBUG com.rometools.modules.base.io.GoogleBaseParser - Property: uri doesn't have a tag mapping.
23:44:25.939 [main] DEBUG com.rometools.modules.base.io.GoogleBaseParser - Property: licenses doesn't have a tag mapping.
23:44:25.941 [main] DEBUG com.rometools.modules.base.io.GoogleBaseParser - Property: format doesn't have a tag mapping.
23:44:25.941 [main] DEBUG com.rometools.modules.base.io.GoogleBaseParser - Property: expirationDateTime doesn't have a tag mapping.
23:44:25.941 [main] DEBUG com.rometools.modules.base.io.GoogleBaseParser - Property: interface doesn't have a tag mapping.
23:44:25.941 [main] DEBUG com.rometools.modules.base.io.GoogleBaseParser - Property: uri doesn't have a tag mapping.
23:44:25.941 [main] DEBUG com.rometools.modules.base.io.GoogleBaseParser - Property: licenses doesn't have a tag mapping.
23:44:25.961 [main] DEBUG com.rometools.modules.base.io.GoogleBaseParser - Property: format doesn't have a tag mapping.
23:44:25.961 [main] DEBUG com.rometools.modules.base.io.GoogleBaseParser - Property: expirationDateTime doesn't have a tag mapping.
23:44:25.962 [main] DEBUG com.rometools.modules.base.io.GoogleBaseParser - Property: interface doesn't have a tag mapping.
23:44:25.962 [main] DEBUG com.rometools.modules.base.io.GoogleBaseParser - Property: uri doesn't have a tag mapping.
23:44:25.962 [main] DEBUG com.rometools.modules.base.io.GoogleBaseParser - Property: licenses doesn't have a tag mapping.
23:44:25.962 [main] DEBUG com.rometools.modules.base.io.GoogleBaseParser - Property: format doesn't have a tag mapping.
23:44:25.962 [main] DEBUG com.rometools.modules.base.io.GoogleBaseParser - Property: expirationDateTime doesn't have a tag mapping.
23:44:25.962 [main] DEBUG com.rometools.modules.base.io.GoogleBaseParser - Property: interface doesn't have a tag mapping.
23:44:25.962 [main] DEBUG com.rometools.modules.base.io.GoogleBaseParser - Property: uri doesn't have a tag mapping.
23:44:25.962 [main] DEBUG com.rometools.modules.base.io.GoogleBaseParser - Property: licenses doesn't have a tag mapping.
23:44:25.974 [main] DEBUG com.rometools.modules.base.io.GoogleBaseParser - Property: format doesn't have a tag mapping.
23:44:25.974 [main] DEBUG com.rometools.modules.base.io.GoogleBaseParser - Property: expirationDateTime doesn't have a tag mapping.
23:44:25.974 [main] DEBUG com.rometools.modules.base.io.GoogleBaseParser - Property: interface doesn't have a tag mapping.
23:44:25.974 [main] DEBUG com.rometools.modules.base.io.GoogleBaseParser - Property: uri doesn't have a tag mapping.
23:44:25.974 [main] DEBUG com.rometools.modules.base.io.GoogleBaseParser - Property: licenses doesn't have a tag mapping.
23:44:25.997 [main] DEBUG com.rometools.modules.base.io.GoogleBaseParser - Property: format doesn't have a tag mapping.
23:44:25.997 [main] DEBUG com.rometools.modules.base.io.GoogleBaseParser - Property: expirationDateTime doesn't have a tag mapping.
23:44:25.997 [main] DEBUG com.rometools.modules.base.io.GoogleBaseParser - Property: interface doesn't have a tag mapping.
23:44:25.997 [main] DEBUG com.rometools.modules.base.io.GoogleBaseParser - Property: uri doesn't have a tag mapping.
23:44:25.997 [main] DEBUG com.rometools.modules.base.io.GoogleBaseParser - Property: licenses doesn't have a tag mapping.
23:44:26.040 [main] WARN  com.rometools.modules.itunes.io.ITunesParser - Failed to parse duration: 
23:44:26.041 [main] WARN  com.rometools.modules.itunes.io.ITunesParser - Failed to parse duration: 
23:44:26.042 [main] WARN  com.rometools.modules.itunes.io.ITunesParser - Failed to parse duration: 
23:44:26.042 [main] WARN  com.rometools.modules.itunes.io.ITunesParser - Failed to parse duration: 
23:44:26.045 [main] WARN  com.rometools.modules.itunes.io.ITunesParser - Failed to parse duration: 
23:44:26.046 [main] WARN  com.rometools.modules.itunes.io.ITunesParser - Failed to parse duration: 
23:44:26.047 [main] WARN  com.rometools.modules.itunes.io.ITunesParser - Failed to parse duration: 
23:44:26.049 [main] WARN  com.rometools.modules.itunes.io.ITunesParser - Failed to parse duration: 
23:44:26.050 [main] WARN  com.rometools.modules.itunes.io.ITunesParser - Failed to parse duration: 
23:44:26.051 [main] WARN  com.rometools.modules.itunes.io.ITunesParser - Failed to parse duration: 
23:44:26.052 [main] WARN  com.rometools.modules.itunes.io.ITunesParser - Failed to parse duration: 
23:44:26.052 [main] WARN  com.rometools.modules.itunes.io.ITunesParser - Failed to parse duration: 
23:44:26.053 [main] WARN  com.rometools.modules.itunes.io.ITunesParser - Failed to parse duration: 
23:44:26.055 [main] WARN  com.rometools.modules.itunes.io.ITunesParser - Failed to parse duration: 
23:44:26.056 [main] WARN  com.rometools.modules.itunes.io.ITunesParser - Failed to parse duration: 
23:44:26.284 [main] DEBUG com.rometools.modules.base.io.GoogleBaseParser - Property: format doesn't have a tag mapping.
23:44:26.284 [main] DEBUG com.rometools.modules.base.io.GoogleBaseParser - Property: expirationDateTime doesn't have a tag mapping.
23:44:26.284 [main] DEBUG com.rometools.modules.base.io.GoogleBaseParser - Property: interface doesn't have a tag mapping.
23:44:26.284 [main] DEBUG com.rometools.modules.base.io.GoogleBaseParser - Property: uri doesn't have a tag mapping.
23:44:26.284 [main] DEBUG com.rometools.modules.base.io.GoogleBaseParser - Property: licenses doesn't have a tag mapping.
23:44:26.299 [main] DEBUG com.rometools.modules.base.io.GoogleBaseParser - Property: format doesn't have a tag mapping.
23:44:26.299 [main] DEBUG com.rometools.modules.base.io.GoogleBaseParser - Property: expirationDateTime doesn't have a tag mapping.
23:44:26.299 [main] DEBUG com.rometools.modules.base.io.GoogleBaseParser - Property: interface doesn't have a tag mapping.
23:44:26.299 [main] DEBUG com.rometools.modules.base.io.GoogleBaseParser - Property: uri doesn't have a tag mapping.
23:44:26.299 [main] DEBUG com.rometools.modules.base.io.GoogleBaseParser - Property: licenses doesn't have a tag mapping.
23:44:26.331 [main] DEBUG com.rometools.modules.cc.io.CCModuleGenerator - channel
23:44:26.331 [main] DEBUG com.rometools.modules.cc.io.CCModuleGenerator - Is Root? [rss: null]
23:44:26.353 [main] DEBUG com.rometools.modules.base.io.GoogleBaseParser - Property: format doesn't have a tag mapping.
23:44:26.353 [main] DEBUG com.rometools.modules.base.io.GoogleBaseParser - Property: expirationDateTime doesn't have a tag mapping.
23:44:26.353 [main] DEBUG com.rometools.modules.base.io.GoogleBaseParser - Property: interface doesn't have a tag mapping.
23:44:26.353 [main] DEBUG com.rometools.modules.base.io.GoogleBaseParser - Property: uri doesn't have a tag mapping.
23:44:26.353 [main] DEBUG com.rometools.modules.base.io.GoogleBaseParser - Property: licenses doesn't have a tag mapping.
23:44:26.355 [main] DEBUG com.rometools.modules.base.io.GoogleBaseParser - Property: format doesn't have a tag mapping.
23:44:26.355 [main] DEBUG com.rometools.modules.base.io.GoogleBaseParser - Property: expirationDateTime doesn't have a tag mapping.
23:44:26.355 [main] DEBUG com.rometools.modules.base.io.GoogleBaseParser - Property: interface doesn't have a tag mapping.
23:44:26.355 [main] DEBUG com.rometools.modules.base.io.GoogleBaseParser - Property: uri doesn't have a tag mapping.
23:44:26.355 [main] DEBUG com.rometools.modules.base.io.GoogleBaseParser - Property: licenses doesn't have a tag mapping.
23:44:26.366 [main] DEBUG com.rometools.modules.base.io.GoogleBaseParser - Property: format doesn't have a tag mapping.
23:44:26.366 [main] DEBUG com.rometools.modules.base.io.GoogleBaseParser - Property: expirationDateTime doesn't have a tag mapping.
23:44:26.366 [main] DEBUG com.rometools.modules.base.io.GoogleBaseParser - Property: interface doesn't have a tag mapping.
23:44:26.366 [main] DEBUG com.rometools.modules.base.io.GoogleBaseParser - Property: uri doesn't have a tag mapping.
23:44:26.366 [main] DEBUG com.rometools.modules.base.io.GoogleBaseParser - Property: licenses doesn't have a tag mapping.
23:44:26.370 [main] DEBUG com.rometools.modules.base.io.GoogleBaseParser - Property: format doesn't have a tag mapping.
23:44:26.370 [main] DEBUG com.rometools.modules.base.io.GoogleBaseParser - Property: expirationDateTime doesn't have a tag mapping.
23:44:26.370 [main] DEBUG com.rometools.modules.base.io.GoogleBaseParser - Property: interface doesn't have a tag mapping.
23:44:26.370 [main] DEBUG com.rometools.modules.base.io.GoogleBaseParser - Property: uri doesn't have a tag mapping.
23:44:26.370 [main] DEBUG com.rometools.modules.base.io.GoogleBaseParser - Property: licenses doesn't have a tag mapping.
23:44:26.384 [main] DEBUG com.rometools.modules.base.io.GoogleBaseParser - Property: format doesn't have a tag mapping.
23:44:26.384 [main] DEBUG com.rometools.modules.base.io.GoogleBaseParser - Property: expirationDateTime doesn't have a tag mapping.
23:44:26.384 [main] DEBUG com.rometools.modules.base.io.GoogleBaseParser - Property: interface doesn't have a tag mapping.
23:44:26.384 [main] DEBUG com.rometools.modules.base.io.GoogleBaseParser - Property: uri doesn't have a tag mapping.
23:44:26.384 [main] DEBUG com.rometools.modules.base.io.GoogleBaseParser - Property: licenses doesn't have a tag mapping.
23:44:26.385 [main] DEBUG com.rometools.modules.base.io.GoogleBaseParser - Property: format doesn't have a tag mapping.
23:44:26.385 [main] DEBUG com.rometools.modules.base.io.GoogleBaseParser - Property: expirationDateTime doesn't have a tag mapping.
23:44:26.385 [main] DEBUG com.rometools.modules.base.io.GoogleBaseParser - Property: interface doesn't have a tag mapping.
23:44:26.385 [main] DEBUG com.rometools.modules.base.io.GoogleBaseParser - Property: uri doesn't have a tag mapping.
23:44:26.385 [main] DEBUG com.rometools.modules.base.io.GoogleBaseParser - Property: licenses doesn't have a tag mapping.
23:44:26.394 [main] DEBUG com.rometools.modules.base.io.GoogleBaseParser - Property: format doesn't have a tag mapping.
23:44:26.394 [main] DEBUG com.rometools.modules.base.io.GoogleBaseParser - Property: expirationDateTime doesn't have a tag mapping.
23:44:26.394 [main] DEBUG com.rometools.modules.base.io.GoogleBaseParser - Property: interface doesn't have a tag mapping.
23:44:26.395 [main] DEBUG com.rometools.modules.base.io.GoogleBaseParser - Property: uri doesn't have a tag mapping.
23:44:26.395 [main] DEBUG com.rometools.modules.base.io.GoogleBaseParser - Property: licenses doesn't have a tag mapping.
23:44:26.395 [main] DEBUG com.rometools.modules.base.io.GoogleBaseParser - Property: format doesn't have a tag mapping.
23:44:26.395 [main] DEBUG com.rometools.modules.base.io.GoogleBaseParser - Property: expirationDateTime doesn't have a tag mapping.
23:44:26.395 [main] DEBUG com.rometools.modules.base.io.GoogleBaseParser - Property: interface doesn't have a tag mapping.
23:44:26.395 [main] DEBUG com.rometools.modules.base.io.GoogleBaseParser - Property: uri doesn't have a tag mapping.
23:44:26.395 [main] DEBUG com.rometools.modules.base.io.GoogleBaseParser - Property: licenses doesn't have a tag mapping.
23:44:26.611 [main] DEBUG com.rometools.modules.content.io.ContentModuleGenerator - 0
23:44:26.647 [main] DEBUG com.rometools.modules.content.io.ContentModuleGenerator - 1
23:44:26.697 [main] DEBUG com.rometools.modules.base.io.GoogleBaseParser - Property: format doesn't have a tag mapping.
23:44:26.697 [main] DEBUG com.rometools.modules.base.io.GoogleBaseParser - Property: expirationDateTime doesn't have a tag mapping.
23:44:26.697 [main] DEBUG com.rometools.modules.base.io.GoogleBaseParser - Property: interface doesn't have a tag mapping.
23:44:26.697 [main] DEBUG com.rometools.modules.base.io.GoogleBaseParser - Property: uri doesn't have a tag mapping.
23:44:26.713 [main] DEBUG com.rometools.modules.base.io.GoogleBaseParser - Property: licenses doesn't have a tag mapping.
23:44:26.737 [main] DEBUG com.rometools.modules.base.io.GoogleBaseParser - Property: format doesn't have a tag mapping.
23:44:26.737 [main] DEBUG com.rometools.modules.base.io.GoogleBaseParser - Property: expirationDateTime doesn't have a tag mapping.
23:44:26.737 [main] DEBUG com.rometools.modules.base.io.GoogleBaseParser - Property: interface doesn't have a tag mapping.
23:44:26.738 [main] DEBUG com.rometools.modules.base.io.GoogleBaseParser - Property: uri doesn't have a tag mapping.
23:44:26.738 [main] DEBUG com.rometools.modules.base.io.GoogleBaseParser - Property: licenses doesn't have a tag mapping.
23:44:26.791 [main] DEBUG com.rometools.modules.base.io.GoogleBaseParser - Property: format doesn't have a tag mapping.
23:44:26.791 [main] DEBUG com.rometools.modules.base.io.GoogleBaseParser - Property: expirationDateTime doesn't have a tag mapping.
23:44:26.791 [main] DEBUG com.rometools.modules.base.io.GoogleBaseParser - Property: interface doesn't have a tag mapping.
23:44:26.791 [main] DEBUG com.rometools.modules.base.io.GoogleBaseParser - Property: uri doesn't have a tag mapping.
23:44:26.791 [main] DEBUG com.rometools.modules.base.io.GoogleBaseParser - Property: licenses doesn't have a tag mapping.
23:44:26.803 [main] DEBUG com.rometools.modules.base.io.GoogleBaseParser - Property: format doesn't have a tag mapping.
23:44:26.803 [main] DEBUG com.rometools.modules.base.io.GoogleBaseParser - Property: expirationDateTime doesn't have a tag mapping.
23:44:26.803 [main] DEBUG com.rometools.modules.base.io.GoogleBaseParser - Property: interface doesn't have a tag mapping.
23:44:26.803 [main] DEBUG com.rometools.modules.base.io.GoogleBaseParser - Property: uri doesn't have a tag mapping.
23:44:26.803 [main] DEBUG com.rometools.modules.base.io.GoogleBaseParser - Property: licenses doesn't have a tag mapping.
23:44:26.823 [main] DEBUG com.rometools.modules.base.io.GoogleBaseParser - Property: format doesn't have a tag mapping.
23:44:26.823 [main] DEBUG com.rometools.modules.base.io.GoogleBaseParser - Property: expirationDateTime doesn't have a tag mapping.
23:44:26.823 [main] DEBUG com.rometools.modules.base.io.GoogleBaseParser - Property: interface doesn't have a tag mapping.
23:44:26.823 [main] DEBUG com.rometools.modules.base.io.GoogleBaseParser - Property: uri doesn't have a tag mapping.
23:44:26.823 [main] DEBUG com.rometools.modules.base.io.GoogleBaseParser - Property: licenses doesn't have a tag mapping.
23:44:26.824 [main] DEBUG com.rometools.modules.base.io.GoogleBaseParser - Property: format doesn't have a tag mapping.
23:44:26.824 [main] DEBUG com.rometools.modules.base.io.GoogleBaseParser - Property: expirationDateTime doesn't have a tag mapping.
23:44:26.824 [main] DEBUG com.rometools.modules.base.io.GoogleBaseParser - Property: interface doesn't have a tag mapping.
23:44:26.824 [main] DEBUG com.rometools.modules.base.io.GoogleBaseParser - Property: uri doesn't have a tag mapping.
23:44:26.824 [main] DEBUG com.rometools.modules.base.io.GoogleBaseParser - Property: licenses doesn't have a tag mapping.
23:44:26.835 [main] DEBUG com.rometools.modules.base.io.GoogleBaseParser - Property: format doesn't have a tag mapping.
23:44:26.835 [main] DEBUG com.rometools.modules.base.io.GoogleBaseParser - Property: expirationDateTime doesn't have a tag mapping.
23:44:26.835 [main] DEBUG com.rometools.modules.base.io.GoogleBaseParser - Property: interface doesn't have a tag mapping.
23:44:26.835 [main] DEBUG com.rometools.modules.base.io.GoogleBaseParser - Property: uri doesn't have a tag mapping.
23:44:26.835 [main] DEBUG com.rometools.modules.base.io.GoogleBaseParser - Property: licenses doesn't have a tag mapping.
23:44:26.835 [main] DEBUG com.rometools.modules.base.io.GoogleBaseParser - Property: format doesn't have a tag mapping.
23:44:26.835 [main] DEBUG com.rometools.modules.base.io.GoogleBaseParser - Property: expirationDateTime doesn't have a tag mapping.
23:44:26.835 [main] DEBUG com.rometools.modules.base.io.GoogleBaseParser - Property: interface doesn't have a tag mapping.
23:44:26.835 [main] DEBUG com.rometools.modules.base.io.GoogleBaseParser - Property: uri doesn't have a tag mapping.
23:44:26.835 [main] DEBUG com.rometools.modules.base.io.GoogleBaseParser - Property: licenses doesn't have a tag mapping.
23:44:26.877 [main] DEBUG com.rometools.modules.base.io.GoogleBaseParser - Property: format doesn't have a tag mapping.
23:44:26.877 [main] DEBUG com.rometools.modules.base.io.GoogleBaseParser - Property: expirationDateTime doesn't have a tag mapping.
23:44:26.877 [main] DEBUG com.rometools.modules.base.io.GoogleBaseParser - Property: interface doesn't have a tag mapping.
23:44:26.877 [main] DEBUG com.rometools.modules.base.io.GoogleBaseParser - Property: uri doesn't have a tag mapping.
23:44:26.877 [main] DEBUG com.rometools.modules.base.io.GoogleBaseParser - Property: licenses doesn't have a tag mapping.
23:44:26.885 [main] DEBUG com.rometools.modules.base.io.GoogleBaseParser - Property: format doesn't have a tag mapping.
23:44:26.885 [main] DEBUG com.rometools.modules.base.io.GoogleBaseParser - Property: expirationDateTime doesn't have a tag mapping.
23:44:26.885 [main] DEBUG com.rometools.modules.base.io.GoogleBaseParser - Property: interface doesn't have a tag mapping.
23:44:26.885 [main] DEBUG com.rometools.modules.base.io.GoogleBaseParser - Property: uri doesn't have a tag mapping.
23:44:26.885 [main] DEBUG com.rometools.modules.base.io.GoogleBaseParser - Property: licenses doesn't have a tag mapping.
23:44:26.903 [main] DEBUG com.rometools.modules.base.io.GoogleBaseParser - Property: format doesn't have a tag mapping.
23:44:26.903 [main] DEBUG com.rometools.modules.base.io.GoogleBaseParser - Property: expirationDateTime doesn't have a tag mapping.
23:44:26.903 [main] DEBUG com.rometools.modules.base.io.GoogleBaseParser - Property: interface doesn't have a tag mapping.
23:44:26.903 [main] DEBUG com.rometools.modules.base.io.GoogleBaseParser - Property: uri doesn't have a tag mapping.
23:44:26.903 [main] DEBUG com.rometools.modules.base.io.GoogleBaseParser - Property: licenses doesn't have a tag mapping.
23:44:26.905 [main] DEBUG com.rometools.modules.base.io.GoogleBaseParser - Property: format doesn't have a tag mapping.
23:44:26.905 [main] DEBUG com.rometools.modules.base.io.GoogleBaseParser - Property: expirationDateTime doesn't have a tag mapping.
23:44:26.905 [main] DEBUG com.rometools.modules.base.io.GoogleBaseParser - Property: interface doesn't have a tag mapping.
23:44:26.905 [main] DEBUG com.rometools.modules.base.io.GoogleBaseParser - Property: uri doesn't have a tag mapping.
23:44:26.905 [main] DEBUG com.rometools.modules.base.io.GoogleBaseParser - Property: licenses doesn't have a tag mapping.
23:44:26.925 [main] DEBUG com.rometools.modules.base.io.GoogleBaseParser - Property: format doesn't have a tag mapping.
23:44:26.925 [main] DEBUG com.rometools.modules.base.io.GoogleBaseParser - Property: expirationDateTime doesn't have a tag mapping.
23:44:26.925 [main] DEBUG com.rometools.modules.base.io.GoogleBaseParser - Property: interface doesn't have a tag mapping.
23:44:26.925 [main] DEBUG com.rometools.modules.base.io.GoogleBaseParser - Property: uri doesn't have a tag mapping.
23:44:26.925 [main] DEBUG com.rometools.modules.base.io.GoogleBaseParser - Property: licenses doesn't have a tag mapping.
23:44:26.926 [main] DEBUG com.rometools.modules.base.io.GoogleBaseParser - Property: format doesn't have a tag mapping.
23:44:26.926 [main] DEBUG com.rometools.modules.base.io.GoogleBaseParser - Property: expirationDateTime doesn't have a tag mapping.
23:44:26.926 [main] DEBUG com.rometools.modules.base.io.GoogleBaseParser - Property: interface doesn't have a tag mapping.
23:44:26.926 [main] DEBUG com.rometools.modules.base.io.GoogleBaseParser - Property: uri doesn't have a tag mapping.
23:44:26.926 [main] DEBUG com.rometools.modules.base.io.GoogleBaseParser - Property: licenses doesn't have a tag mapping.
23:44:26.936 [main] DEBUG com.rometools.modules.base.io.GoogleBaseParser - Property: format doesn't have a tag mapping.
23:44:26.936 [main] DEBUG com.rometools.modules.base.io.GoogleBaseParser - Property: expirationDateTime doesn't have a tag mapping.
23:44:26.936 [main] DEBUG com.rometools.modules.base.io.GoogleBaseParser - Property: interface doesn't have a tag mapping.
23:44:26.936 [main] DEBUG com.rometools.modules.base.io.GoogleBaseParser - Property: uri doesn't have a tag mapping.
23:44:26.936 [main] DEBUG com.rometools.modules.base.io.GoogleBaseParser - Property: licenses doesn't have a tag mapping.
23:44:26.937 [main] DEBUG com.rometools.modules.base.io.GoogleBaseParser - Property: format doesn't have a tag mapping.
23:44:26.937 [main] DEBUG com.rometools.modules.base.io.GoogleBaseParser - Property: expirationDateTime doesn't have a tag mapping.
23:44:26.937 [main] DEBUG com.rometools.modules.base.io.GoogleBaseParser - Property: interface doesn't have a tag mapping.
23:44:26.937 [main] DEBUG com.rometools.modules.base.io.GoogleBaseParser - Property: uri doesn't have a tag mapping.
23:44:26.937 [main] DEBUG com.rometools.modules.base.io.GoogleBaseParser - Property: licenses doesn't have a tag mapping.
23:44:26.956 [main] DEBUG com.rometools.modules.base.io.GoogleBaseParser - Property: format doesn't have a tag mapping.
23:44:26.957 [main] DEBUG com.rometools.modules.base.io.GoogleBaseParser - Property: expirationDateTime doesn't have a tag mapping.
23:44:26.957 [main] DEBUG com.rometools.modules.base.io.GoogleBaseParser - Property: interface doesn't have a tag mapping.
23:44:26.957 [main] DEBUG com.rometools.modules.base.io.GoogleBaseParser - Property: uri doesn't have a tag mapping.
23:44:26.957 [main] DEBUG com.rometools.modules.base.io.GoogleBaseParser - Property: licenses doesn't have a tag mapping.
23:44:26.959 [main] DEBUG com.rometools.modules.base.io.GoogleBaseParser - Property: format doesn't have a tag mapping.
23:44:26.959 [main] DEBUG com.rometools.modules.base.io.GoogleBaseParser - Property: expirationDateTime doesn't have a tag mapping.
23:44:26.959 [main] DEBUG com.rometools.modules.base.io.GoogleBaseParser - Property: interface doesn't have a tag mapping.
23:44:26.959 [main] DEBUG com.rometools.modules.base.io.GoogleBaseParser - Property: uri doesn't have a tag mapping.
23:44:26.959 [main] DEBUG com.rometools.modules.base.io.GoogleBaseParser - Property: licenses doesn't have a tag mapping.
23:44:26.970 [main] DEBUG com.rometools.modules.base.io.GoogleBaseParser - Property: format doesn't have a tag mapping.
23:44:26.970 [main] DEBUG com.rometools.modules.base.io.GoogleBaseParser - Property: expirationDateTime doesn't have a tag mapping.
23:44:26.970 [main] DEBUG com.rometools.modules.base.io.GoogleBaseParser - Property: interface doesn't have a tag mapping.
23:44:26.970 [main] DEBUG com.rometools.modules.base.io.GoogleBaseParser - Property: uri doesn't have a tag mapping.
23:44:26.970 [main] DEBUG com.rometools.modules.base.io.GoogleBaseParser - Property: licenses doesn't have a tag mapping.
23:44:26.986 [main] DEBUG com.rometools.modules.base.io.GoogleBaseParser - Property: format doesn't have a tag mapping.
23:44:26.989 [main] DEBUG com.rometools.modules.base.io.GoogleBaseParser - Property: expirationDateTime doesn't have a tag mapping.
23:44:26.989 [main] DEBUG com.rometools.modules.base.io.GoogleBaseParser - Property: interface doesn't have a tag mapping.
23:44:26.990 [main] DEBUG com.rometools.modules.base.io.GoogleBaseParser - Property: uri doesn't have a tag mapping.
23:44:26.990 [main] DEBUG com.rometools.modules.base.io.GoogleBaseParser - Property: licenses doesn't have a tag mapping.
23:44:26.999 [main] DEBUG com.rometools.modules.base.io.GoogleBaseParser - Property: format doesn't have a tag mapping.
23:44:26.999 [main] DEBUG com.rometools.modules.base.io.GoogleBaseParser - Property: expirationDateTime doesn't have a tag mapping.
23:44:26.999 [main] DEBUG com.rometools.modules.base.io.GoogleBaseParser - Property: interface doesn't have a tag mapping.
23:44:26.999 [main] DEBUG com.rometools.modules.base.io.GoogleBaseParser - Property: uri doesn't have a tag mapping.
23:44:26.999 [main] DEBUG com.rometools.modules.base.io.GoogleBaseParser - Property: licenses doesn't have a tag mapping.
23:44:26.999 [main] DEBUG com.rometools.modules.base.io.GoogleBaseParser - Property: format doesn't have a tag mapping.
23:44:26.999 [main] DEBUG com.rometools.modules.base.io.GoogleBaseParser - Property: expirationDateTime doesn't have a tag mapping.
23:44:26.999 [main] DEBUG com.rometools.modules.base.io.GoogleBaseParser - Property: interface doesn't have a tag mapping.
23:44:26.999 [main] DEBUG com.rometools.modules.base.io.GoogleBaseParser - Property: uri doesn't have a tag mapping.
23:44:26.999 [main] DEBUG com.rometools.modules.base.io.GoogleBaseParser - Property: licenses doesn't have a tag mapping.
23:44:27.006 [main] DEBUG com.rometools.modules.base.io.GoogleBaseParser - Property: format doesn't have a tag mapping.
23:44:27.006 [main] DEBUG com.rometools.modules.base.io.GoogleBaseParser - Property: expirationDateTime doesn't have a tag mapping.
23:44:27.006 [main] DEBUG com.rometools.modules.base.io.GoogleBaseParser - Property: interface doesn't have a tag mapping.
23:44:27.006 [main] DEBUG com.rometools.modules.base.io.GoogleBaseParser - Property: uri doesn't have a tag mapping.
23:44:27.006 [main] DEBUG com.rometools.modules.base.io.GoogleBaseParser - Property: licenses doesn't have a tag mapping.
23:44:27.007 [main] DEBUG com.rometools.modules.base.io.GoogleBaseParser - Property: format doesn't have a tag mapping.
23:44:27.007 [main] DEBUG com.rometools.modules.base.io.GoogleBaseParser - Property: expirationDateTime doesn't have a tag mapping.
23:44:27.007 [main] DEBUG com.rometools.modules.base.io.GoogleBaseParser - Property: interface doesn't have a tag mapping.
23:44:27.007 [main] DEBUG com.rometools.modules.base.io.GoogleBaseParser - Property: uri doesn't have a tag mapping.
23:44:27.007 [main] DEBUG com.rometools.modules.base.io.GoogleBaseParser - Property: licenses doesn't have a tag mapping.
23:44:27.129 [main] WARN  com.rometools.modules.mediarss.io.MediaModuleParser - Exception parsing price info attribute.
java.net.MalformedURLException: no protocol: 
	at java.base/java.net.URL.<init>(URL.java:645)
	at java.base/java.net.URL.<init>(URL.java:541)
	at java.base/java.net.URL.<init>(URL.java:488)
	at com.rometools.modules.mediarss.io.MediaModuleParser.parsePrices(MediaModuleParser.java:498)
	at com.rometools.modules.mediarss.io.MediaModuleParser.parseMetadata(MediaModuleParser.java:322)
	at com.rometools.modules.mediarss.io.MediaModuleParser.parse(MediaModuleParser.java:112)
	at com.rometools.rome.io.impl.ModuleParsers.parseModules(ModuleParsers.java:53)
	at com.rometools.rome.io.impl.BaseWireFeedParser.parseItemModules(BaseWireFeedParser.java:94)
	at com.rometools.rome.io.impl.RSS090Parser.parseItem(RSS090Parser.java:327)
	at com.rometools.rome.io.impl.RSS091UserlandParser.parseItem(RSS091UserlandParser.java:292)
	at com.rometools.rome.io.impl.RSS092Parser.parseItem(RSS092Parser.java:111)
	at com.rometools.rome.io.impl.RSS093Parser.parseItem(RSS093Parser.java:43)
	at com.rometools.rome.io.impl.RSS094Parser.parseItem(RSS094Parser.java:68)
	at com.rometools.rome.io.impl.RSS090Parser.parseItems(RSS090Parser.java:296)
	at com.rometools.rome.io.impl.RSS090Parser.parseChannel(RSS090Parser.java:194)
	at com.rometools.rome.io.impl.RSS091UserlandParser.parseChannel(RSS091UserlandParser.java:100)
	at com.rometools.rome.io.impl.RSS092Parser.parseChannel(RSS092Parser.java:64)
	at com.rometools.rome.io.impl.RSS094Parser.parseChannel(RSS094Parser.java:47)
	at com.rometools.rome.io.impl.RSS090Parser.parse(RSS090Parser.java:97)
	at com.rometools.rome.io.WireFeedInput.build(WireFeedInput.java:273)
	at com.rometools.rome.io.WireFeedInput.build(WireFeedInput.java:248)
	at com.rometools.rome.io.WireFeedInput.build(WireFeedInput.java:189)
	at com.rometools.rome.io.SyndFeedInput.build(SyndFeedInput.java:123)
	at com.rometools.modules.mediarss.MediaModuleTest.getSyndFeed(MediaModuleTest.java:293)
	at com.rometools.modules.mediarss.MediaModuleTest.getSyndFeed(MediaModuleTest.java:305)
	at com.rometools.modules.mediarss.MediaModuleTest.getFirstModuleFromFile(MediaModuleTest.java:272)
	at com.rometools.modules.mediarss.MediaModuleTest.testParseMediaRss15(MediaModuleTest.java:201)
	at java.base/jdk.internal.reflect.NativeMethodAccessorImpl.invoke0(Native Method)
	at java.base/jdk.internal.reflect.NativeMethodAccessorImpl.invoke(NativeMethodAccessorImpl.java:62)
	at java.base/jdk.internal.reflect.DelegatingMethodAccessorImpl.invoke(DelegatingMethodAccessorImpl.java:43)
	at java.base/java.lang.reflect.Method.invoke(Method.java:566)
	at junit.framework.TestCase.runTest(TestCase.java:177)
	at junit.framework.TestCase.runBare(TestCase.java:142)
	at junit.framework.TestResult$1.protect(TestResult.java:122)
	at junit.framework.TestResult.runProtected(TestResult.java:142)
	at junit.framework.TestResult.run(TestResult.java:125)
	at junit.framework.TestCase.run(TestCase.java:130)
	at junit.framework.TestSuite.runTest(TestSuite.java:241)
	at junit.framework.TestSuite.run(TestSuite.java:236)
	at org.junit.internal.runners.JUnit38ClassRunner.run(JUnit38ClassRunner.java:90)
	at org.apache.maven.surefire.junit4.JUnit4Provider.execute(JUnit4Provider.java:365)
	at org.apache.maven.surefire.junit4.JUnit4Provider.executeWithRerun(JUnit4Provider.java:273)
	at org.apache.maven.surefire.junit4.JUnit4Provider.executeTestSet(JUnit4Provider.java:238)
	at org.apache.maven.surefire.junit4.JUnit4Provider.invoke(JUnit4Provider.java:159)
	at org.apache.maven.surefire.booter.ForkedBooter.invokeProviderInSameClassLoader(ForkedBooter.java:384)
	at org.apache.maven.surefire.booter.ForkedBooter.runSuitesInProcess(ForkedBooter.java:345)
	at org.apache.maven.surefire.booter.ForkedBooter.execute(ForkedBooter.java:126)
	at org.apache.maven.surefire.booter.ForkedBooter.main(ForkedBooter.java:418)
23:44:27.137 [main] WARN  com.rometools.modules.mediarss.io.MediaModuleParser - Exception parsing price info attribute.
java.net.MalformedURLException: no protocol: 
	at java.base/java.net.URL.<init>(URL.java:645)
	at java.base/java.net.URL.<init>(URL.java:541)
	at java.base/java.net.URL.<init>(URL.java:488)
	at com.rometools.modules.mediarss.io.MediaModuleParser.parsePrices(MediaModuleParser.java:498)
	at com.rometools.modules.mediarss.io.MediaModuleParser.parseMetadata(MediaModuleParser.java:322)
	at com.rometools.modules.mediarss.io.MediaModuleParser.parse(MediaModuleParser.java:112)
	at com.rometools.rome.io.impl.ModuleParsers.parseModules(ModuleParsers.java:53)
	at com.rometools.rome.io.impl.BaseWireFeedParser.parseItemModules(BaseWireFeedParser.java:94)
	at com.rometools.rome.io.impl.RSS090Parser.parseItem(RSS090Parser.java:327)
	at com.rometools.rome.io.impl.RSS091UserlandParser.parseItem(RSS091UserlandParser.java:292)
	at com.rometools.rome.io.impl.RSS092Parser.parseItem(RSS092Parser.java:111)
	at com.rometools.rome.io.impl.RSS093Parser.parseItem(RSS093Parser.java:43)
	at com.rometools.rome.io.impl.RSS094Parser.parseItem(RSS094Parser.java:68)
	at com.rometools.rome.io.impl.RSS090Parser.parseItems(RSS090Parser.java:296)
	at com.rometools.rome.io.impl.RSS090Parser.parseChannel(RSS090Parser.java:194)
	at com.rometools.rome.io.impl.RSS091UserlandParser.parseChannel(RSS091UserlandParser.java:100)
	at com.rometools.rome.io.impl.RSS092Parser.parseChannel(RSS092Parser.java:64)
	at com.rometools.rome.io.impl.RSS094Parser.parseChannel(RSS094Parser.java:47)
	at com.rometools.rome.io.impl.RSS090Parser.parse(RSS090Parser.java:97)
	at com.rometools.rome.io.WireFeedInput.build(WireFeedInput.java:273)
	at com.rometools.rome.io.WireFeedInput.build(WireFeedInput.java:248)
	at com.rometools.rome.io.WireFeedInput.build(WireFeedInput.java:189)
	at com.rometools.rome.io.SyndFeedInput.build(SyndFeedInput.java:123)
	at com.rometools.modules.mediarss.MediaModuleTest.getSyndFeed(MediaModuleTest.java:293)
	at com.rometools.modules.mediarss.MediaModuleTest.getSyndFeed(MediaModuleTest.java:305)
	at com.rometools.modules.mediarss.MediaModuleTest.testMediaRss15Generator(MediaModuleTest.java:230)
	at java.base/jdk.internal.reflect.NativeMethodAccessorImpl.invoke0(Native Method)
	at java.base/jdk.internal.reflect.NativeMethodAccessorImpl.invoke(NativeMethodAccessorImpl.java:62)
	at java.base/jdk.internal.reflect.DelegatingMethodAccessorImpl.invoke(DelegatingMethodAccessorImpl.java:43)
	at java.base/java.lang.reflect.Method.invoke(Method.java:566)
	at junit.framework.TestCase.runTest(TestCase.java:177)
	at junit.framework.TestCase.runBare(TestCase.java:142)
	at junit.framework.TestResult$1.protect(TestResult.java:122)
	at junit.framework.TestResult.runProtected(TestResult.java:142)
	at junit.framework.TestResult.run(TestResult.java:125)
	at junit.framework.TestCase.run(TestCase.java:130)
	at junit.framework.TestSuite.runTest(TestSuite.java:241)
	at junit.framework.TestSuite.run(TestSuite.java:236)
	at org.junit.internal.runners.JUnit38ClassRunner.run(JUnit38ClassRunner.java:90)
	at org.apache.maven.surefire.junit4.JUnit4Provider.execute(JUnit4Provider.java:365)
	at org.apache.maven.surefire.junit4.JUnit4Provider.executeWithRerun(JUnit4Provider.java:273)
	at org.apache.maven.surefire.junit4.JUnit4Provider.executeTestSet(JUnit4Provider.java:238)
	at org.apache.maven.surefire.junit4.JUnit4Provider.invoke(JUnit4Provider.java:159)
	at org.apache.maven.surefire.booter.ForkedBooter.invokeProviderInSameClassLoader(ForkedBooter.java:384)
	at org.apache.maven.surefire.booter.ForkedBooter.runSuitesInProcess(ForkedBooter.java:345)
	at org.apache.maven.surefire.booter.ForkedBooter.execute(ForkedBooter.java:126)
	at org.apache.maven.surefire.booter.ForkedBooter.main(ForkedBooter.java:418)
[INFO] Tests run: 10, Failures: 0, Errors: 0, Skipped: 0, Time elapsed: 3.047 s - in com.rometools.modules.mediarss.MediaModuleTest
[INFO] Running com.rometools.modules.mediarss.types.TimeTest
[INFO] Tests run: 1, Failures: 0, Errors: 0, Skipped: 0, Time elapsed: 0.002 s - in com.rometools.modules.mediarss.types.TimeTest
[INFO] Running com.rometools.modules.opensearch.OpenSearchModuleTest
[INFO] Tests run: 1, Failures: 0, Errors: 0, Skipped: 0, Time elapsed: 0.011 s - in com.rometools.modules.opensearch.OpenSearchModuleTest
[INFO] Running com.rometools.modules.photocast.io.GeneratorTest
23:44:27.317 [main] DEBUG com.rometools.modules.photocast.io.GeneratorTest - PhotocastModuleImpl.cropDate=Thu Jan 12 01:42:26 CET 2006
PhotocastModuleImpl.metadata.comments=
PhotocastModuleImpl.metadata.photoDate=2159.5250690
PhotocastModuleImpl.imageUrl=http://web.mac.com/mrakes/iPhoto/photocast_test/1C8C5C8D-651D-4990-B6DD-DF11D515213C.jpg?transform=medium
PhotocastModuleImpl.interface=interface com.rometools.modules.photocast.PhotocastModule
PhotocastModuleImpl.uri=http://www.apple.com/ilife/wallpapers
PhotocastModuleImpl.photoDate=Tue Nov 29 04:36:06 CET 2005
PhotocastModuleImpl.thumbnailUrl=http://web.mac.com/mrakes/iPhoto/photocast_test/1C8C5C8D-651D-4990-B6DD-DF11D515213C.jpg?transform=medium

23:44:27.318 [main] DEBUG com.rometools.modules.photocast.io.GeneratorTest - PhotocastModuleImpl.cropDate=Thu Jan 12 01:42:26 CET 2006
PhotocastModuleImpl.metadata.comments=
PhotocastModuleImpl.metadata.photoDate=2159.5253470
PhotocastModuleImpl.imageUrl=http://web.mac.com/mrakes/iPhoto/photocast_test/7ED6492F-6F0E-47CA-8262-EBB4C374EAB1.jpg?transform=medium
PhotocastModuleImpl.interface=interface com.rometools.modules.photocast.PhotocastModule
PhotocastModuleImpl.uri=http://www.apple.com/ilife/wallpapers
PhotocastModuleImpl.photoDate=Tue Nov 29 04:36:30 CET 2005
PhotocastModuleImpl.thumbnailUrl=http://web.mac.com/mrakes/iPhoto/photocast_test/7ED6492F-6F0E-47CA-8262-EBB4C374EAB1.jpg?transform=medium

23:44:27.318 [main] DEBUG com.rometools.modules.photocast.io.GeneratorTest - PhotocastModuleImpl.cropDate=Thu Jan 12 01:42:26 CET 2006
PhotocastModuleImpl.metadata.comments=
PhotocastModuleImpl.metadata.photoDate=2159.5256020
PhotocastModuleImpl.imageUrl=http://web.mac.com/mrakes/iPhoto/photocast_test/0FE733FE-55EB-4D83-A7B7-33878108DF0A.jpg?transform=medium
PhotocastModuleImpl.interface=interface com.rometools.modules.photocast.PhotocastModule
PhotocastModuleImpl.uri=http://www.apple.com/ilife/wallpapers
PhotocastModuleImpl.photoDate=Tue Nov 29 04:36:52 CET 2005
PhotocastModuleImpl.thumbnailUrl=http://web.mac.com/mrakes/iPhoto/photocast_test/0FE733FE-55EB-4D83-A7B7-33878108DF0A.jpg?transform=medium

23:44:27.319 [main] DEBUG com.rometools.modules.photocast.io.GeneratorTest - PhotocastModuleImpl.cropDate=Thu Jan 12 01:42:26 CET 2006
PhotocastModuleImpl.metadata.comments=
PhotocastModuleImpl.metadata.photoDate=2159.5259720
PhotocastModuleImpl.imageUrl=http://web.mac.com/mrakes/iPhoto/photocast_test/AE9870D4-3CA3-4BC8-B3CB-71CD9EC0CEF1.jpg?transform=medium
PhotocastModuleImpl.interface=interface com.rometools.modules.photocast.PhotocastModule
PhotocastModuleImpl.uri=http://www.apple.com/ilife/wallpapers
PhotocastModuleImpl.photoDate=Tue Nov 29 04:37:24 CET 2005
PhotocastModuleImpl.thumbnailUrl=http://web.mac.com/mrakes/iPhoto/photocast_test/AE9870D4-3CA3-4BC8-B3CB-71CD9EC0CEF1.jpg?transform=medium

[INFO] Tests run: 3, Failures: 0, Errors: 0, Skipped: 0, Time elapsed: 0.055 s - in com.rometools.modules.photocast.io.GeneratorTest
[INFO] Running com.rometools.modules.psc.PodloveSimpleChapterGeneratorTest
23:44:27.499 [main] DEBUG com.rometools.modules.psc.PodloveSimpleChapterGeneratorTest - testGenerateAtom
23:44:27.521 [main] DEBUG com.rometools.modules.psc.PodloveSimpleChapterGeneratorTest - <feed xmlns:psc="http://podlove.org/simple-chapters" xmlns="http://www.w3.org/2005/Atom">
  <title type="">Lorem Ipsum</title>
  <link href="http://example.org" rel="alternate"/>
  <entry>
    <title type="">Lorem Ipsum</title>
    <link href="http://example.org/episode1" rel="alternate"/>
    <link href="http://example.org/episode1.m4a" rel="enclosure"/>
    <author>
      <name/>
    </author>
    <id>http://example.org/episode1</id>
    <psc:chapters version="1.2">
      <psc:chapter href="http://example.org" image="http://example.org/cover" start="00:00:00.000" title="Lorem Ipsum"/>
      <psc:chapter href="http://example.org" image="http://example.org/cover" start="00:00:00.000" title="Lorem Ipsum"/>
      <psc:chapter href="http://example.org" image="http://example.org/cover" start="00:00:00.000" title="Lorem Ipsum"/>
    </psc:chapters>
  </entry>
</feed>

23:44:27.522 [main] DEBUG com.rometools.modules.psc.PodloveSimpleChapterGeneratorTest - testGenerateRss
23:44:27.528 [main] DEBUG com.rometools.modules.psc.PodloveSimpleChapterGeneratorTest - <rss xmlns:psc="http://podlove.org/simple-chapters" version="2.0">
  <channel>
    <title>Lorem Ipsum</title>
    <link>http://example.org</link>
    <description>Lorem Ipsum</description>
    <item>
      <title>Lorem Ipsum</title>
      <link>http://example.org/episode1</link>
      <description>Lorem Ipsum</description>
      <guid isPermaLink="false">http://example.org/episode1</guid>
      <psc:chapters version="1.2">
        <psc:chapter href="http://example.org" image="http://example.org/cover" start="00:00:00.000" title="Lorem Ipsum"/>
        <psc:chapter href="http://example.org" image="http://example.org/cover" start="00:00:00.000" title="Lorem Ipsum"/>
        <psc:chapter href="http://example.org" image="http://example.org/cover" start="00:00:00.000" title="Lorem Ipsum"/>
      </psc:chapters>
    </item>
  </channel>
</rss>

[INFO] Tests run: 3, Failures: 0, Errors: 0, Skipped: 0, Time elapsed: 0.088 s - in com.rometools.modules.psc.PodloveSimpleChapterGeneratorTest
[INFO] Running com.rometools.modules.psc.PodloveSimpleChapterParserTest
23:44:27.531 [main] DEBUG com.rometools.modules.psc.PodloveSimpleChapterParserTest - testParseAtom
23:44:27.572 [main] DEBUG com.rometools.modules.psc.PodloveSimpleChapterParserTest - testParseRss
[INFO] Tests run: 3, Failures: 0, Errors: 0, Skipped: 0, Time elapsed: 0.011 s - in com.rometools.modules.psc.PodloveSimpleChapterParserTest
[INFO] Running com.rometools.modules.sle.GroupAndSortTest
23:44:27.591 [main] DEBUG com.rometools.modules.sle.io.SleModuleParser - Parse cf:sort credittext
23:44:27.593 [main] DEBUG com.rometools.modules.sle.io.SleModuleParser - Parse cf:sort titletext
23:44:27.593 [main] DEBUG com.rometools.modules.sle.io.SleModuleParser - Inserting for credit text
23:44:27.593 [main] DEBUG com.rometools.modules.sle.io.SleModuleParser - No value for credit : xmlns:='http://search.yahoo.com/mrss'
23:44:27.628 [main] DEBUG com.rometools.modules.sle.io.SleModuleParser - Inserting for title text
23:44:27.628 [main] DEBUG com.rometools.modules.sle.io.SleModuleParser - No value for title : xmlns:='http://search.yahoo.com/mrss'
23:44:27.628 [main] DEBUG com.rometools.modules.sle.io.SleModuleParser - Inserting for credit text
23:44:27.628 [main] DEBUG com.rometools.modules.sle.io.SleModuleParser - No value for credit : xmlns:='http://search.yahoo.com/mrss'
23:44:27.628 [main] DEBUG com.rometools.modules.sle.io.SleModuleParser - Inserting for title text
23:44:27.628 [main] DEBUG com.rometools.modules.sle.io.SleModuleParser - No value for title : xmlns:='http://search.yahoo.com/mrss'
23:44:27.628 [main] DEBUG com.rometools.modules.sle.io.SleModuleParser - Inserting for credit text
23:44:27.628 [main] DEBUG com.rometools.modules.sle.io.SleModuleParser - No value for credit : xmlns:='http://search.yahoo.com/mrss'
23:44:27.629 [main] DEBUG com.rometools.modules.sle.io.SleModuleParser - Inserting for title text
23:44:27.629 [main] DEBUG com.rometools.modules.sle.io.SleModuleParser - No value for title : xmlns:='http://search.yahoo.com/mrss'
23:44:27.629 [main] DEBUG com.rometools.modules.sle.io.SleModuleParser - Inserting for credit text
23:44:27.629 [main] DEBUG com.rometools.modules.sle.io.SleModuleParser - No value for credit : xmlns:='http://search.yahoo.com/mrss'
23:44:27.629 [main] DEBUG com.rometools.modules.sle.io.SleModuleParser - Inserting for title text
23:44:27.629 [main] DEBUG com.rometools.modules.sle.io.SleModuleParser - No value for title : xmlns:='http://search.yahoo.com/mrss'
23:44:27.629 [main] DEBUG com.rometools.modules.sle.io.SleModuleParser - Inserting for credit text
23:44:27.629 [main] DEBUG com.rometools.modules.sle.io.SleModuleParser - No value for credit : xmlns:='http://search.yahoo.com/mrss'
23:44:27.629 [main] DEBUG com.rometools.modules.sle.io.SleModuleParser - Inserting for title text
23:44:27.629 [main] DEBUG com.rometools.modules.sle.io.SleModuleParser - No value for title : xmlns:='http://search.yahoo.com/mrss'
23:44:27.630 [main] DEBUG com.rometools.modules.sle.io.SleModuleParser - Inserting for credit text
23:44:27.630 [main] DEBUG com.rometools.modules.sle.io.SleModuleParser - No value for credit : xmlns:='http://search.yahoo.com/mrss'
23:44:27.630 [main] DEBUG com.rometools.modules.sle.io.SleModuleParser - Inserting for title text
23:44:27.630 [main] DEBUG com.rometools.modules.sle.io.SleModuleParser - No value for title : xmlns:='http://search.yahoo.com/mrss'
23:44:27.630 [main] DEBUG com.rometools.modules.sle.io.SleModuleParser - Inserting for credit text
23:44:27.630 [main] DEBUG com.rometools.modules.sle.io.SleModuleParser - No value for credit : xmlns:='http://search.yahoo.com/mrss'
23:44:27.630 [main] DEBUG com.rometools.modules.sle.io.SleModuleParser - Inserting for title text
23:44:27.630 [main] DEBUG com.rometools.modules.sle.io.SleModuleParser - No value for title : xmlns:='http://search.yahoo.com/mrss'
23:44:27.630 [main] DEBUG com.rometools.modules.sle.io.SleModuleParser - Inserting for credit text
23:44:27.630 [main] DEBUG com.rometools.modules.sle.io.SleModuleParser - No value for credit : xmlns:='http://search.yahoo.com/mrss'
23:44:27.630 [main] DEBUG com.rometools.modules.sle.io.SleModuleParser - Inserting for title text
23:44:27.630 [main] DEBUG com.rometools.modules.sle.io.SleModuleParser - No value for title : xmlns:='http://search.yahoo.com/mrss'
23:44:27.630 [main] DEBUG com.rometools.modules.sle.io.SleModuleParser - Inserting for credit text
23:44:27.630 [main] DEBUG com.rometools.modules.sle.io.SleModuleParser - No value for credit : xmlns:='http://search.yahoo.com/mrss'
23:44:27.630 [main] DEBUG com.rometools.modules.sle.io.SleModuleParser - Inserting for title text
23:44:27.630 [main] DEBUG com.rometools.modules.sle.io.SleModuleParser - No value for title : xmlns:='http://search.yahoo.com/mrss'
23:44:27.630 [main] DEBUG com.rometools.modules.sle.io.SleModuleParser - Inserting for credit text
23:44:27.630 [main] DEBUG com.rometools.modules.sle.io.SleModuleParser - No value for credit : xmlns:='http://search.yahoo.com/mrss'
23:44:27.630 [main] DEBUG com.rometools.modules.sle.io.SleModuleParser - Inserting for title text
23:44:27.630 [main] DEBUG com.rometools.modules.sle.io.SleModuleParser - No value for title : xmlns:='http://search.yahoo.com/mrss'
23:44:27.630 [main] DEBUG com.rometools.modules.sle.io.SleModuleParser - Inserting for credit text
23:44:27.630 [main] DEBUG com.rometools.modules.sle.io.SleModuleParser - No value for credit : xmlns:='http://search.yahoo.com/mrss'
23:44:27.630 [main] DEBUG com.rometools.modules.sle.io.SleModuleParser - Inserting for title text
23:44:27.630 [main] DEBUG com.rometools.modules.sle.io.SleModuleParser - title value: Yahoo! Music
23:44:27.630 [main] DEBUG com.rometools.modules.sle.io.SleModuleParser - Added [sort: null] Song Name = Yahoo! Music
23:44:27.630 [main] DEBUG com.rometools.modules.sle.io.SleModuleParser - Inserting for credit text
23:44:27.630 [main] DEBUG com.rometools.modules.sle.io.SleModuleParser - No value for credit : xmlns:='http://search.yahoo.com/mrss'
23:44:27.630 [main] DEBUG com.rometools.modules.sle.io.SleModuleParser - Inserting for title text
23:44:27.630 [main] DEBUG com.rometools.modules.sle.io.SleModuleParser - No value for title : xmlns:='http://search.yahoo.com/mrss'
23:44:27.630 [main] DEBUG com.rometools.modules.sle.io.SleModuleParser - Inserting for credit text
23:44:27.630 [main] DEBUG com.rometools.modules.sle.io.SleModuleParser - credit value: James Blunt
23:44:27.630 [main] DEBUG com.rometools.modules.sle.io.SleModuleParser - Added [sort: null] Artist Name = James Blunt
23:44:27.630 [main] DEBUG com.rometools.modules.sle.io.SleModuleParser - Inserting for title text
23:44:27.631 [main] DEBUG com.rometools.modules.sle.io.SleModuleParser - title value: You're Beautiful
23:44:27.631 [main] DEBUG com.rometools.modules.sle.io.SleModuleParser - Added [sort: null] Song Name = You're Beautiful
23:44:27.631 [main] DEBUG com.rometools.modules.sle.io.SleModuleParser - Inserting for credit text
23:44:27.631 [main] DEBUG com.rometools.modules.sle.io.SleModuleParser - credit value: Rascal Flatts
23:44:27.631 [main] DEBUG com.rometools.modules.sle.io.SleModuleParser - Added [sort: null] Artist Name = Rascal Flatts
23:44:27.631 [main] DEBUG com.rometools.modules.sle.io.SleModuleParser - Inserting for title text
23:44:27.631 [main] DEBUG com.rometools.modules.sle.io.SleModuleParser - title value: What Hurts The Most
23:44:27.631 [main] DEBUG com.rometools.modules.sle.io.SleModuleParser - Added [sort: null] Song Name = What Hurts The Most
23:44:27.631 [main] DEBUG com.rometools.modules.sle.io.SleModuleParser - Inserting for credit text
23:44:27.631 [main] DEBUG com.rometools.modules.sle.io.SleModuleParser - credit value: Fall Out Boy
23:44:27.631 [main] DEBUG com.rometools.modules.sle.io.SleModuleParser - Added [sort: null] Artist Name = Fall Out Boy
23:44:27.631 [main] DEBUG com.rometools.modules.sle.io.SleModuleParser - Inserting for title text
23:44:27.631 [main] DEBUG com.rometools.modules.sle.io.SleModuleParser - title value: Dance, Dance
23:44:27.631 [main] DEBUG com.rometools.modules.sle.io.SleModuleParser - Added [sort: null] Song Name = Dance, Dance
23:44:27.631 [main] DEBUG com.rometools.modules.sle.io.SleModuleParser - Inserting for credit text
23:44:27.631 [main] DEBUG com.rometools.modules.sle.io.SleModuleParser - credit value: Pussycat Dolls
23:44:27.631 [main] DEBUG com.rometools.modules.sle.io.SleModuleParser - Added [sort: null] Artist Name = Pussycat Dolls
23:44:27.631 [main] DEBUG com.rometools.modules.sle.io.SleModuleParser - Inserting for title text
23:44:27.631 [main] DEBUG com.rometools.modules.sle.io.SleModuleParser - title value: Beep
23:44:27.631 [main] DEBUG com.rometools.modules.sle.io.SleModuleParser - Added [sort: null] Song Name = Beep
23:44:27.631 [main] DEBUG com.rometools.modules.sle.io.SleModuleParser - Inserting for credit text
23:44:27.632 [main] DEBUG com.rometools.modules.sle.io.SleModuleParser - credit value: Beyoncé
23:44:27.632 [main] DEBUG com.rometools.modules.sle.io.SleModuleParser - Added [sort: null] Artist Name = Beyoncé
23:44:27.632 [main] DEBUG com.rometools.modules.sle.io.SleModuleParser - Inserting for title text
23:44:27.632 [main] DEBUG com.rometools.modules.sle.io.SleModuleParser - title value: Check On It
23:44:27.632 [main] DEBUG com.rometools.modules.sle.io.SleModuleParser - Added [sort: null] Song Name = Check On It
23:44:27.632 [main] DEBUG com.rometools.modules.sle.io.SleModuleParser - Inserting for credit text
23:44:27.632 [main] DEBUG com.rometools.modules.sle.io.SleModuleParser - credit value: The All-American Rejects
23:44:27.632 [main] DEBUG com.rometools.modules.sle.io.SleModuleParser - Added [sort: null] Artist Name = The All-American Rejects
23:44:27.632 [main] DEBUG com.rometools.modules.sle.io.SleModuleParser - Inserting for title text
23:44:27.632 [main] DEBUG com.rometools.modules.sle.io.SleModuleParser - title value: Move Along
23:44:27.632 [main] DEBUG com.rometools.modules.sle.io.SleModuleParser - Added [sort: null] Song Name = Move Along
23:44:27.633 [main] DEBUG com.rometools.modules.sle.io.SleModuleParser - Inserting for credit text
23:44:27.633 [main] DEBUG com.rometools.modules.sle.io.SleModuleParser - credit value: Panic! At The Disco
23:44:27.634 [main] DEBUG com.rometools.modules.sle.io.SleModuleParser - Added [sort: null] Artist Name = Panic! At The Disco
23:44:27.634 [main] DEBUG com.rometools.modules.sle.io.SleModuleParser - Inserting for title text
23:44:27.635 [main] DEBUG com.rometools.modules.sle.io.SleModuleParser - title value: I Write Sins Not Tragedies
23:44:27.635 [main] DEBUG com.rometools.modules.sle.io.SleModuleParser - Added [sort: null] Song Name = I Write Sins Not Tragedies
23:44:27.635 [main] DEBUG com.rometools.modules.sle.io.SleModuleParser - Inserting for credit text
23:44:27.635 [main] DEBUG com.rometools.modules.sle.io.SleModuleParser - credit value: Sean Paul
23:44:27.635 [main] DEBUG com.rometools.modules.sle.io.SleModuleParser - Added [sort: null] Artist Name = Sean Paul
23:44:27.635 [main] DEBUG com.rometools.modules.sle.io.SleModuleParser - Inserting for title text
23:44:27.635 [main] DEBUG com.rometools.modules.sle.io.SleModuleParser - title value: Temperature
23:44:27.635 [main] DEBUG com.rometools.modules.sle.io.SleModuleParser - Added [sort: null] Song Name = Temperature
23:44:27.635 [main] DEBUG com.rometools.modules.sle.io.SleModuleParser - Inserting for credit text
23:44:27.635 [main] DEBUG com.rometools.modules.sle.io.SleModuleParser - credit value: Daniel Powter
23:44:27.635 [main] DEBUG com.rometools.modules.sle.io.SleModuleParser - Added [sort: null] Artist Name = Daniel Powter
23:44:27.635 [main] DEBUG com.rometools.modules.sle.io.SleModuleParser - Inserting for title text
23:44:27.635 [main] DEBUG com.rometools.modules.sle.io.SleModuleParser - title value: Bad Day (Live In Vienna For Hitradio 03)
23:44:27.635 [main] DEBUG com.rometools.modules.sle.io.SleModuleParser - Added [sort: null] Song Name = Bad Day (Live In Vienna For Hitradio 03)
23:44:27.635 [main] DEBUG com.rometools.modules.sle.io.SleModuleParser - Inserting for credit text
23:44:27.635 [main] DEBUG com.rometools.modules.sle.io.SleModuleParser - credit value: The All-American Rejects
23:44:27.635 [main] DEBUG com.rometools.modules.sle.io.SleModuleParser - Added [sort: null] Artist Name = The All-American Rejects
23:44:27.635 [main] DEBUG com.rometools.modules.sle.io.SleModuleParser - Inserting for title text
23:44:27.635 [main] DEBUG com.rometools.modules.sle.io.SleModuleParser - title value: Dirty Little Secret
23:44:27.635 [main] DEBUG com.rometools.modules.sle.io.SleModuleParser - Added [sort: null] Song Name = Dirty Little Secret
23:44:27.701 [main] DEBUG com.rometools.modules.sle.SleEntryImpl - Looking for value for Artist Name from 2
23:44:27.703 [main] DEBUG com.rometools.modules.sle.SleEntryImpl - Compare to value Artist Name
23:44:27.703 [main] DEBUG com.rometools.modules.sle.SleEntryImpl - Match.
23:44:27.703 [main] DEBUG com.rometools.modules.sle.SleEntryImpl - Looking for value for Artist Name from 2
23:44:27.703 [main] DEBUG com.rometools.modules.sle.SleEntryImpl - Compare to value Artist Name
23:44:27.703 [main] DEBUG com.rometools.modules.sle.SleEntryImpl - Match.
23:44:27.703 [main] DEBUG com.rometools.modules.sle.SleEntryImpl - Looking for value for Artist Name from 2
23:44:27.703 [main] DEBUG com.rometools.modules.sle.SleEntryImpl - Compare to value Artist Name
23:44:27.703 [main] DEBUG com.rometools.modules.sle.SleEntryImpl - Match.
23:44:27.703 [main] DEBUG com.rometools.modules.sle.SleEntryImpl - Looking for value for Artist Name from 2
23:44:27.703 [main] DEBUG com.rometools.modules.sle.SleEntryImpl - Compare to value Artist Name
23:44:27.703 [main] DEBUG com.rometools.modules.sle.SleEntryImpl - Match.
23:44:27.703 [main] DEBUG com.rometools.modules.sle.SleEntryImpl - Looking for value for Artist Name from 2
23:44:27.704 [main] DEBUG com.rometools.modules.sle.SleEntryImpl - Compare to value Artist Name
23:44:27.704 [main] DEBUG com.rometools.modules.sle.SleEntryImpl - Match.
23:44:27.704 [main] DEBUG com.rometools.modules.sle.SleEntryImpl - Looking for value for Artist Name from 2
23:44:27.704 [main] DEBUG com.rometools.modules.sle.SleEntryImpl - Compare to value Artist Name
23:44:27.704 [main] DEBUG com.rometools.modules.sle.SleEntryImpl - Match.
23:44:27.704 [main] DEBUG com.rometools.modules.sle.SleEntryImpl - Looking for value for Artist Name from 2
23:44:27.704 [main] DEBUG com.rometools.modules.sle.SleEntryImpl - Compare to value Artist Name
23:44:27.704 [main] DEBUG com.rometools.modules.sle.SleEntryImpl - Match.
23:44:27.704 [main] DEBUG com.rometools.modules.sle.SleEntryImpl - Looking for value for Artist Name from 2
23:44:27.704 [main] DEBUG com.rometools.modules.sle.SleEntryImpl - Compare to value Artist Name
23:44:27.704 [main] DEBUG com.rometools.modules.sle.SleEntryImpl - Match.
23:44:27.704 [main] DEBUG com.rometools.modules.sle.SleEntryImpl - Looking for value for Artist Name from 2
23:44:27.704 [main] DEBUG com.rometools.modules.sle.SleEntryImpl - Compare to value Artist Name
23:44:27.704 [main] DEBUG com.rometools.modules.sle.SleEntryImpl - Match.
23:44:27.704 [main] DEBUG com.rometools.modules.sle.SleEntryImpl - Looking for value for Artist Name from 2
23:44:27.704 [main] DEBUG com.rometools.modules.sle.SleEntryImpl - Compare to value Artist Name
23:44:27.704 [main] DEBUG com.rometools.modules.sle.SleEntryImpl - Match.
23:44:27.704 [main] DEBUG com.rometools.modules.sle.SleEntryImpl - Looking for value for Artist Name from 2
23:44:27.704 [main] DEBUG com.rometools.modules.sle.SleEntryImpl - Compare to value Artist Name
23:44:27.704 [main] DEBUG com.rometools.modules.sle.SleEntryImpl - Match.
23:44:27.704 [main] DEBUG com.rometools.modules.sle.SleEntryImpl - Looking for value for Artist Name from 2
23:44:27.704 [main] DEBUG com.rometools.modules.sle.SleEntryImpl - Compare to value Artist Name
23:44:27.704 [main] DEBUG com.rometools.modules.sle.SleEntryImpl - Match.
23:44:27.704 [main] DEBUG com.rometools.modules.sle.SleEntryImpl - Looking for value for Artist Name from 2
23:44:27.704 [main] DEBUG com.rometools.modules.sle.SleEntryImpl - Compare to value Artist Name
23:44:27.704 [main] DEBUG com.rometools.modules.sle.SleEntryImpl - Match.
23:44:27.704 [main] DEBUG com.rometools.modules.sle.SleEntryImpl - Looking for value for Artist Name from 2
23:44:27.704 [main] DEBUG com.rometools.modules.sle.SleEntryImpl - Compare to value Artist Name
23:44:27.704 [main] DEBUG com.rometools.modules.sle.SleEntryImpl - Match.
23:44:27.704 [main] DEBUG com.rometools.modules.sle.SleEntryImpl - Looking for value for Artist Name from 2
23:44:27.704 [main] DEBUG com.rometools.modules.sle.SleEntryImpl - Compare to value Artist Name
23:44:27.704 [main] DEBUG com.rometools.modules.sle.SleEntryImpl - Match.
23:44:27.704 [main] DEBUG com.rometools.modules.sle.SleEntryImpl - Looking for value for Artist Name from 2
23:44:27.704 [main] DEBUG com.rometools.modules.sle.SleEntryImpl - Compare to value Artist Name
23:44:27.704 [main] DEBUG com.rometools.modules.sle.SleEntryImpl - Match.
23:44:27.704 [main] DEBUG com.rometools.modules.sle.SleEntryImpl - Looking for value for Artist Name from 2
23:44:27.704 [main] DEBUG com.rometools.modules.sle.SleEntryImpl - Compare to value Artist Name
23:44:27.704 [main] DEBUG com.rometools.modules.sle.SleEntryImpl - Match.
23:44:27.704 [main] DEBUG com.rometools.modules.sle.SleEntryImpl - Looking for value for Artist Name from 2
23:44:27.704 [main] DEBUG com.rometools.modules.sle.SleEntryImpl - Compare to value Artist Name
23:44:27.704 [main] DEBUG com.rometools.modules.sle.SleEntryImpl - Match.
23:44:27.704 [main] DEBUG com.rometools.modules.sle.SleEntryImpl - Looking for value for Artist Name from 2
23:44:27.704 [main] DEBUG com.rometools.modules.sle.SleEntryImpl - Compare to value Artist Name
23:44:27.704 [main] DEBUG com.rometools.modules.sle.SleEntryImpl - Match.
23:44:27.704 [main] DEBUG com.rometools.modules.sle.SleEntryImpl - Looking for value for Artist Name from 2
23:44:27.704 [main] DEBUG com.rometools.modules.sle.SleEntryImpl - Compare to value Artist Name
23:44:27.704 [main] DEBUG com.rometools.modules.sle.SleEntryImpl - Match.
23:44:27.704 [main] DEBUG com.rometools.modules.sle.SleEntryImpl - Looking for value for Artist Name from 2
23:44:27.705 [main] DEBUG com.rometools.modules.sle.SleEntryImpl - Compare to value Artist Name
23:44:27.705 [main] DEBUG com.rometools.modules.sle.SleEntryImpl - Match.
23:44:27.705 [main] DEBUG com.rometools.modules.sle.SleEntryImpl - Looking for value for Artist Name from 2
23:44:27.705 [main] DEBUG com.rometools.modules.sle.SleEntryImpl - Compare to value Artist Name
23:44:27.705 [main] DEBUG com.rometools.modules.sle.SleEntryImpl - Match.
23:44:27.705 [main] DEBUG com.rometools.modules.sle.SleEntryImpl - Looking for value for Artist Name from 2
23:44:27.705 [main] DEBUG com.rometools.modules.sle.SleEntryImpl - Compare to value Artist Name
23:44:27.705 [main] DEBUG com.rometools.modules.sle.SleEntryImpl - Match.
23:44:27.705 [main] DEBUG com.rometools.modules.sle.SleEntryImpl - Looking for value for Artist Name from 2
23:44:27.705 [main] DEBUG com.rometools.modules.sle.SleEntryImpl - Compare to value Artist Name
23:44:27.705 [main] DEBUG com.rometools.modules.sle.SleEntryImpl - Match.
23:44:27.705 [main] DEBUG com.rometools.modules.sle.SleEntryImpl - Looking for value for Artist Name from 2
23:44:27.705 [main] DEBUG com.rometools.modules.sle.SleEntryImpl - Compare to value Artist Name
23:44:27.705 [main] DEBUG com.rometools.modules.sle.SleEntryImpl - Match.
23:44:27.705 [main] DEBUG com.rometools.modules.sle.SleEntryImpl - Looking for value for Artist Name from 2
23:44:27.705 [main] DEBUG com.rometools.modules.sle.SleEntryImpl - Compare to value Artist Name
23:44:27.705 [main] DEBUG com.rometools.modules.sle.SleEntryImpl - Match.
23:44:27.705 [main] DEBUG com.rometools.modules.sle.SleEntryImpl - Looking for value for Artist Name from 2
23:44:27.705 [main] DEBUG com.rometools.modules.sle.SleEntryImpl - Compare to value Artist Name
23:44:27.705 [main] DEBUG com.rometools.modules.sle.SleEntryImpl - Match.
23:44:27.705 [main] DEBUG com.rometools.modules.sle.SleEntryImpl - Looking for value for Artist Name from 2
23:44:27.705 [main] DEBUG com.rometools.modules.sle.SleEntryImpl - Compare to value Artist Name
23:44:27.705 [main] DEBUG com.rometools.modules.sle.SleEntryImpl - Match.
23:44:27.705 [main] DEBUG com.rometools.modules.sle.SleEntryImpl - Looking for value for Artist Name from 2
23:44:27.705 [main] DEBUG com.rometools.modules.sle.SleEntryImpl - Compare to value Artist Name
23:44:27.705 [main] DEBUG com.rometools.modules.sle.SleEntryImpl - Match.
23:44:27.705 [main] DEBUG com.rometools.modules.sle.SleEntryImpl - Looking for value for Artist Name from 2
23:44:27.705 [main] DEBUG com.rometools.modules.sle.SleEntryImpl - Compare to value Artist Name
23:44:27.705 [main] DEBUG com.rometools.modules.sle.SleEntryImpl - Match.
23:44:27.705 [main] DEBUG com.rometools.modules.sle.SleEntryImpl - Looking for value for Artist Name from 2
23:44:27.705 [main] DEBUG com.rometools.modules.sle.SleEntryImpl - Compare to value Artist Name
23:44:27.705 [main] DEBUG com.rometools.modules.sle.SleEntryImpl - Match.
23:44:27.705 [main] DEBUG com.rometools.modules.sle.SleEntryImpl - Looking for value for Artist Name from 2
23:44:27.705 [main] DEBUG com.rometools.modules.sle.SleEntryImpl - Compare to value Artist Name
23:44:27.705 [main] DEBUG com.rometools.modules.sle.SleEntryImpl - Match.
23:44:27.705 [main] DEBUG com.rometools.modules.sle.SleEntryImpl - Looking for value for Artist Name from 2
23:44:27.705 [main] DEBUG com.rometools.modules.sle.SleEntryImpl - Compare to value Artist Name
23:44:27.705 [main] DEBUG com.rometools.modules.sle.SleEntryImpl - Match.
23:44:27.705 [main] DEBUG com.rometools.modules.sle.SleEntryImpl - Looking for value for Artist Name from 2
23:44:27.705 [main] DEBUG com.rometools.modules.sle.SleEntryImpl - Compare to value Artist Name
23:44:27.705 [main] DEBUG com.rometools.modules.sle.SleEntryImpl - Match.
23:44:27.705 [main] DEBUG com.rometools.modules.sle.SleEntryImpl - Looking for value for Artist Name from 2
23:44:27.705 [main] DEBUG com.rometools.modules.sle.SleEntryImpl - Compare to value Artist Name
23:44:27.705 [main] DEBUG com.rometools.modules.sle.SleEntryImpl - Match.
23:44:27.705 [main] DEBUG com.rometools.modules.sle.SleEntryImpl - Looking for value for Artist Name from 2
23:44:27.705 [main] DEBUG com.rometools.modules.sle.SleEntryImpl - Compare to value Artist Name
23:44:27.705 [main] DEBUG com.rometools.modules.sle.SleEntryImpl - Match.
23:44:27.705 [main] DEBUG com.rometools.modules.sle.SleEntryImpl - Looking for value for Artist Name from 2
23:44:27.705 [main] DEBUG com.rometools.modules.sle.SleEntryImpl - Compare to value Artist Name
23:44:27.705 [main] DEBUG com.rometools.modules.sle.SleEntryImpl - Match.
23:44:27.706 [main] DEBUG com.rometools.modules.sle.SleEntryImpl - Looking for value for Artist Name from 2
23:44:27.706 [main] DEBUG com.rometools.modules.sle.SleEntryImpl - Compare to value Artist Name
23:44:27.706 [main] DEBUG com.rometools.modules.sle.SleEntryImpl - Match.
23:44:27.706 [main] DEBUG com.rometools.modules.sle.SleEntryImpl - Looking for value for Artist Name from 2
23:44:27.706 [main] DEBUG com.rometools.modules.sle.SleEntryImpl - Compare to value Artist Name
23:44:27.706 [main] DEBUG com.rometools.modules.sle.SleEntryImpl - Match.
23:44:27.706 [main] DEBUG com.rometools.modules.sle.SleEntryImpl - Looking for value for Artist Name from 2
23:44:27.706 [main] DEBUG com.rometools.modules.sle.SleEntryImpl - Compare to value Artist Name
23:44:27.706 [main] DEBUG com.rometools.modules.sle.SleEntryImpl - Match.
23:44:27.706 [main] DEBUG com.rometools.modules.sle.SleEntryImpl - Looking for value for Artist Name from 2
23:44:27.706 [main] DEBUG com.rometools.modules.sle.SleEntryImpl - Compare to value Artist Name
23:44:27.706 [main] DEBUG com.rometools.modules.sle.SleEntryImpl - Match.
23:44:27.706 [main] DEBUG com.rometools.modules.sle.SleEntryImpl - Looking for value for Artist Name from 2
23:44:27.706 [main] DEBUG com.rometools.modules.sle.SleEntryImpl - Compare to value Artist Name
23:44:27.706 [main] DEBUG com.rometools.modules.sle.SleEntryImpl - Match.
23:44:27.706 [main] DEBUG com.rometools.modules.sle.SleEntryImpl - Looking for value for Artist Name from 2
23:44:27.706 [main] DEBUG com.rometools.modules.sle.SleEntryImpl - Compare to value Artist Name
23:44:27.706 [main] DEBUG com.rometools.modules.sle.SleEntryImpl - Match.
23:44:27.706 [main] DEBUG com.rometools.modules.sle.SleEntryImpl - Looking for value for Artist Name from 2
23:44:27.706 [main] DEBUG com.rometools.modules.sle.SleEntryImpl - Compare to value Artist Name
23:44:27.706 [main] DEBUG com.rometools.modules.sle.SleEntryImpl - Match.
23:44:27.706 [main] DEBUG com.rometools.modules.sle.SleEntryImpl - Looking for value for Artist Name from 2
23:44:27.706 [main] DEBUG com.rometools.modules.sle.SleEntryImpl - Compare to value Artist Name
23:44:27.706 [main] DEBUG com.rometools.modules.sle.SleEntryImpl - Match.
23:44:27.706 [main] DEBUG com.rometools.modules.sle.SleEntryImpl - Looking for value for Artist Name from 2
23:44:27.706 [main] DEBUG com.rometools.modules.sle.SleEntryImpl - Compare to value Artist Name
23:44:27.706 [main] DEBUG com.rometools.modules.sle.SleEntryImpl - Match.
23:44:27.706 [main] DEBUG com.rometools.modules.sle.SleEntryImpl - Looking for value for Artist Name from 2
23:44:27.706 [main] DEBUG com.rometools.modules.sle.SleEntryImpl - Compare to value Artist Name
23:44:27.706 [main] DEBUG com.rometools.modules.sle.SleEntryImpl - Match.
23:44:27.706 [main] DEBUG com.rometools.modules.sle.SleEntryImpl - Looking for value for Artist Name from 2
23:44:27.706 [main] DEBUG com.rometools.modules.sle.SleEntryImpl - Compare to value Artist Name
23:44:27.706 [main] DEBUG com.rometools.modules.sle.SleEntryImpl - Match.
23:44:27.706 [main] DEBUG com.rometools.modules.sle.SleEntryImpl - Looking for value for Artist Name from 2
23:44:27.706 [main] DEBUG com.rometools.modules.sle.SleEntryImpl - Compare to value Artist Name
23:44:27.706 [main] DEBUG com.rometools.modules.sle.SleEntryImpl - Match.
23:44:27.706 [main] DEBUG com.rometools.modules.sle.SleEntryImpl - Looking for value for Artist Name from 2
23:44:27.706 [main] DEBUG com.rometools.modules.sle.SleEntryImpl - Compare to value Artist Name
23:44:27.706 [main] DEBUG com.rometools.modules.sle.SleEntryImpl - Match.
23:44:27.706 [main] DEBUG com.rometools.modules.sle.SleEntryImpl - Looking for value for Artist Name from 2
23:44:27.706 [main] DEBUG com.rometools.modules.sle.SleEntryImpl - Compare to value Artist Name
23:44:27.706 [main] DEBUG com.rometools.modules.sle.SleEntryImpl - Match.
23:44:27.706 [main] DEBUG com.rometools.modules.sle.SleEntryImpl - Looking for value for Artist Name from 2
23:44:27.706 [main] DEBUG com.rometools.modules.sle.SleEntryImpl - Compare to value Artist Name
23:44:27.706 [main] DEBUG com.rometools.modules.sle.SleEntryImpl - Match.
23:44:27.706 [main] DEBUG com.rometools.modules.sle.SleEntryImpl - Looking for value for Artist Name from 2
23:44:27.707 [main] DEBUG com.rometools.modules.sle.SleEntryImpl - Compare to value Artist Name
23:44:27.707 [main] DEBUG com.rometools.modules.sle.SleEntryImpl - Match.
23:44:27.707 [main] DEBUG com.rometools.modules.sle.SleEntryImpl - Looking for value for Artist Name from 2
23:44:27.707 [main] DEBUG com.rometools.modules.sle.SleEntryImpl - Compare to value Artist Name
23:44:27.707 [main] DEBUG com.rometools.modules.sle.SleEntryImpl - Match.
23:44:27.707 [main] DEBUG com.rometools.modules.sle.SleEntryImpl - Looking for value for Artist Name from 2
23:44:27.707 [main] DEBUG com.rometools.modules.sle.SleEntryImpl - Compare to value Artist Name
23:44:27.707 [main] DEBUG com.rometools.modules.sle.SleEntryImpl - Match.
23:44:27.707 [main] DEBUG com.rometools.modules.sle.SleEntryImpl - Looking for value for Artist Name from 2
23:44:27.707 [main] DEBUG com.rometools.modules.sle.SleEntryImpl - Compare to value Artist Name
23:44:27.707 [main] DEBUG com.rometools.modules.sle.SleEntryImpl - Match.
23:44:27.707 [main] DEBUG com.rometools.modules.sle.SleEntryImpl - Looking for value for Artist Name from 2
23:44:27.707 [main] DEBUG com.rometools.modules.sle.SleEntryImpl - Compare to value Artist Name
23:44:27.707 [main] DEBUG com.rometools.modules.sle.SleEntryImpl - Match.
23:44:27.707 [main] DEBUG com.rometools.modules.sle.SleEntryImpl - Looking for value for Artist Name from 2
23:44:27.707 [main] DEBUG com.rometools.modules.sle.SleEntryImpl - Compare to value Artist Name
23:44:27.707 [main] DEBUG com.rometools.modules.sle.SleEntryImpl - Match.
23:44:27.707 [main] DEBUG com.rometools.modules.sle.SleEntryImpl - Looking for value for Artist Name from 2
23:44:27.707 [main] DEBUG com.rometools.modules.sle.SleEntryImpl - Compare to value Artist Name
23:44:27.707 [main] DEBUG com.rometools.modules.sle.SleEntryImpl - Match.
23:44:27.707 [main] DEBUG com.rometools.modules.sle.SleEntryImpl - Looking for value for Artist Name from 2
23:44:27.707 [main] DEBUG com.rometools.modules.sle.SleEntryImpl - Compare to value Artist Name
23:44:27.707 [main] DEBUG com.rometools.modules.sle.SleEntryImpl - Match.
23:44:27.707 [main] DEBUG com.rometools.modules.sle.SleEntryImpl - Looking for value for Artist Name from 2
23:44:27.707 [main] DEBUG com.rometools.modules.sle.SleEntryImpl - Compare to value Artist Name
23:44:27.707 [main] DEBUG com.rometools.modules.sle.SleEntryImpl - Match.
23:44:27.707 [main] DEBUG com.rometools.modules.sle.SleEntryImpl - Looking for value for Artist Name from 2
23:44:27.707 [main] DEBUG com.rometools.modules.sle.SleEntryImpl - Compare to value Artist Name
23:44:27.707 [main] DEBUG com.rometools.modules.sle.SleEntryImpl - Match.
23:44:27.707 [main] DEBUG com.rometools.modules.sle.SleEntryImpl - Looking for value for Artist Name from 2
23:44:27.707 [main] DEBUG com.rometools.modules.sle.SleEntryImpl - Compare to value Artist Name
23:44:27.707 [main] DEBUG com.rometools.modules.sle.SleEntryImpl - Match.
23:44:27.707 [main] DEBUG com.rometools.modules.sle.SleEntryImpl - Looking for value for Artist Name from 2
23:44:27.707 [main] DEBUG com.rometools.modules.sle.SleEntryImpl - Compare to value Artist Name
23:44:27.707 [main] DEBUG com.rometools.modules.sle.SleEntryImpl - Match.
23:44:27.707 [main] DEBUG com.rometools.modules.sle.SleEntryImpl - Looking for value for Artist Name from 2
23:44:27.707 [main] DEBUG com.rometools.modules.sle.SleEntryImpl - Compare to value Artist Name
23:44:27.707 [main] DEBUG com.rometools.modules.sle.SleEntryImpl - Match.
23:44:27.707 [main] DEBUG com.rometools.modules.sle.SleEntryImpl - Looking for value for Artist Name from 2
23:44:27.707 [main] DEBUG com.rometools.modules.sle.SleEntryImpl - Compare to value Artist Name
23:44:27.707 [main] DEBUG com.rometools.modules.sle.SleEntryImpl - Match.
23:44:27.707 [main] DEBUG com.rometools.modules.sle.SleEntryImpl - Looking for value for Artist Name from 2
23:44:27.707 [main] DEBUG com.rometools.modules.sle.SleEntryImpl - Compare to value Artist Name
23:44:27.707 [main] DEBUG com.rometools.modules.sle.SleEntryImpl - Match.
23:44:27.708 [main] DEBUG com.rometools.modules.sle.SleEntryImpl - Looking for value for Artist Name from 2
23:44:27.708 [main] DEBUG com.rometools.modules.sle.SleEntryImpl - Compare to value Artist Name
23:44:27.708 [main] DEBUG com.rometools.modules.sle.SleEntryImpl - Match.
23:44:27.708 [main] DEBUG com.rometools.modules.sle.SleEntryImpl - Looking for value for Artist Name from 2
23:44:27.708 [main] DEBUG com.rometools.modules.sle.SleEntryImpl - Compare to value Artist Name
23:44:27.708 [main] DEBUG com.rometools.modules.sle.SleEntryImpl - Match.
23:44:27.708 [main] DEBUG com.rometools.modules.sle.SleEntryImpl - Looking for value for Artist Name from 2
23:44:27.708 [main] DEBUG com.rometools.modules.sle.SleEntryImpl - Compare to value Artist Name
23:44:27.708 [main] DEBUG com.rometools.modules.sle.SleEntryImpl - Match.
23:44:27.708 [main] DEBUG com.rometools.modules.sle.SleEntryImpl - Looking for value for Artist Name from 2
23:44:27.708 [main] DEBUG com.rometools.modules.sle.SleEntryImpl - Compare to value Artist Name
23:44:27.708 [main] DEBUG com.rometools.modules.sle.SleEntryImpl - Match.
23:44:27.708 [main] DEBUG com.rometools.modules.sle.SleEntryImpl - Looking for value for Artist Name from 2
23:44:27.708 [main] DEBUG com.rometools.modules.sle.SleEntryImpl - Compare to value Artist Name
23:44:27.708 [main] DEBUG com.rometools.modules.sle.SleEntryImpl - Match.
23:44:27.708 [main] DEBUG com.rometools.modules.sle.SleEntryImpl - Looking for value for Artist Name from 2
23:44:27.708 [main] DEBUG com.rometools.modules.sle.SleEntryImpl - Compare to value Artist Name
23:44:27.708 [main] DEBUG com.rometools.modules.sle.SleEntryImpl - Match.
23:44:27.708 [main] DEBUG com.rometools.modules.sle.SleEntryImpl - Looking for value for Artist Name from 2
23:44:27.708 [main] DEBUG com.rometools.modules.sle.SleEntryImpl - Compare to value Artist Name
23:44:27.708 [main] DEBUG com.rometools.modules.sle.SleEntryImpl - Match.
23:44:27.708 [main] DEBUG com.rometools.modules.sle.SleEntryImpl - Looking for value for Artist Name from 2
23:44:27.708 [main] DEBUG com.rometools.modules.sle.SleEntryImpl - Compare to value Artist Name
23:44:27.708 [main] DEBUG com.rometools.modules.sle.SleEntryImpl - Match.
23:44:27.708 [main] DEBUG com.rometools.modules.sle.SleEntryImpl - Looking for value for Artist Name from 2
23:44:27.708 [main] DEBUG com.rometools.modules.sle.SleEntryImpl - Compare to value Artist Name
23:44:27.708 [main] DEBUG com.rometools.modules.sle.SleEntryImpl - Match.
23:44:27.708 [main] DEBUG com.rometools.modules.sle.SleEntryImpl - Looking for value for Artist Name from 2
23:44:27.708 [main] DEBUG com.rometools.modules.sle.SleEntryImpl - Compare to value Artist Name
23:44:27.709 [main] DEBUG com.rometools.modules.sle.SleEntryImpl - Match.
23:44:27.709 [main] DEBUG com.rometools.modules.sle.SleEntryImpl - Looking for value for Artist Name from 2
23:44:27.709 [main] DEBUG com.rometools.modules.sle.SleEntryImpl - Compare to value Artist Name
23:44:27.709 [main] DEBUG com.rometools.modules.sle.SleEntryImpl - Match.
23:44:27.709 [main] DEBUG com.rometools.modules.sle.SleEntryImpl - Looking for value for Artist Name from 2
23:44:27.709 [main] DEBUG com.rometools.modules.sle.SleEntryImpl - Compare to value Artist Name
23:44:27.709 [main] DEBUG com.rometools.modules.sle.SleEntryImpl - Match.
23:44:27.709 [main] DEBUG com.rometools.modules.sle.SleEntryImpl - Looking for value for Artist Name from 2
23:44:27.709 [main] DEBUG com.rometools.modules.sle.SleEntryImpl - Compare to value Artist Name
23:44:27.709 [main] DEBUG com.rometools.modules.sle.SleEntryImpl - Match.
23:44:27.709 [main] DEBUG com.rometools.modules.sle.SleEntryImpl - Looking for value for Artist Name from 2
23:44:27.709 [main] DEBUG com.rometools.modules.sle.SleEntryImpl - Compare to value Artist Name
23:44:27.709 [main] DEBUG com.rometools.modules.sle.SleEntryImpl - Match.
23:44:27.709 [main] DEBUG com.rometools.modules.sle.SleEntryImpl - Looking for value for Artist Name from 2
23:44:27.709 [main] DEBUG com.rometools.modules.sle.SleEntryImpl - Compare to value Artist Name
23:44:27.709 [main] DEBUG com.rometools.modules.sle.SleEntryImpl - Match.
23:44:27.709 [main] DEBUG com.rometools.modules.sle.SleEntryImpl - Looking for value for Artist Name from 2
23:44:27.709 [main] DEBUG com.rometools.modules.sle.SleEntryImpl - Compare to value Artist Name
23:44:27.709 [main] DEBUG com.rometools.modules.sle.SleEntryImpl - Match.
23:44:27.709 [main] DEBUG com.rometools.modules.sle.SleEntryImpl - Looking for value for Artist Name from 2
23:44:27.709 [main] DEBUG com.rometools.modules.sle.SleEntryImpl - Compare to value Artist Name
23:44:27.709 [main] DEBUG com.rometools.modules.sle.SleEntryImpl - Match.
23:44:27.709 [main] DEBUG com.rometools.modules.sle.SleEntryImpl - Looking for value for Artist Name from 2
23:44:27.709 [main] DEBUG com.rometools.modules.sle.SleEntryImpl - Compare to value Artist Name
23:44:27.709 [main] DEBUG com.rometools.modules.sle.SleEntryImpl - Match.
23:44:27.709 [main] DEBUG com.rometools.modules.sle.SleEntryImpl - Looking for value for Artist Name from 2
23:44:27.709 [main] DEBUG com.rometools.modules.sle.SleEntryImpl - Compare to value Artist Name
23:44:27.709 [main] DEBUG com.rometools.modules.sle.SleEntryImpl - Match.
23:44:27.709 [main] DEBUG com.rometools.modules.sle.SleEntryImpl - Looking for value for Artist Name from 2
23:44:27.709 [main] DEBUG com.rometools.modules.sle.SleEntryImpl - Compare to value Artist Name
23:44:27.709 [main] DEBUG com.rometools.modules.sle.SleEntryImpl - Match.
23:44:27.709 [main] DEBUG com.rometools.modules.sle.SleEntryImpl - Looking for value for Artist Name from 2
23:44:27.709 [main] DEBUG com.rometools.modules.sle.SleEntryImpl - Compare to value Artist Name
23:44:27.709 [main] DEBUG com.rometools.modules.sle.SleEntryImpl - Match.
23:44:27.709 [main] DEBUG com.rometools.modules.sle.SleEntryImpl - Looking for value for Artist Name from 2
23:44:27.709 [main] DEBUG com.rometools.modules.sle.SleEntryImpl - Compare to value Artist Name
23:44:27.709 [main] DEBUG com.rometools.modules.sle.SleEntryImpl - Match.
23:44:27.709 [main] DEBUG com.rometools.modules.sle.SleEntryImpl - Looking for value for Artist Name from 2
23:44:27.709 [main] DEBUG com.rometools.modules.sle.SleEntryImpl - Compare to value Artist Name
23:44:27.709 [main] DEBUG com.rometools.modules.sle.SleEntryImpl - Match.
23:44:27.710 [main] DEBUG com.rometools.modules.sle.GroupAndSortTest - #5: Check On It - Beyoncé
23:44:27.710 [main] DEBUG com.rometools.modules.sle.GroupAndSortTest - #9: Bad Day (Live In Vienna For Hitradio 03) - Daniel Powter
23:44:27.710 [main] DEBUG com.rometools.modules.sle.GroupAndSortTest - #3: Dance, Dance - Fall Out Boy
23:44:27.710 [main] DEBUG com.rometools.modules.sle.GroupAndSortTest - #1: You're Beautiful - James Blunt
23:44:27.710 [main] DEBUG com.rometools.modules.sle.GroupAndSortTest - #7: I Write Sins Not Tragedies - Panic! At The Disco
23:44:27.710 [main] DEBUG com.rometools.modules.sle.GroupAndSortTest - #4: Beep - Pussycat Dolls
23:44:27.710 [main] DEBUG com.rometools.modules.sle.GroupAndSortTest - #2: What Hurts The Most - Rascal Flatts
23:44:27.710 [main] DEBUG com.rometools.modules.sle.GroupAndSortTest - #8: Temperature - Sean Paul
23:44:27.710 [main] DEBUG com.rometools.modules.sle.GroupAndSortTest - #6: Move Along - The All-American Rejects
23:44:27.710 [main] DEBUG com.rometools.modules.sle.GroupAndSortTest - #10: Dirty Little Secret - The All-American Rejects
23:44:27.731 [main] DEBUG com.rometools.modules.sle.io.SleModuleParser - Parse cf:sort 
23:44:27.731 [main] DEBUG com.rometools.modules.sle.io.SleModuleParser - Parse cf:sort firsteditiondate
23:44:27.731 [main] DEBUG com.rometools.modules.sle.io.SleModuleParser - Parse cf:sort titletext
23:44:27.731 [main] DEBUG com.rometools.modules.sle.io.SleModuleParser - Inserting for  
23:44:27.731 [main] DEBUG com.rometools.modules.sle.io.SleModuleParser - Inserting for firstedition date
23:44:27.731 [main] DEBUG com.rometools.modules.sle.io.SleModuleParser - No value for firstedition : xmlns:='http://www.example.com/book'
23:44:27.731 [main] DEBUG com.rometools.modules.sle.io.SleModuleParser - Inserting for title text
23:44:27.731 [main] DEBUG com.rometools.modules.sle.io.SleModuleParser - No value for title : xmlns:=''
23:44:27.731 [main] DEBUG com.rometools.modules.sle.io.SleModuleParser - Inserting for  
23:44:27.731 [main] DEBUG com.rometools.modules.sle.io.SleModuleParser - Inserting for firstedition date
23:44:27.731 [main] DEBUG com.rometools.modules.sle.io.SleModuleParser - No value for firstedition : xmlns:='http://www.example.com/book'
23:44:27.731 [main] DEBUG com.rometools.modules.sle.io.SleModuleParser - Inserting for title text
23:44:27.731 [main] DEBUG com.rometools.modules.sle.io.SleModuleParser - No value for title : xmlns:=''
23:44:27.731 [main] DEBUG com.rometools.modules.sle.io.SleModuleParser - Inserting for  
23:44:27.731 [main] DEBUG com.rometools.modules.sle.io.SleModuleParser - Inserting for firstedition date
23:44:27.731 [main] DEBUG com.rometools.modules.sle.io.SleModuleParser - No value for firstedition : xmlns:='http://www.example.com/book'
23:44:27.731 [main] DEBUG com.rometools.modules.sle.io.SleModuleParser - Inserting for title text
23:44:27.731 [main] DEBUG com.rometools.modules.sle.io.SleModuleParser - No value for title : xmlns:=''
23:44:27.731 [main] DEBUG com.rometools.modules.sle.io.SleModuleParser - Inserting for  
23:44:27.732 [main] DEBUG com.rometools.modules.sle.io.SleModuleParser - Inserting for firstedition date
23:44:27.732 [main] DEBUG com.rometools.modules.sle.io.SleModuleParser - No value for firstedition : xmlns:='http://www.example.com/book'
23:44:27.732 [main] DEBUG com.rometools.modules.sle.io.SleModuleParser - Inserting for title text
23:44:27.732 [main] DEBUG com.rometools.modules.sle.io.SleModuleParser - No value for title : xmlns:=''
23:44:27.732 [main] DEBUG com.rometools.modules.sle.io.SleModuleParser - Inserting for  
23:44:27.732 [main] DEBUG com.rometools.modules.sle.io.SleModuleParser - Inserting for firstedition date
23:44:27.732 [main] DEBUG com.rometools.modules.sle.io.SleModuleParser - No value for firstedition : xmlns:='http://www.example.com/book'
23:44:27.732 [main] DEBUG com.rometools.modules.sle.io.SleModuleParser - Inserting for title text
23:44:27.732 [main] DEBUG com.rometools.modules.sle.io.SleModuleParser - No value for title : xmlns:=''
23:44:27.732 [main] DEBUG com.rometools.modules.sle.io.SleModuleParser - Inserting for  
23:44:27.732 [main] DEBUG com.rometools.modules.sle.io.SleModuleParser - Inserting for firstedition date
23:44:27.732 [main] DEBUG com.rometools.modules.sle.io.SleModuleParser - firstedition value: Thu, 25 Aug 2005 00:00:01 GMT
23:44:27.732 [main] DEBUG com.rometools.modules.sle.io.SleModuleParser - Added [sort: null] First Edition = Thu, 25 Aug 2005 00:00:01 GMT
23:44:27.732 [main] DEBUG com.rometools.modules.sle.io.SleModuleParser - Inserting for title text
23:44:27.732 [main] DEBUG com.rometools.modules.sle.io.SleModuleParser - title value: Horror Stories, vol 16
23:44:27.732 [main] DEBUG com.rometools.modules.sle.io.SleModuleParser - Added [sort: null] Title = Horror Stories, vol 16
23:44:27.732 [main] DEBUG com.rometools.modules.sle.io.SleModuleParser - Inserting for  
23:44:27.732 [main] DEBUG com.rometools.modules.sle.io.SleModuleParser - Inserting for firstedition date
23:44:27.732 [main] DEBUG com.rometools.modules.sle.io.SleModuleParser - firstedition value: Sat, 07 Sep 2002 00:00:01 GMT
23:44:27.732 [main] DEBUG com.rometools.modules.sle.io.SleModuleParser - Added [sort: null] First Edition = Sat, 07 Sep 2002 00:00:01 GMT
23:44:27.732 [main] DEBUG com.rometools.modules.sle.io.SleModuleParser - Inserting for title text
23:44:27.732 [main] DEBUG com.rometools.modules.sle.io.SleModuleParser - title value: Great Journeys of the Past
23:44:27.732 [main] DEBUG com.rometools.modules.sle.io.SleModuleParser - Added [sort: null] Title = Great Journeys of the Past
23:44:27.765 [main] DEBUG com.rometools.modules.sle.SleEntryImpl - Looking for value for First Edition from 2
23:44:27.765 [main] DEBUG com.rometools.modules.sle.SleEntryImpl - Compare to value First Edition
23:44:27.765 [main] DEBUG com.rometools.modules.sle.SleEntryImpl - Match.
23:44:27.765 [main] DEBUG com.rometools.modules.sle.SleEntryImpl - Looking for value for First Edition from 2
23:44:27.765 [main] DEBUG com.rometools.modules.sle.SleEntryImpl - Compare to value First Edition
23:44:27.766 [main] DEBUG com.rometools.modules.sle.SleEntryImpl - Match.
23:44:27.766 [main] DEBUG com.rometools.modules.sle.SleEntryImpl - Looking for value for First Edition from 2
23:44:27.766 [main] DEBUG com.rometools.modules.sle.SleEntryImpl - Compare to value First Edition
23:44:27.766 [main] DEBUG com.rometools.modules.sle.SleEntryImpl - Match.
23:44:27.766 [main] DEBUG com.rometools.modules.sle.SleEntryImpl - Looking for value for First Edition from 2
23:44:27.766 [main] DEBUG com.rometools.modules.sle.SleEntryImpl - Compare to value First Edition
23:44:27.766 [main] DEBUG com.rometools.modules.sle.SleEntryImpl - Match.
23:44:27.766 [main] DEBUG com.rometools.modules.sle.SleEntryImpl - Looking for value for First Edition from 2
23:44:27.766 [main] DEBUG com.rometools.modules.sle.SleEntryImpl - Compare to value First Edition
23:44:27.766 [main] DEBUG com.rometools.modules.sle.SleEntryImpl - Match.
23:44:27.766 [main] DEBUG com.rometools.modules.sle.SleEntryImpl - Looking for value for First Edition from 2
23:44:27.766 [main] DEBUG com.rometools.modules.sle.SleEntryImpl - Compare to value First Edition
23:44:27.766 [main] DEBUG com.rometools.modules.sle.SleEntryImpl - Match.
23:44:27.770 [main] DEBUG com.rometools.modules.sle.io.SleModuleParser - Parse cf:sort 
23:44:27.770 [main] DEBUG com.rometools.modules.sle.io.SleModuleParser - Parse cf:sort firsteditiondate
23:44:27.770 [main] DEBUG com.rometools.modules.sle.io.SleModuleParser - Parse cf:sort titletext
23:44:27.770 [main] DEBUG com.rometools.modules.sle.io.SleModuleParser - Inserting for  
23:44:27.770 [main] DEBUG com.rometools.modules.sle.io.SleModuleParser - Inserting for firstedition date
23:44:27.775 [main] DEBUG com.rometools.modules.sle.io.SleModuleParser - No value for firstedition : xmlns:='http://www.example.com/book'
23:44:27.775 [main] DEBUG com.rometools.modules.sle.io.SleModuleParser - Inserting for title text
23:44:27.775 [main] DEBUG com.rometools.modules.sle.io.SleModuleParser - No value for title : xmlns:=''
23:44:27.775 [main] DEBUG com.rometools.modules.sle.io.SleModuleParser - Inserting for  
23:44:27.775 [main] DEBUG com.rometools.modules.sle.io.SleModuleParser - Inserting for firstedition date
23:44:27.775 [main] DEBUG com.rometools.modules.sle.io.SleModuleParser - No value for firstedition : xmlns:='http://www.example.com/book'
23:44:27.775 [main] DEBUG com.rometools.modules.sle.io.SleModuleParser - Inserting for title text
23:44:27.775 [main] DEBUG com.rometools.modules.sle.io.SleModuleParser - No value for title : xmlns:=''
23:44:27.775 [main] DEBUG com.rometools.modules.sle.io.SleModuleParser - Inserting for  
23:44:27.775 [main] DEBUG com.rometools.modules.sle.io.SleModuleParser - Inserting for firstedition date
23:44:27.775 [main] DEBUG com.rometools.modules.sle.io.SleModuleParser - No value for firstedition : xmlns:='http://www.example.com/book'
23:44:27.775 [main] DEBUG com.rometools.modules.sle.io.SleModuleParser - Inserting for title text
23:44:27.775 [main] DEBUG com.rometools.modules.sle.io.SleModuleParser - No value for title : xmlns:=''
23:44:27.775 [main] DEBUG com.rometools.modules.sle.io.SleModuleParser - Inserting for  
23:44:27.775 [main] DEBUG com.rometools.modules.sle.io.SleModuleParser - Inserting for firstedition date
23:44:27.775 [main] DEBUG com.rometools.modules.sle.io.SleModuleParser - No value for firstedition : xmlns:='http://www.example.com/book'
23:44:27.776 [main] DEBUG com.rometools.modules.sle.io.SleModuleParser - Inserting for title text
23:44:27.776 [main] DEBUG com.rometools.modules.sle.io.SleModuleParser - No value for title : xmlns:=''
23:44:27.776 [main] DEBUG com.rometools.modules.sle.io.SleModuleParser - Inserting for  
23:44:27.776 [main] DEBUG com.rometools.modules.sle.io.SleModuleParser - Inserting for firstedition date
23:44:27.776 [main] DEBUG com.rometools.modules.sle.io.SleModuleParser - No value for firstedition : xmlns:='http://www.example.com/book'
23:44:27.776 [main] DEBUG com.rometools.modules.sle.io.SleModuleParser - Inserting for title text
23:44:27.776 [main] DEBUG com.rometools.modules.sle.io.SleModuleParser - No value for title : xmlns:=''
23:44:27.776 [main] DEBUG com.rometools.modules.sle.io.SleModuleParser - Inserting for  
23:44:27.776 [main] DEBUG com.rometools.modules.sle.io.SleModuleParser - Inserting for firstedition date
23:44:27.776 [main] DEBUG com.rometools.modules.sle.io.SleModuleParser - firstedition value: 
23:44:27.776 [main] DEBUG com.rometools.modules.sle.io.SleModuleParser - Added [sort: null] First Edition = 
23:44:27.776 [main] DEBUG com.rometools.modules.sle.io.SleModuleParser - Inserting for title text
23:44:27.776 [main] DEBUG com.rometools.modules.sle.io.SleModuleParser - title value: Horror Stories, vol 16
23:44:27.776 [main] DEBUG com.rometools.modules.sle.io.SleModuleParser - Added [sort: null] Title = Horror Stories, vol 16
23:44:27.776 [main] DEBUG com.rometools.modules.sle.io.SleModuleParser - Inserting for  
23:44:27.776 [main] DEBUG com.rometools.modules.sle.io.SleModuleParser - Inserting for firstedition date
23:44:27.776 [main] DEBUG com.rometools.modules.sle.io.SleModuleParser - firstedition value: 
23:44:27.776 [main] DEBUG com.rometools.modules.sle.io.SleModuleParser - Added [sort: null] First Edition = 
23:44:27.776 [main] DEBUG com.rometools.modules.sle.io.SleModuleParser - Inserting for title text
23:44:27.776 [main] DEBUG com.rometools.modules.sle.io.SleModuleParser - title value: ZZZZZ
23:44:27.776 [main] DEBUG com.rometools.modules.sle.io.SleModuleParser - Added [sort: null] Title = ZZZZZ
23:44:27.782 [main] DEBUG com.rometools.modules.sle.SleEntryImpl - Looking for value for Title from 2
23:44:27.782 [main] DEBUG com.rometools.modules.sle.SleEntryImpl - Compare to value First Edition
23:44:27.782 [main] DEBUG com.rometools.modules.sle.SleEntryImpl - Compare to value Title
23:44:27.782 [main] DEBUG com.rometools.modules.sle.SleEntryImpl - Match.
23:44:27.782 [main] DEBUG com.rometools.modules.sle.SleEntryImpl - Looking for value for Title from 2
23:44:27.782 [main] DEBUG com.rometools.modules.sle.SleEntryImpl - Compare to value First Edition
23:44:27.782 [main] DEBUG com.rometools.modules.sle.SleEntryImpl - Compare to value Title
23:44:27.782 [main] DEBUG com.rometools.modules.sle.SleEntryImpl - Match.
23:44:27.782 [main] DEBUG com.rometools.modules.sle.SleEntryImpl - Looking for value for Title from 2
23:44:27.782 [main] DEBUG com.rometools.modules.sle.SleEntryImpl - Compare to value First Edition
23:44:27.782 [main] DEBUG com.rometools.modules.sle.SleEntryImpl - Compare to value Title
23:44:27.783 [main] DEBUG com.rometools.modules.sle.SleEntryImpl - Match.
23:44:27.783 [main] DEBUG com.rometools.modules.sle.SleEntryImpl - Looking for value for Title from 2
23:44:27.783 [main] DEBUG com.rometools.modules.sle.SleEntryImpl - Compare to value First Edition
23:44:27.783 [main] DEBUG com.rometools.modules.sle.SleEntryImpl - Compare to value Title
23:44:27.783 [main] DEBUG com.rometools.modules.sle.SleEntryImpl - Match.
23:44:27.787 [main] DEBUG com.rometools.modules.sle.io.SleModuleParser - Parse cf:sort 
23:44:27.787 [main] DEBUG com.rometools.modules.sle.io.SleModuleParser - Parse cf:sort firsteditiondate
23:44:27.787 [main] DEBUG com.rometools.modules.sle.io.SleModuleParser - Parse cf:sort titletext
23:44:27.787 [main] DEBUG com.rometools.modules.sle.io.SleModuleParser - Inserting for  
23:44:27.787 [main] DEBUG com.rometools.modules.sle.io.SleModuleParser - Inserting for firstedition date
23:44:27.787 [main] DEBUG com.rometools.modules.sle.io.SleModuleParser - No value for firstedition : xmlns:='http://www.example.com/book'
23:44:27.787 [main] DEBUG com.rometools.modules.sle.io.SleModuleParser - Inserting for title text
23:44:27.787 [main] DEBUG com.rometools.modules.sle.io.SleModuleParser - No value for title : xmlns:=''
23:44:27.787 [main] DEBUG com.rometools.modules.sle.io.SleModuleParser - Inserting for  
23:44:27.787 [main] DEBUG com.rometools.modules.sle.io.SleModuleParser - Inserting for firstedition date
23:44:27.787 [main] DEBUG com.rometools.modules.sle.io.SleModuleParser - No value for firstedition : xmlns:='http://www.example.com/book'
23:44:27.788 [main] DEBUG com.rometools.modules.sle.io.SleModuleParser - Inserting for title text
23:44:27.788 [main] DEBUG com.rometools.modules.sle.io.SleModuleParser - No value for title : xmlns:=''
23:44:27.788 [main] DEBUG com.rometools.modules.sle.io.SleModuleParser - Inserting for  
23:44:27.788 [main] DEBUG com.rometools.modules.sle.io.SleModuleParser - Inserting for firstedition date
23:44:27.788 [main] DEBUG com.rometools.modules.sle.io.SleModuleParser - No value for firstedition : xmlns:='http://www.example.com/book'
23:44:27.788 [main] DEBUG com.rometools.modules.sle.io.SleModuleParser - Inserting for title text
23:44:27.788 [main] DEBUG com.rometools.modules.sle.io.SleModuleParser - No value for title : xmlns:=''
23:44:27.788 [main] DEBUG com.rometools.modules.sle.io.SleModuleParser - Inserting for  
23:44:27.788 [main] DEBUG com.rometools.modules.sle.io.SleModuleParser - Inserting for firstedition date
23:44:27.788 [main] DEBUG com.rometools.modules.sle.io.SleModuleParser - No value for firstedition : xmlns:='http://www.example.com/book'
23:44:27.788 [main] DEBUG com.rometools.modules.sle.io.SleModuleParser - Inserting for title text
23:44:27.788 [main] DEBUG com.rometools.modules.sle.io.SleModuleParser - No value for title : xmlns:=''
23:44:27.788 [main] DEBUG com.rometools.modules.sle.io.SleModuleParser - Inserting for  
23:44:27.788 [main] DEBUG com.rometools.modules.sle.io.SleModuleParser - Inserting for firstedition date
23:44:27.788 [main] DEBUG com.rometools.modules.sle.io.SleModuleParser - No value for firstedition : xmlns:='http://www.example.com/book'
23:44:27.788 [main] DEBUG com.rometools.modules.sle.io.SleModuleParser - Inserting for title text
23:44:27.788 [main] DEBUG com.rometools.modules.sle.io.SleModuleParser - No value for title : xmlns:=''
23:44:27.788 [main] DEBUG com.rometools.modules.sle.io.SleModuleParser - Inserting for  
23:44:27.788 [main] DEBUG com.rometools.modules.sle.io.SleModuleParser - Inserting for firstedition date
23:44:27.788 [main] DEBUG com.rometools.modules.sle.io.SleModuleParser - firstedition value: Thu, 25 Aug 2005 00:00:01 GMT
23:44:27.788 [main] DEBUG com.rometools.modules.sle.io.SleModuleParser - Added [sort: null] First Edition = Thu, 25 Aug 2005 00:00:01 GMT
23:44:27.788 [main] DEBUG com.rometools.modules.sle.io.SleModuleParser - Inserting for title text
23:44:27.788 [main] DEBUG com.rometools.modules.sle.io.SleModuleParser - title value: Horror Stories, vol 16
23:44:27.788 [main] DEBUG com.rometools.modules.sle.io.SleModuleParser - Added [sort: null] Title = Horror Stories, vol 16
23:44:27.788 [main] DEBUG com.rometools.modules.sle.io.SleModuleParser - Inserting for  
23:44:27.788 [main] DEBUG com.rometools.modules.sle.io.SleModuleParser - Inserting for firstedition date
23:44:27.788 [main] DEBUG com.rometools.modules.sle.io.SleModuleParser - firstedition value: Sat, 07 Sep 2002 00:00:01 GMT
23:44:27.788 [main] DEBUG com.rometools.modules.sle.io.SleModuleParser - Added [sort: null] First Edition = Sat, 07 Sep 2002 00:00:01 GMT
23:44:27.788 [main] DEBUG com.rometools.modules.sle.io.SleModuleParser - Inserting for title text
23:44:27.788 [main] DEBUG com.rometools.modules.sle.io.SleModuleParser - title value: Great Journeys of the Past
23:44:27.788 [main] DEBUG com.rometools.modules.sle.io.SleModuleParser - Added [sort: null] Title = Great Journeys of the Past
23:44:27.790 [main] DEBUG com.rometools.modules.sle.SleEntryImpl - Looking for value for Title from 2
23:44:27.790 [main] DEBUG com.rometools.modules.sle.SleEntryImpl - Compare to value First Edition
23:44:27.790 [main] DEBUG com.rometools.modules.sle.SleEntryImpl - Compare to value Title
23:44:27.790 [main] DEBUG com.rometools.modules.sle.SleEntryImpl - Match.
23:44:27.790 [main] DEBUG com.rometools.modules.sle.SleEntryImpl - Looking for value for Title from 2
23:44:27.790 [main] DEBUG com.rometools.modules.sle.SleEntryImpl - Compare to value First Edition
23:44:27.790 [main] DEBUG com.rometools.modules.sle.SleEntryImpl - Compare to value Title
23:44:27.790 [main] DEBUG com.rometools.modules.sle.SleEntryImpl - Match.
[INFO] Tests run: 4, Failures: 0, Errors: 0, Skipped: 0, Time elapsed: 1.191 s - in com.rometools.modules.sle.GroupAndSortTest
[INFO] Running com.rometools.modules.sle.io.ModuleGeneratorTest
[INFO] Tests run: 1, Failures: 0, Errors: 0, Skipped: 0, Time elapsed: 0.001 s - in com.rometools.modules.sle.io.ModuleGeneratorTest
[INFO] Running com.rometools.modules.sle.io.ModuleParserTest
23:44:27.821 [main] DEBUG com.rometools.modules.sle.io.SleModuleParser - Parse cf:sort 
23:44:27.821 [main] DEBUG com.rometools.modules.sle.io.SleModuleParser - Parse cf:sort firsteditiondate
23:44:27.821 [main] DEBUG com.rometools.modules.sle.io.SleModuleParser - Parse cf:sort titletext
23:44:27.821 [main] DEBUG com.rometools.modules.sle.io.SleModuleParser - Inserting for  
23:44:27.821 [main] DEBUG com.rometools.modules.sle.io.SleModuleParser - Inserting for firstedition date
23:44:27.821 [main] DEBUG com.rometools.modules.sle.io.SleModuleParser - No value for firstedition : xmlns:='http://www.example.com/book'
23:44:27.821 [main] DEBUG com.rometools.modules.sle.io.SleModuleParser - Inserting for title text
23:44:27.821 [main] DEBUG com.rometools.modules.sle.io.SleModuleParser - No value for title : xmlns:=''
23:44:27.822 [main] DEBUG com.rometools.modules.sle.io.SleModuleParser - Inserting for  
23:44:27.822 [main] DEBUG com.rometools.modules.sle.io.SleModuleParser - Inserting for firstedition date
23:44:27.822 [main] DEBUG com.rometools.modules.sle.io.SleModuleParser - No value for firstedition : xmlns:='http://www.example.com/book'
23:44:27.822 [main] DEBUG com.rometools.modules.sle.io.SleModuleParser - Inserting for title text
23:44:27.822 [main] DEBUG com.rometools.modules.sle.io.SleModuleParser - No value for title : xmlns:=''
23:44:27.822 [main] DEBUG com.rometools.modules.sle.io.SleModuleParser - Inserting for  
23:44:27.822 [main] DEBUG com.rometools.modules.sle.io.SleModuleParser - Inserting for firstedition date
23:44:27.822 [main] DEBUG com.rometools.modules.sle.io.SleModuleParser - No value for firstedition : xmlns:='http://www.example.com/book'
23:44:27.822 [main] DEBUG com.rometools.modules.sle.io.SleModuleParser - Inserting for title text
23:44:27.822 [main] DEBUG com.rometools.modules.sle.io.SleModuleParser - No value for title : xmlns:=''
23:44:27.822 [main] DEBUG com.rometools.modules.sle.io.SleModuleParser - Inserting for  
23:44:27.822 [main] DEBUG com.rometools.modules.sle.io.SleModuleParser - Inserting for firstedition date
23:44:27.822 [main] DEBUG com.rometools.modules.sle.io.SleModuleParser - No value for firstedition : xmlns:='http://www.example.com/book'
23:44:27.822 [main] DEBUG com.rometools.modules.sle.io.SleModuleParser - Inserting for title text
23:44:27.822 [main] DEBUG com.rometools.modules.sle.io.SleModuleParser - No value for title : xmlns:=''
23:44:27.822 [main] DEBUG com.rometools.modules.sle.io.SleModuleParser - Inserting for  
23:44:27.822 [main] DEBUG com.rometools.modules.sle.io.SleModuleParser - Inserting for firstedition date
23:44:27.822 [main] DEBUG com.rometools.modules.sle.io.SleModuleParser - No value for firstedition : xmlns:='http://www.example.com/book'
23:44:27.822 [main] DEBUG com.rometools.modules.sle.io.SleModuleParser - Inserting for title text
23:44:27.822 [main] DEBUG com.rometools.modules.sle.io.SleModuleParser - No value for title : xmlns:=''
23:44:27.822 [main] DEBUG com.rometools.modules.sle.io.SleModuleParser - Inserting for  
23:44:27.822 [main] DEBUG com.rometools.modules.sle.io.SleModuleParser - Inserting for firstedition date
23:44:27.822 [main] DEBUG com.rometools.modules.sle.io.SleModuleParser - firstedition value: Thu, 25 Aug 2005 00:00:01 GMT
23:44:27.822 [main] DEBUG com.rometools.modules.sle.io.SleModuleParser - Added [sort: null] First Edition = Thu, 25 Aug 2005 00:00:01 GMT
23:44:27.822 [main] DEBUG com.rometools.modules.sle.io.SleModuleParser - Inserting for title text
23:44:27.822 [main] DEBUG com.rometools.modules.sle.io.SleModuleParser - title value: Horror Stories, vol 16
23:44:27.822 [main] DEBUG com.rometools.modules.sle.io.SleModuleParser - Added [sort: null] Title = Horror Stories, vol 16
23:44:27.822 [main] DEBUG com.rometools.modules.sle.io.SleModuleParser - Inserting for  
23:44:27.822 [main] DEBUG com.rometools.modules.sle.io.SleModuleParser - Inserting for firstedition date
23:44:27.823 [main] DEBUG com.rometools.modules.sle.io.SleModuleParser - firstedition value: Sat, 07 Sep 2002 00:00:01 GMT
23:44:27.823 [main] DEBUG com.rometools.modules.sle.io.SleModuleParser - Added [sort: null] First Edition = Sat, 07 Sep 2002 00:00:01 GMT
23:44:27.823 [main] DEBUG com.rometools.modules.sle.io.SleModuleParser - Inserting for title text
23:44:27.823 [main] DEBUG com.rometools.modules.sle.io.SleModuleParser - title value: Great Journeys of the Past
23:44:27.823 [main] DEBUG com.rometools.modules.sle.io.SleModuleParser - Added [sort: null] Title = Great Journeys of the Past
23:44:27.825 [main] DEBUG com.rometools.modules.sle.io.ModuleParserTest - SleEntryImpl.groupValues[0]=[Namespace: xmlns:='http://www.example.com/book' Element:genre Label:Genre Value:Horror]
SleEntryImpl.interface=interface com.rometools.modules.sle.SleEntry
SleEntryImpl.uri=urn:rome:sle
SleEntryImpl.sortValues[0]=[Namespace: xmlns:='http://www.example.com/book' Element:firstedition Label:First Edition Value:Thu Aug 25 02:00:01 CEST 2005]
SleEntryImpl.sortValues[1]=[Namespace: xmlns:='' Element:title Label:Title Value:Horror Stories, vol 16]

23:44:27.844 [main] DEBUG com.rometools.modules.sle.io.ModuleParserTest - getGroupByElement
23:44:27.844 [main] DEBUG com.rometools.modules.sle.io.ModuleParserTest - [Namespace: xmlns:='http://www.example.com/book' Element:genre Label:Genre Value:Horror]
23:44:27.844 [main] DEBUG com.rometools.modules.sle.io.ModuleParserTest - getSortByElement
23:44:27.844 [main] DEBUG com.rometools.modules.sle.SleEntryImpl - Looking for value for Relevance from 2
23:44:27.844 [main] DEBUG com.rometools.modules.sle.SleEntryImpl - Compare to value First Edition
23:44:27.844 [main] DEBUG com.rometools.modules.sle.SleEntryImpl - Compare to value Title
23:44:27.844 [main] DEBUG com.rometools.modules.sle.io.ModuleParserTest - null
[INFO] Tests run: 1, Failures: 0, Errors: 0, Skipped: 0, Time elapsed: 0.123 s - in com.rometools.modules.sle.io.ModuleParserTest
[INFO] Running com.rometools.modules.sse.SSEParserTest
[INFO] Tests run: 1, Failures: 0, Errors: 0, Skipped: 0, Time elapsed: 0.001 s - in com.rometools.modules.sse.SSEParserTest
[INFO] Running com.rometools.modules.thr.io.ThreadingModuleTest
[INFO] Tests run: 3, Failures: 0, Errors: 0, Skipped: 0, Time elapsed: 0.001 s - in com.rometools.modules.thr.io.ThreadingModuleTest
[INFO] Running com.rometools.modules.yahooweather.io.WeatherGeneratorTest
23:44:27.949 [main] DEBUG com.rometools.modules.yahooweather.io.WeatherGeneratorTest - testGenerate
23:44:27.951 [main] DEBUG com.rometools.modules.yahooweather.io.WeatherGeneratorTest - processingC:\Users\67171876\git\rome\rome-modules\target\test-classes\xml\at.xml
23:44:27.959 [main] WARN  com.rometools.modules.itunes.io.ITunesParser - Malformed URL Exception reading itunes:image tag: 
23:44:28.004 [main] WARN  com.rometools.modules.itunes.io.ITunesParser - Malformed URL Exception reading itunes:image tag: 
23:44:28.005 [main] WARN  com.rometools.modules.itunes.io.ITunesParser - Malformed URL Exception reading itunes:image tag: 
23:44:28.008 [main] WARN  com.rometools.modules.itunes.io.ITunesParser - Failed to parse duration: 
23:44:28.011 [main] WARN  com.rometools.modules.itunes.io.ITunesParser - Failed to parse duration: 
23:44:28.013 [main] WARN  com.rometools.modules.itunes.io.ITunesParser - Failed to parse duration: 
23:44:28.045 [main] DEBUG com.rometools.modules.yahooweather.io.WeatherGeneratorTest - processingC:\Users\67171876\git\rome\rome-modules\target\test-classes\xml\courses-atom.xml
23:44:28.056 [main] DEBUG com.rometools.modules.base.io.GoogleBaseParser - Property: format doesn't have a tag mapping.
23:44:28.056 [main] DEBUG com.rometools.modules.base.io.GoogleBaseParser - Property: expirationDateTime doesn't have a tag mapping.
23:44:28.056 [main] DEBUG com.rometools.modules.base.io.GoogleBaseParser - Property: interface doesn't have a tag mapping.
23:44:28.056 [main] DEBUG com.rometools.modules.base.io.GoogleBaseParser - Property: uri doesn't have a tag mapping.
23:44:28.056 [main] DEBUG com.rometools.modules.base.io.GoogleBaseParser - Property: licenses doesn't have a tag mapping.
23:44:28.060 [main] DEBUG com.rometools.modules.base.io.GoogleBaseParser - Property: format doesn't have a tag mapping.
23:44:28.060 [main] DEBUG com.rometools.modules.base.io.GoogleBaseParser - Property: expirationDateTime doesn't have a tag mapping.
23:44:28.060 [main] DEBUG com.rometools.modules.base.io.GoogleBaseParser - Property: interface doesn't have a tag mapping.
23:44:28.060 [main] DEBUG com.rometools.modules.base.io.GoogleBaseParser - Property: uri doesn't have a tag mapping.
23:44:28.060 [main] DEBUG com.rometools.modules.base.io.GoogleBaseParser - Property: licenses doesn't have a tag mapping.
23:44:28.082 [main] DEBUG com.rometools.modules.base.io.GoogleBaseParser - Property: format doesn't have a tag mapping.
23:44:28.082 [main] DEBUG com.rometools.modules.base.io.GoogleBaseParser - Property: expirationDateTime doesn't have a tag mapping.
23:44:28.082 [main] DEBUG com.rometools.modules.base.io.GoogleBaseParser - Property: interface doesn't have a tag mapping.
23:44:28.083 [main] DEBUG com.rometools.modules.base.io.GoogleBaseParser - Property: uri doesn't have a tag mapping.
23:44:28.083 [main] DEBUG com.rometools.modules.base.io.GoogleBaseParser - Property: licenses doesn't have a tag mapping.
23:44:28.086 [main] DEBUG com.rometools.modules.base.io.GoogleBaseParser - Property: format doesn't have a tag mapping.
23:44:28.086 [main] DEBUG com.rometools.modules.base.io.GoogleBaseParser - Property: expirationDateTime doesn't have a tag mapping.
23:44:28.086 [main] DEBUG com.rometools.modules.base.io.GoogleBaseParser - Property: interface doesn't have a tag mapping.
23:44:28.086 [main] DEBUG com.rometools.modules.base.io.GoogleBaseParser - Property: uri doesn't have a tag mapping.
23:44:28.086 [main] DEBUG com.rometools.modules.base.io.GoogleBaseParser - Property: licenses doesn't have a tag mapping.
23:44:28.087 [main] DEBUG com.rometools.modules.yahooweather.io.WeatherGeneratorTest - processingC:\Users\67171876\git\rome\rome-modules\target\test-classes\xml\courses2.xml
23:44:28.100 [main] DEBUG com.rometools.modules.base.io.GoogleBaseParser - Property: format doesn't have a tag mapping.
23:44:28.100 [main] DEBUG com.rometools.modules.base.io.GoogleBaseParser - Property: expirationDateTime doesn't have a tag mapping.
23:44:28.100 [main] DEBUG com.rometools.modules.base.io.GoogleBaseParser - Property: interface doesn't have a tag mapping.
23:44:28.100 [main] DEBUG com.rometools.modules.base.io.GoogleBaseParser - Property: uri doesn't have a tag mapping.
23:44:28.101 [main] DEBUG com.rometools.modules.base.io.GoogleBaseParser - Property: licenses doesn't have a tag mapping.
23:44:28.101 [main] DEBUG com.rometools.modules.base.io.GoogleBaseParser - Property: format doesn't have a tag mapping.
23:44:28.101 [main] DEBUG com.rometools.modules.base.io.GoogleBaseParser - Property: expirationDateTime doesn't have a tag mapping.
23:44:28.101 [main] DEBUG com.rometools.modules.base.io.GoogleBaseParser - Property: interface doesn't have a tag mapping.
23:44:28.101 [main] DEBUG com.rometools.modules.base.io.GoogleBaseParser - Property: uri doesn't have a tag mapping.
23:44:28.101 [main] DEBUG com.rometools.modules.base.io.GoogleBaseParser - Property: licenses doesn't have a tag mapping.
23:44:28.158 [main] DEBUG com.rometools.modules.base.io.GoogleBaseParser - Property: format doesn't have a tag mapping.
23:44:28.158 [main] DEBUG com.rometools.modules.base.io.GoogleBaseParser - Property: expirationDateTime doesn't have a tag mapping.
23:44:28.158 [main] DEBUG com.rometools.modules.base.io.GoogleBaseParser - Property: interface doesn't have a tag mapping.
23:44:28.158 [main] DEBUG com.rometools.modules.base.io.GoogleBaseParser - Property: uri doesn't have a tag mapping.
23:44:28.158 [main] DEBUG com.rometools.modules.base.io.GoogleBaseParser - Property: licenses doesn't have a tag mapping.
23:44:28.159 [main] DEBUG com.rometools.modules.base.io.GoogleBaseParser - Property: format doesn't have a tag mapping.
23:44:28.159 [main] DEBUG com.rometools.modules.base.io.GoogleBaseParser - Property: expirationDateTime doesn't have a tag mapping.
23:44:28.159 [main] DEBUG com.rometools.modules.base.io.GoogleBaseParser - Property: interface doesn't have a tag mapping.
23:44:28.159 [main] DEBUG com.rometools.modules.base.io.GoogleBaseParser - Property: uri doesn't have a tag mapping.
23:44:28.159 [main] DEBUG com.rometools.modules.base.io.GoogleBaseParser - Property: licenses doesn't have a tag mapping.
23:44:28.160 [main] DEBUG com.rometools.modules.yahooweather.io.WeatherGeneratorTest - processingC:\Users\67171876\git\rome\rome-modules\target\test-classes\xml\custom-tags-example.xml
23:44:28.167 [main] DEBUG com.rometools.modules.base.io.GoogleBaseParser - Property: format doesn't have a tag mapping.
23:44:28.167 [main] DEBUG com.rometools.modules.base.io.GoogleBaseParser - Property: expirationDateTime doesn't have a tag mapping.
23:44:28.167 [main] DEBUG com.rometools.modules.base.io.GoogleBaseParser - Property: interface doesn't have a tag mapping.
23:44:28.167 [main] DEBUG com.rometools.modules.base.io.GoogleBaseParser - Property: uri doesn't have a tag mapping.
23:44:28.167 [main] DEBUG com.rometools.modules.base.io.GoogleBaseParser - Property: licenses doesn't have a tag mapping.
23:44:28.179 [main] DEBUG com.rometools.modules.base.io.GoogleBaseParser - Property: format doesn't have a tag mapping.
23:44:28.179 [main] DEBUG com.rometools.modules.base.io.GoogleBaseParser - Property: expirationDateTime doesn't have a tag mapping.
23:44:28.179 [main] DEBUG com.rometools.modules.base.io.GoogleBaseParser - Property: interface doesn't have a tag mapping.
23:44:28.180 [main] DEBUG com.rometools.modules.base.io.GoogleBaseParser - Property: uri doesn't have a tag mapping.
23:44:28.180 [main] DEBUG com.rometools.modules.base.io.GoogleBaseParser - Property: licenses doesn't have a tag mapping.
23:44:28.181 [main] DEBUG com.rometools.modules.yahooweather.io.WeatherGeneratorTest - processingC:\Users\67171876\git\rome\rome-modules\target\test-classes\xml\events-atom.xml
23:44:28.188 [main] DEBUG com.rometools.modules.base.io.GoogleBaseParser - Property: format doesn't have a tag mapping.
23:44:28.188 [main] DEBUG com.rometools.modules.base.io.GoogleBaseParser - Property: expirationDateTime doesn't have a tag mapping.
23:44:28.188 [main] DEBUG com.rometools.modules.base.io.GoogleBaseParser - Property: interface doesn't have a tag mapping.
23:44:28.188 [main] DEBUG com.rometools.modules.base.io.GoogleBaseParser - Property: uri doesn't have a tag mapping.
23:44:28.188 [main] DEBUG com.rometools.modules.base.io.GoogleBaseParser - Property: licenses doesn't have a tag mapping.
23:44:28.192 [main] DEBUG com.rometools.modules.base.io.GoogleBaseParser - Property: format doesn't have a tag mapping.
23:44:28.192 [main] DEBUG com.rometools.modules.base.io.GoogleBaseParser - Property: expirationDateTime doesn't have a tag mapping.
23:44:28.192 [main] DEBUG com.rometools.modules.base.io.GoogleBaseParser - Property: interface doesn't have a tag mapping.
23:44:28.192 [main] DEBUG com.rometools.modules.base.io.GoogleBaseParser - Property: uri doesn't have a tag mapping.
23:44:28.192 [main] DEBUG com.rometools.modules.base.io.GoogleBaseParser - Property: licenses doesn't have a tag mapping.
23:44:28.225 [main] DEBUG com.rometools.modules.base.io.GoogleBaseParser - Property: format doesn't have a tag mapping.
23:44:28.225 [main] DEBUG com.rometools.modules.base.io.GoogleBaseParser - Property: expirationDateTime doesn't have a tag mapping.
23:44:28.225 [main] DEBUG com.rometools.modules.base.io.GoogleBaseParser - Property: interface doesn't have a tag mapping.
23:44:28.226 [main] DEBUG com.rometools.modules.base.io.GoogleBaseParser - Property: uri doesn't have a tag mapping.
23:44:28.226 [main] DEBUG com.rometools.modules.base.io.GoogleBaseParser - Property: licenses doesn't have a tag mapping.
23:44:28.229 [main] DEBUG com.rometools.modules.base.io.GoogleBaseParser - Property: format doesn't have a tag mapping.
23:44:28.229 [main] DEBUG com.rometools.modules.base.io.GoogleBaseParser - Property: expirationDateTime doesn't have a tag mapping.
23:44:28.229 [main] DEBUG com.rometools.modules.base.io.GoogleBaseParser - Property: interface doesn't have a tag mapping.
23:44:28.229 [main] DEBUG com.rometools.modules.base.io.GoogleBaseParser - Property: uri doesn't have a tag mapping.
23:44:28.229 [main] DEBUG com.rometools.modules.base.io.GoogleBaseParser - Property: licenses doesn't have a tag mapping.
23:44:28.230 [main] DEBUG com.rometools.modules.yahooweather.io.WeatherGeneratorTest - processingC:\Users\67171876\git\rome\rome-modules\target\test-classes\xml\events2.xml
23:44:28.233 [main] DEBUG com.rometools.modules.base.io.GoogleBaseParser - Property: format doesn't have a tag mapping.
23:44:28.233 [main] DEBUG com.rometools.modules.base.io.GoogleBaseParser - Property: expirationDateTime doesn't have a tag mapping.
23:44:28.233 [main] DEBUG com.rometools.modules.base.io.GoogleBaseParser - Property: interface doesn't have a tag mapping.
23:44:28.233 [main] DEBUG com.rometools.modules.base.io.GoogleBaseParser - Property: uri doesn't have a tag mapping.
23:44:28.233 [main] DEBUG com.rometools.modules.base.io.GoogleBaseParser - Property: licenses doesn't have a tag mapping.
23:44:28.234 [main] DEBUG com.rometools.modules.base.io.GoogleBaseParser - Property: format doesn't have a tag mapping.
23:44:28.234 [main] DEBUG com.rometools.modules.base.io.GoogleBaseParser - Property: expirationDateTime doesn't have a tag mapping.
23:44:28.234 [main] DEBUG com.rometools.modules.base.io.GoogleBaseParser - Property: interface doesn't have a tag mapping.
23:44:28.234 [main] DEBUG com.rometools.modules.base.io.GoogleBaseParser - Property: uri doesn't have a tag mapping.
23:44:28.234 [main] DEBUG com.rometools.modules.base.io.GoogleBaseParser - Property: licenses doesn't have a tag mapping.
23:44:28.259 [main] DEBUG com.rometools.modules.base.io.GoogleBaseParser - Property: format doesn't have a tag mapping.
23:44:28.260 [main] DEBUG com.rometools.modules.base.io.GoogleBaseParser - Property: expirationDateTime doesn't have a tag mapping.
23:44:28.270 [main] DEBUG com.rometools.modules.base.io.GoogleBaseParser - Property: interface doesn't have a tag mapping.
23:44:28.270 [main] DEBUG com.rometools.modules.base.io.GoogleBaseParser - Property: uri doesn't have a tag mapping.
23:44:28.270 [main] DEBUG com.rometools.modules.base.io.GoogleBaseParser - Property: licenses doesn't have a tag mapping.
23:44:28.271 [main] DEBUG com.rometools.modules.base.io.GoogleBaseParser - Property: format doesn't have a tag mapping.
23:44:28.271 [main] DEBUG com.rometools.modules.base.io.GoogleBaseParser - Property: expirationDateTime doesn't have a tag mapping.
23:44:28.271 [main] DEBUG com.rometools.modules.base.io.GoogleBaseParser - Property: interface doesn't have a tag mapping.
23:44:28.271 [main] DEBUG com.rometools.modules.base.io.GoogleBaseParser - Property: uri doesn't have a tag mapping.
23:44:28.271 [main] DEBUG com.rometools.modules.base.io.GoogleBaseParser - Property: licenses doesn't have a tag mapping.
23:44:28.272 [main] DEBUG com.rometools.modules.yahooweather.io.WeatherGeneratorTest - processingC:\Users\67171876\git\rome\rome-modules\target\test-classes\xml\housing-atom.xml
23:44:28.280 [main] DEBUG com.rometools.modules.base.io.GoogleBaseParser - Property: format doesn't have a tag mapping.
23:44:28.280 [main] DEBUG com.rometools.modules.base.io.GoogleBaseParser - Property: expirationDateTime doesn't have a tag mapping.
23:44:28.280 [main] DEBUG com.rometools.modules.base.io.GoogleBaseParser - Property: interface doesn't have a tag mapping.
23:44:28.280 [main] DEBUG com.rometools.modules.base.io.GoogleBaseParser - Property: uri doesn't have a tag mapping.
23:44:28.280 [main] DEBUG com.rometools.modules.base.io.GoogleBaseParser - Property: licenses doesn't have a tag mapping.
23:44:28.284 [main] DEBUG com.rometools.modules.base.io.GoogleBaseParser - Property: format doesn't have a tag mapping.
23:44:28.284 [main] DEBUG com.rometools.modules.base.io.GoogleBaseParser - Property: expirationDateTime doesn't have a tag mapping.
23:44:28.284 [main] DEBUG com.rometools.modules.base.io.GoogleBaseParser - Property: interface doesn't have a tag mapping.
23:44:28.284 [main] DEBUG com.rometools.modules.base.io.GoogleBaseParser - Property: uri doesn't have a tag mapping.
23:44:28.285 [main] DEBUG com.rometools.modules.base.io.GoogleBaseParser - Property: licenses doesn't have a tag mapping.
23:44:28.298 [main] DEBUG com.rometools.modules.base.io.GoogleBaseParser - Property: format doesn't have a tag mapping.
23:44:28.298 [main] DEBUG com.rometools.modules.base.io.GoogleBaseParser - Property: expirationDateTime doesn't have a tag mapping.
23:44:28.298 [main] DEBUG com.rometools.modules.base.io.GoogleBaseParser - Property: interface doesn't have a tag mapping.
23:44:28.298 [main] DEBUG com.rometools.modules.base.io.GoogleBaseParser - Property: uri doesn't have a tag mapping.
23:44:28.298 [main] DEBUG com.rometools.modules.base.io.GoogleBaseParser - Property: licenses doesn't have a tag mapping.
23:44:28.300 [main] DEBUG com.rometools.modules.base.io.GoogleBaseParser - Property: format doesn't have a tag mapping.
23:44:28.300 [main] DEBUG com.rometools.modules.base.io.GoogleBaseParser - Property: expirationDateTime doesn't have a tag mapping.
23:44:28.300 [main] DEBUG com.rometools.modules.base.io.GoogleBaseParser - Property: interface doesn't have a tag mapping.
23:44:28.300 [main] DEBUG com.rometools.modules.base.io.GoogleBaseParser - Property: uri doesn't have a tag mapping.
23:44:28.300 [main] DEBUG com.rometools.modules.base.io.GoogleBaseParser - Property: licenses doesn't have a tag mapping.
23:44:28.302 [main] DEBUG com.rometools.modules.yahooweather.io.WeatherGeneratorTest - processingC:\Users\67171876\git\rome\rome-modules\target\test-classes\xml\housing2.xml
23:44:28.304 [main] DEBUG com.rometools.modules.base.io.GoogleBaseParser - Property: format doesn't have a tag mapping.
23:44:28.304 [main] DEBUG com.rometools.modules.base.io.GoogleBaseParser - Property: expirationDateTime doesn't have a tag mapping.
23:44:28.304 [main] DEBUG com.rometools.modules.base.io.GoogleBaseParser - Property: interface doesn't have a tag mapping.
23:44:28.304 [main] DEBUG com.rometools.modules.base.io.GoogleBaseParser - Property: uri doesn't have a tag mapping.
23:44:28.304 [main] DEBUG com.rometools.modules.base.io.GoogleBaseParser - Property: licenses doesn't have a tag mapping.
23:44:28.305 [main] DEBUG com.rometools.modules.base.io.GoogleBaseParser - Property: format doesn't have a tag mapping.
23:44:28.305 [main] DEBUG com.rometools.modules.base.io.GoogleBaseParser - Property: expirationDateTime doesn't have a tag mapping.
23:44:28.305 [main] DEBUG com.rometools.modules.base.io.GoogleBaseParser - Property: interface doesn't have a tag mapping.
23:44:28.305 [main] DEBUG com.rometools.modules.base.io.GoogleBaseParser - Property: uri doesn't have a tag mapping.
23:44:28.305 [main] DEBUG com.rometools.modules.base.io.GoogleBaseParser - Property: licenses doesn't have a tag mapping.
23:44:28.313 [main] DEBUG com.rometools.modules.base.io.GoogleBaseParser - Property: format doesn't have a tag mapping.
23:44:28.313 [main] DEBUG com.rometools.modules.base.io.GoogleBaseParser - Property: expirationDateTime doesn't have a tag mapping.
23:44:28.313 [main] DEBUG com.rometools.modules.base.io.GoogleBaseParser - Property: interface doesn't have a tag mapping.
23:44:28.313 [main] DEBUG com.rometools.modules.base.io.GoogleBaseParser - Property: uri doesn't have a tag mapping.
23:44:28.313 [main] DEBUG com.rometools.modules.base.io.GoogleBaseParser - Property: licenses doesn't have a tag mapping.
23:44:28.314 [main] DEBUG com.rometools.modules.base.io.GoogleBaseParser - Property: format doesn't have a tag mapping.
23:44:28.314 [main] DEBUG com.rometools.modules.base.io.GoogleBaseParser - Property: expirationDateTime doesn't have a tag mapping.
23:44:28.314 [main] DEBUG com.rometools.modules.base.io.GoogleBaseParser - Property: interface doesn't have a tag mapping.
23:44:28.314 [main] DEBUG com.rometools.modules.base.io.GoogleBaseParser - Property: uri doesn't have a tag mapping.
23:44:28.314 [main] DEBUG com.rometools.modules.base.io.GoogleBaseParser - Property: licenses doesn't have a tag mapping.
23:44:28.315 [main] DEBUG com.rometools.modules.yahooweather.io.WeatherGeneratorTest - processingC:\Users\67171876\git\rome\rome-modules\target\test-classes\xml\jobs-atom.xml
23:44:28.322 [main] DEBUG com.rometools.modules.base.io.GoogleBaseParser - Property: format doesn't have a tag mapping.
23:44:28.322 [main] DEBUG com.rometools.modules.base.io.GoogleBaseParser - Property: expirationDateTime doesn't have a tag mapping.
23:44:28.322 [main] DEBUG com.rometools.modules.base.io.GoogleBaseParser - Property: interface doesn't have a tag mapping.
23:44:28.322 [main] DEBUG com.rometools.modules.base.io.GoogleBaseParser - Property: uri doesn't have a tag mapping.
23:44:28.322 [main] DEBUG com.rometools.modules.base.io.GoogleBaseParser - Property: licenses doesn't have a tag mapping.
23:44:28.324 [main] DEBUG com.rometools.modules.base.io.GoogleBaseParser - Property: format doesn't have a tag mapping.
23:44:28.324 [main] DEBUG com.rometools.modules.base.io.GoogleBaseParser - Property: expirationDateTime doesn't have a tag mapping.
23:44:28.324 [main] DEBUG com.rometools.modules.base.io.GoogleBaseParser - Property: interface doesn't have a tag mapping.
23:44:28.324 [main] DEBUG com.rometools.modules.base.io.GoogleBaseParser - Property: uri doesn't have a tag mapping.
23:44:28.324 [main] DEBUG com.rometools.modules.base.io.GoogleBaseParser - Property: licenses doesn't have a tag mapping.
23:44:28.379 [main] DEBUG com.rometools.modules.base.io.GoogleBaseParser - Property: format doesn't have a tag mapping.
23:44:28.379 [main] DEBUG com.rometools.modules.base.io.GoogleBaseParser - Property: expirationDateTime doesn't have a tag mapping.
23:44:28.379 [main] DEBUG com.rometools.modules.base.io.GoogleBaseParser - Property: interface doesn't have a tag mapping.
23:44:28.379 [main] DEBUG com.rometools.modules.base.io.GoogleBaseParser - Property: uri doesn't have a tag mapping.
23:44:28.379 [main] DEBUG com.rometools.modules.base.io.GoogleBaseParser - Property: licenses doesn't have a tag mapping.
23:44:28.413 [main] DEBUG com.rometools.modules.base.io.GoogleBaseParser - Property: format doesn't have a tag mapping.
23:44:28.413 [main] DEBUG com.rometools.modules.base.io.GoogleBaseParser - Property: expirationDateTime doesn't have a tag mapping.
23:44:28.414 [main] DEBUG com.rometools.modules.base.io.GoogleBaseParser - Property: interface doesn't have a tag mapping.
23:44:28.414 [main] DEBUG com.rometools.modules.base.io.GoogleBaseParser - Property: uri doesn't have a tag mapping.
23:44:28.414 [main] DEBUG com.rometools.modules.base.io.GoogleBaseParser - Property: licenses doesn't have a tag mapping.
23:44:28.415 [main] DEBUG com.rometools.modules.yahooweather.io.WeatherGeneratorTest - processingC:\Users\67171876\git\rome\rome-modules\target\test-classes\xml\jobs2.xml
23:44:28.418 [main] DEBUG com.rometools.modules.base.io.GoogleBaseParser - Property: format doesn't have a tag mapping.
23:44:28.419 [main] DEBUG com.rometools.modules.base.io.GoogleBaseParser - Property: expirationDateTime doesn't have a tag mapping.
23:44:28.419 [main] DEBUG com.rometools.modules.base.io.GoogleBaseParser - Property: interface doesn't have a tag mapping.
23:44:28.419 [main] DEBUG com.rometools.modules.base.io.GoogleBaseParser - Property: uri doesn't have a tag mapping.
23:44:28.419 [main] DEBUG com.rometools.modules.base.io.GoogleBaseParser - Property: licenses doesn't have a tag mapping.
23:44:28.419 [main] DEBUG com.rometools.modules.base.io.GoogleBaseParser - Property: format doesn't have a tag mapping.
23:44:28.419 [main] DEBUG com.rometools.modules.base.io.GoogleBaseParser - Property: expirationDateTime doesn't have a tag mapping.
23:44:28.419 [main] DEBUG com.rometools.modules.base.io.GoogleBaseParser - Property: interface doesn't have a tag mapping.
23:44:28.419 [main] DEBUG com.rometools.modules.base.io.GoogleBaseParser - Property: uri doesn't have a tag mapping.
23:44:28.419 [main] DEBUG com.rometools.modules.base.io.GoogleBaseParser - Property: licenses doesn't have a tag mapping.
23:44:28.426 [main] DEBUG com.rometools.modules.base.io.GoogleBaseParser - Property: format doesn't have a tag mapping.
23:44:28.427 [main] DEBUG com.rometools.modules.base.io.GoogleBaseParser - Property: expirationDateTime doesn't have a tag mapping.
23:44:28.427 [main] DEBUG com.rometools.modules.base.io.GoogleBaseParser - Property: interface doesn't have a tag mapping.
23:44:28.427 [main] DEBUG com.rometools.modules.base.io.GoogleBaseParser - Property: uri doesn't have a tag mapping.
23:44:28.427 [main] DEBUG com.rometools.modules.base.io.GoogleBaseParser - Property: licenses doesn't have a tag mapping.
23:44:28.427 [main] DEBUG com.rometools.modules.base.io.GoogleBaseParser - Property: format doesn't have a tag mapping.
23:44:28.428 [main] DEBUG com.rometools.modules.base.io.GoogleBaseParser - Property: expirationDateTime doesn't have a tag mapping.
23:44:28.428 [main] DEBUG com.rometools.modules.base.io.GoogleBaseParser - Property: interface doesn't have a tag mapping.
23:44:28.428 [main] DEBUG com.rometools.modules.base.io.GoogleBaseParser - Property: uri doesn't have a tag mapping.
23:44:28.428 [main] DEBUG com.rometools.modules.base.io.GoogleBaseParser - Property: licenses doesn't have a tag mapping.
23:44:28.428 [main] DEBUG com.rometools.modules.yahooweather.io.WeatherGeneratorTest - processingC:\Users\67171876\git\rome\rome-modules\target\test-classes\xml\leshow.xml
23:44:28.464 [main] DEBUG com.rometools.modules.yahooweather.io.WeatherGeneratorTest - processingC:\Users\67171876\git\rome\rome-modules\target\test-classes\xml\lr.xml
23:44:28.493 [main] WARN  com.rometools.modules.itunes.io.ITunesParser - Malformed URL Exception reading itunes:image tag: 
23:44:28.518 [main] WARN  com.rometools.modules.itunes.io.ITunesParser - Malformed URL Exception reading itunes:image tag: 
23:44:28.519 [main] WARN  com.rometools.modules.itunes.io.ITunesParser - Malformed URL Exception reading itunes:image tag: 
23:44:28.520 [main] WARN  com.rometools.modules.itunes.io.ITunesParser - Failed to parse duration: 
23:44:28.521 [main] WARN  com.rometools.modules.itunes.io.ITunesParser - Failed to parse duration: 
23:44:28.522 [main] WARN  com.rometools.modules.itunes.io.ITunesParser - Failed to parse duration: 
23:44:28.523 [main] WARN  com.rometools.modules.itunes.io.ITunesParser - Failed to parse duration: 
23:44:28.551 [main] WARN  com.rometools.modules.itunes.io.ITunesParser - Failed to parse duration: 
23:44:28.552 [main] WARN  com.rometools.modules.itunes.io.ITunesParser - Failed to parse duration: 
23:44:28.554 [main] WARN  com.rometools.modules.itunes.io.ITunesParser - Failed to parse duration: 
23:44:28.556 [main] WARN  com.rometools.modules.itunes.io.ITunesParser - Failed to parse duration: 
23:44:28.559 [main] DEBUG com.rometools.modules.yahooweather.io.WeatherGeneratorTest - processingC:\Users\67171876\git\rome\rome-modules\target\test-classes\xml\news-atom.xml
23:44:28.572 [main] DEBUG com.rometools.modules.base.io.GoogleBaseParser - Property: format doesn't have a tag mapping.
23:44:28.572 [main] DEBUG com.rometools.modules.base.io.GoogleBaseParser - Property: expirationDateTime doesn't have a tag mapping.
23:44:28.572 [main] DEBUG com.rometools.modules.base.io.GoogleBaseParser - Property: interface doesn't have a tag mapping.
23:44:28.572 [main] DEBUG com.rometools.modules.base.io.GoogleBaseParser - Property: uri doesn't have a tag mapping.
23:44:28.572 [main] DEBUG com.rometools.modules.base.io.GoogleBaseParser - Property: licenses doesn't have a tag mapping.
23:44:28.584 [main] DEBUG com.rometools.modules.base.io.GoogleBaseParser - Property: format doesn't have a tag mapping.
23:44:28.584 [main] DEBUG com.rometools.modules.base.io.GoogleBaseParser - Property: expirationDateTime doesn't have a tag mapping.
23:44:28.584 [main] DEBUG com.rometools.modules.base.io.GoogleBaseParser - Property: interface doesn't have a tag mapping.
23:44:28.584 [main] DEBUG com.rometools.modules.base.io.GoogleBaseParser - Property: uri doesn't have a tag mapping.
23:44:28.584 [main] DEBUG com.rometools.modules.base.io.GoogleBaseParser - Property: licenses doesn't have a tag mapping.
23:44:28.601 [main] DEBUG com.rometools.modules.base.io.GoogleBaseParser - Property: format doesn't have a tag mapping.
23:44:28.601 [main] DEBUG com.rometools.modules.base.io.GoogleBaseParser - Property: expirationDateTime doesn't have a tag mapping.
23:44:28.601 [main] DEBUG com.rometools.modules.base.io.GoogleBaseParser - Property: interface doesn't have a tag mapping.
23:44:28.601 [main] DEBUG com.rometools.modules.base.io.GoogleBaseParser - Property: uri doesn't have a tag mapping.
23:44:28.601 [main] DEBUG com.rometools.modules.base.io.GoogleBaseParser - Property: licenses doesn't have a tag mapping.
23:44:28.602 [main] DEBUG com.rometools.modules.base.io.GoogleBaseParser - Property: format doesn't have a tag mapping.
23:44:28.602 [main] DEBUG com.rometools.modules.base.io.GoogleBaseParser - Property: expirationDateTime doesn't have a tag mapping.
23:44:28.602 [main] DEBUG com.rometools.modules.base.io.GoogleBaseParser - Property: interface doesn't have a tag mapping.
23:44:28.602 [main] DEBUG com.rometools.modules.base.io.GoogleBaseParser - Property: uri doesn't have a tag mapping.
23:44:28.602 [main] DEBUG com.rometools.modules.base.io.GoogleBaseParser - Property: licenses doesn't have a tag mapping.
23:44:28.603 [main] DEBUG com.rometools.modules.yahooweather.io.WeatherGeneratorTest - processingC:\Users\67171876\git\rome\rome-modules\target\test-classes\xml\news2.xml
23:44:28.605 [main] DEBUG com.rometools.modules.base.io.GoogleBaseParser - Property: format doesn't have a tag mapping.
23:44:28.605 [main] DEBUG com.rometools.modules.base.io.GoogleBaseParser - Property: expirationDateTime doesn't have a tag mapping.
23:44:28.605 [main] DEBUG com.rometools.modules.base.io.GoogleBaseParser - Property: interface doesn't have a tag mapping.
23:44:28.605 [main] DEBUG com.rometools.modules.base.io.GoogleBaseParser - Property: uri doesn't have a tag mapping.
23:44:28.605 [main] DEBUG com.rometools.modules.base.io.GoogleBaseParser - Property: licenses doesn't have a tag mapping.
23:44:28.606 [main] DEBUG com.rometools.modules.base.io.GoogleBaseParser - Property: format doesn't have a tag mapping.
23:44:28.606 [main] DEBUG com.rometools.modules.base.io.GoogleBaseParser - Property: expirationDateTime doesn't have a tag mapping.
23:44:28.606 [main] DEBUG com.rometools.modules.base.io.GoogleBaseParser - Property: interface doesn't have a tag mapping.
23:44:28.606 [main] DEBUG com.rometools.modules.base.io.GoogleBaseParser - Property: uri doesn't have a tag mapping.
23:44:28.606 [main] DEBUG com.rometools.modules.base.io.GoogleBaseParser - Property: licenses doesn't have a tag mapping.
23:44:28.612 [main] DEBUG com.rometools.modules.base.io.GoogleBaseParser - Property: format doesn't have a tag mapping.
23:44:28.613 [main] DEBUG com.rometools.modules.base.io.GoogleBaseParser - Property: expirationDateTime doesn't have a tag mapping.
23:44:28.613 [main] DEBUG com.rometools.modules.base.io.GoogleBaseParser - Property: interface doesn't have a tag mapping.
23:44:28.613 [main] DEBUG com.rometools.modules.base.io.GoogleBaseParser - Property: uri doesn't have a tag mapping.
23:44:28.613 [main] DEBUG com.rometools.modules.base.io.GoogleBaseParser - Property: licenses doesn't have a tag mapping.
23:44:28.613 [main] DEBUG com.rometools.modules.base.io.GoogleBaseParser - Property: format doesn't have a tag mapping.
23:44:28.613 [main] DEBUG com.rometools.modules.base.io.GoogleBaseParser - Property: expirationDateTime doesn't have a tag mapping.
23:44:28.613 [main] DEBUG com.rometools.modules.base.io.GoogleBaseParser - Property: interface doesn't have a tag mapping.
23:44:28.614 [main] DEBUG com.rometools.modules.base.io.GoogleBaseParser - Property: uri doesn't have a tag mapping.
23:44:28.614 [main] DEBUG com.rometools.modules.base.io.GoogleBaseParser - Property: licenses doesn't have a tag mapping.
23:44:28.615 [main] DEBUG com.rometools.modules.yahooweather.io.WeatherGeneratorTest - processingC:\Users\67171876\git\rome\rome-modules\target\test-classes\xml\personals-atom.xml
23:44:28.622 [main] DEBUG com.rometools.modules.base.io.GoogleBaseParser - Property: format doesn't have a tag mapping.
23:44:28.622 [main] DEBUG com.rometools.modules.base.io.GoogleBaseParser - Property: expirationDateTime doesn't have a tag mapping.
23:44:28.622 [main] DEBUG com.rometools.modules.base.io.GoogleBaseParser - Property: interface doesn't have a tag mapping.
23:44:28.622 [main] DEBUG com.rometools.modules.base.io.GoogleBaseParser - Property: uri doesn't have a tag mapping.
23:44:28.622 [main] DEBUG com.rometools.modules.base.io.GoogleBaseParser - Property: licenses doesn't have a tag mapping.
23:44:28.674 [main] DEBUG com.rometools.modules.base.io.GoogleBaseParser - Property: format doesn't have a tag mapping.
23:44:28.674 [main] DEBUG com.rometools.modules.base.io.GoogleBaseParser - Property: expirationDateTime doesn't have a tag mapping.
23:44:28.674 [main] DEBUG com.rometools.modules.base.io.GoogleBaseParser - Property: interface doesn't have a tag mapping.
23:44:28.674 [main] DEBUG com.rometools.modules.base.io.GoogleBaseParser - Property: uri doesn't have a tag mapping.
23:44:28.674 [main] DEBUG com.rometools.modules.base.io.GoogleBaseParser - Property: licenses doesn't have a tag mapping.
23:44:28.708 [main] DEBUG com.rometools.modules.base.io.GoogleBaseParser - Property: format doesn't have a tag mapping.
23:44:28.708 [main] DEBUG com.rometools.modules.base.io.GoogleBaseParser - Property: expirationDateTime doesn't have a tag mapping.
23:44:28.708 [main] DEBUG com.rometools.modules.base.io.GoogleBaseParser - Property: interface doesn't have a tag mapping.
23:44:28.708 [main] DEBUG com.rometools.modules.base.io.GoogleBaseParser - Property: uri doesn't have a tag mapping.
23:44:28.708 [main] DEBUG com.rometools.modules.base.io.GoogleBaseParser - Property: licenses doesn't have a tag mapping.
23:44:28.756 [main] DEBUG com.rometools.modules.base.io.GoogleBaseParser - Property: format doesn't have a tag mapping.
23:44:28.757 [main] DEBUG com.rometools.modules.base.io.GoogleBaseParser - Property: expirationDateTime doesn't have a tag mapping.
23:44:28.757 [main] DEBUG com.rometools.modules.base.io.GoogleBaseParser - Property: interface doesn't have a tag mapping.
23:44:28.757 [main] DEBUG com.rometools.modules.base.io.GoogleBaseParser - Property: uri doesn't have a tag mapping.
23:44:28.757 [main] DEBUG com.rometools.modules.base.io.GoogleBaseParser - Property: licenses doesn't have a tag mapping.
23:44:28.757 [main] DEBUG com.rometools.modules.yahooweather.io.WeatherGeneratorTest - processingC:\Users\67171876\git\rome\rome-modules\target\test-classes\xml\personals2.xml
23:44:28.760 [main] DEBUG com.rometools.modules.base.io.GoogleBaseParser - Property: format doesn't have a tag mapping.
23:44:28.760 [main] DEBUG com.rometools.modules.base.io.GoogleBaseParser - Property: expirationDateTime doesn't have a tag mapping.
23:44:28.760 [main] DEBUG com.rometools.modules.base.io.GoogleBaseParser - Property: interface doesn't have a tag mapping.
23:44:28.760 [main] DEBUG com.rometools.modules.base.io.GoogleBaseParser - Property: uri doesn't have a tag mapping.
23:44:28.760 [main] DEBUG com.rometools.modules.base.io.GoogleBaseParser - Property: licenses doesn't have a tag mapping.
23:44:28.761 [main] DEBUG com.rometools.modules.base.io.GoogleBaseParser - Property: format doesn't have a tag mapping.
23:44:28.761 [main] DEBUG com.rometools.modules.base.io.GoogleBaseParser - Property: expirationDateTime doesn't have a tag mapping.
23:44:28.761 [main] DEBUG com.rometools.modules.base.io.GoogleBaseParser - Property: interface doesn't have a tag mapping.
23:44:28.761 [main] DEBUG com.rometools.modules.base.io.GoogleBaseParser - Property: uri doesn't have a tag mapping.
23:44:28.761 [main] DEBUG com.rometools.modules.base.io.GoogleBaseParser - Property: licenses doesn't have a tag mapping.
23:44:28.775 [main] DEBUG com.rometools.modules.base.io.GoogleBaseParser - Property: format doesn't have a tag mapping.
23:44:28.775 [main] DEBUG com.rometools.modules.base.io.GoogleBaseParser - Property: expirationDateTime doesn't have a tag mapping.
23:44:28.775 [main] DEBUG com.rometools.modules.base.io.GoogleBaseParser - Property: interface doesn't have a tag mapping.
23:44:28.775 [main] DEBUG com.rometools.modules.base.io.GoogleBaseParser - Property: uri doesn't have a tag mapping.
23:44:28.775 [main] DEBUG com.rometools.modules.base.io.GoogleBaseParser - Property: licenses doesn't have a tag mapping.
23:44:28.776 [main] DEBUG com.rometools.modules.base.io.GoogleBaseParser - Property: format doesn't have a tag mapping.
23:44:28.776 [main] DEBUG com.rometools.modules.base.io.GoogleBaseParser - Property: expirationDateTime doesn't have a tag mapping.
23:44:28.776 [main] DEBUG com.rometools.modules.base.io.GoogleBaseParser - Property: interface doesn't have a tag mapping.
23:44:28.776 [main] DEBUG com.rometools.modules.base.io.GoogleBaseParser - Property: uri doesn't have a tag mapping.
23:44:28.776 [main] DEBUG com.rometools.modules.base.io.GoogleBaseParser - Property: licenses doesn't have a tag mapping.
23:44:28.776 [main] DEBUG com.rometools.modules.yahooweather.io.WeatherGeneratorTest - processingC:\Users\67171876\git\rome\rome-modules\target\test-classes\xml\products-atom.xml
23:44:28.789 [main] DEBUG com.rometools.modules.base.io.GoogleBaseParser - Property: format doesn't have a tag mapping.
23:44:28.789 [main] DEBUG com.rometools.modules.base.io.GoogleBaseParser - Property: expirationDateTime doesn't have a tag mapping.
23:44:28.789 [main] DEBUG com.rometools.modules.base.io.GoogleBaseParser - Property: interface doesn't have a tag mapping.
23:44:28.789 [main] DEBUG com.rometools.modules.base.io.GoogleBaseParser - Property: uri doesn't have a tag mapping.
23:44:28.789 [main] DEBUG com.rometools.modules.base.io.GoogleBaseParser - Property: licenses doesn't have a tag mapping.
23:44:28.793 [main] DEBUG com.rometools.modules.base.io.GoogleBaseParser - Property: format doesn't have a tag mapping.
23:44:28.793 [main] DEBUG com.rometools.modules.base.io.GoogleBaseParser - Property: expirationDateTime doesn't have a tag mapping.
23:44:28.793 [main] DEBUG com.rometools.modules.base.io.GoogleBaseParser - Property: interface doesn't have a tag mapping.
23:44:28.793 [main] DEBUG com.rometools.modules.base.io.GoogleBaseParser - Property: uri doesn't have a tag mapping.
23:44:28.793 [main] DEBUG com.rometools.modules.base.io.GoogleBaseParser - Property: licenses doesn't have a tag mapping.
23:44:28.807 [main] DEBUG com.rometools.modules.base.io.GoogleBaseParser - Property: format doesn't have a tag mapping.
23:44:28.816 [main] DEBUG com.rometools.modules.base.io.GoogleBaseParser - Property: expirationDateTime doesn't have a tag mapping.
23:44:28.816 [main] DEBUG com.rometools.modules.base.io.GoogleBaseParser - Property: interface doesn't have a tag mapping.
23:44:28.816 [main] DEBUG com.rometools.modules.base.io.GoogleBaseParser - Property: uri doesn't have a tag mapping.
23:44:28.816 [main] DEBUG com.rometools.modules.base.io.GoogleBaseParser - Property: licenses doesn't have a tag mapping.
23:44:28.863 [main] DEBUG com.rometools.modules.base.io.GoogleBaseParser - Property: format doesn't have a tag mapping.
23:44:28.863 [main] DEBUG com.rometools.modules.base.io.GoogleBaseParser - Property: expirationDateTime doesn't have a tag mapping.
23:44:28.863 [main] DEBUG com.rometools.modules.base.io.GoogleBaseParser - Property: interface doesn't have a tag mapping.
23:44:28.863 [main] DEBUG com.rometools.modules.base.io.GoogleBaseParser - Property: uri doesn't have a tag mapping.
23:44:28.863 [main] DEBUG com.rometools.modules.base.io.GoogleBaseParser - Property: licenses doesn't have a tag mapping.
23:44:28.866 [main] DEBUG com.rometools.modules.yahooweather.io.WeatherGeneratorTest - processingC:\Users\67171876\git\rome\rome-modules\target\test-classes\xml\products2.xml
23:44:28.869 [main] DEBUG com.rometools.modules.base.io.GoogleBaseParser - Property: format doesn't have a tag mapping.
23:44:28.869 [main] DEBUG com.rometools.modules.base.io.GoogleBaseParser - Property: expirationDateTime doesn't have a tag mapping.
23:44:28.869 [main] DEBUG com.rometools.modules.base.io.GoogleBaseParser - Property: interface doesn't have a tag mapping.
23:44:28.869 [main] DEBUG com.rometools.modules.base.io.GoogleBaseParser - Property: uri doesn't have a tag mapping.
23:44:28.869 [main] DEBUG com.rometools.modules.base.io.GoogleBaseParser - Property: licenses doesn't have a tag mapping.
23:44:28.869 [main] DEBUG com.rometools.modules.base.io.GoogleBaseParser - Property: format doesn't have a tag mapping.
23:44:28.869 [main] DEBUG com.rometools.modules.base.io.GoogleBaseParser - Property: expirationDateTime doesn't have a tag mapping.
23:44:28.869 [main] DEBUG com.rometools.modules.base.io.GoogleBaseParser - Property: interface doesn't have a tag mapping.
23:44:28.869 [main] DEBUG com.rometools.modules.base.io.GoogleBaseParser - Property: uri doesn't have a tag mapping.
23:44:28.869 [main] DEBUG com.rometools.modules.base.io.GoogleBaseParser - Property: licenses doesn't have a tag mapping.
23:44:28.887 [main] DEBUG com.rometools.modules.base.io.GoogleBaseParser - Property: format doesn't have a tag mapping.
23:44:28.887 [main] DEBUG com.rometools.modules.base.io.GoogleBaseParser - Property: expirationDateTime doesn't have a tag mapping.
23:44:28.887 [main] DEBUG com.rometools.modules.base.io.GoogleBaseParser - Property: interface doesn't have a tag mapping.
23:44:28.887 [main] DEBUG com.rometools.modules.base.io.GoogleBaseParser - Property: uri doesn't have a tag mapping.
23:44:28.888 [main] DEBUG com.rometools.modules.base.io.GoogleBaseParser - Property: licenses doesn't have a tag mapping.
23:44:28.889 [main] DEBUG com.rometools.modules.base.io.GoogleBaseParser - Property: format doesn't have a tag mapping.
23:44:28.889 [main] DEBUG com.rometools.modules.base.io.GoogleBaseParser - Property: expirationDateTime doesn't have a tag mapping.
23:44:28.889 [main] DEBUG com.rometools.modules.base.io.GoogleBaseParser - Property: interface doesn't have a tag mapping.
23:44:28.889 [main] DEBUG com.rometools.modules.base.io.GoogleBaseParser - Property: uri doesn't have a tag mapping.
23:44:28.889 [main] DEBUG com.rometools.modules.base.io.GoogleBaseParser - Property: licenses doesn't have a tag mapping.
23:44:28.890 [main] DEBUG com.rometools.modules.yahooweather.io.WeatherGeneratorTest - processingC:\Users\67171876\git\rome\rome-modules\target\test-classes\xml\research-atom.xml
23:44:28.895 [main] DEBUG com.rometools.modules.base.io.GoogleBaseParser - Property: format doesn't have a tag mapping.
23:44:28.895 [main] DEBUG com.rometools.modules.base.io.GoogleBaseParser - Property: expirationDateTime doesn't have a tag mapping.
23:44:28.895 [main] DEBUG com.rometools.modules.base.io.GoogleBaseParser - Property: interface doesn't have a tag mapping.
23:44:28.895 [main] DEBUG com.rometools.modules.base.io.GoogleBaseParser - Property: uri doesn't have a tag mapping.
23:44:28.895 [main] DEBUG com.rometools.modules.base.io.GoogleBaseParser - Property: licenses doesn't have a tag mapping.
23:44:28.898 [main] DEBUG com.rometools.modules.base.io.GoogleBaseParser - Property: format doesn't have a tag mapping.
23:44:28.898 [main] DEBUG com.rometools.modules.base.io.GoogleBaseParser - Property: expirationDateTime doesn't have a tag mapping.
23:44:28.898 [main] DEBUG com.rometools.modules.base.io.GoogleBaseParser - Property: interface doesn't have a tag mapping.
23:44:28.898 [main] DEBUG com.rometools.modules.base.io.GoogleBaseParser - Property: uri doesn't have a tag mapping.
23:44:28.898 [main] DEBUG com.rometools.modules.base.io.GoogleBaseParser - Property: licenses doesn't have a tag mapping.
23:44:28.912 [main] DEBUG com.rometools.modules.base.io.GoogleBaseParser - Property: format doesn't have a tag mapping.
23:44:28.912 [main] DEBUG com.rometools.modules.base.io.GoogleBaseParser - Property: expirationDateTime doesn't have a tag mapping.
23:44:28.913 [main] DEBUG com.rometools.modules.base.io.GoogleBaseParser - Property: interface doesn't have a tag mapping.
23:44:28.913 [main] DEBUG com.rometools.modules.base.io.GoogleBaseParser - Property: uri doesn't have a tag mapping.
23:44:28.913 [main] DEBUG com.rometools.modules.base.io.GoogleBaseParser - Property: licenses doesn't have a tag mapping.
23:44:28.916 [main] DEBUG com.rometools.modules.base.io.GoogleBaseParser - Property: format doesn't have a tag mapping.
23:44:28.916 [main] DEBUG com.rometools.modules.base.io.GoogleBaseParser - Property: expirationDateTime doesn't have a tag mapping.
23:44:28.916 [main] DEBUG com.rometools.modules.base.io.GoogleBaseParser - Property: interface doesn't have a tag mapping.
23:44:28.916 [main] DEBUG com.rometools.modules.base.io.GoogleBaseParser - Property: uri doesn't have a tag mapping.
23:44:28.916 [main] DEBUG com.rometools.modules.base.io.GoogleBaseParser - Property: licenses doesn't have a tag mapping.
23:44:28.917 [main] DEBUG com.rometools.modules.yahooweather.io.WeatherGeneratorTest - processingC:\Users\67171876\git\rome\rome-modules\target\test-classes\xml\research2.xml
23:44:28.919 [main] DEBUG com.rometools.modules.base.io.GoogleBaseParser - Property: format doesn't have a tag mapping.
23:44:28.919 [main] DEBUG com.rometools.modules.base.io.GoogleBaseParser - Property: expirationDateTime doesn't have a tag mapping.
23:44:28.919 [main] DEBUG com.rometools.modules.base.io.GoogleBaseParser - Property: interface doesn't have a tag mapping.
23:44:28.919 [main] DEBUG com.rometools.modules.base.io.GoogleBaseParser - Property: uri doesn't have a tag mapping.
23:44:28.919 [main] DEBUG com.rometools.modules.base.io.GoogleBaseParser - Property: licenses doesn't have a tag mapping.
23:44:28.920 [main] DEBUG com.rometools.modules.base.io.GoogleBaseParser - Property: format doesn't have a tag mapping.
23:44:28.920 [main] DEBUG com.rometools.modules.base.io.GoogleBaseParser - Property: expirationDateTime doesn't have a tag mapping.
23:44:28.920 [main] DEBUG com.rometools.modules.base.io.GoogleBaseParser - Property: interface doesn't have a tag mapping.
23:44:28.920 [main] DEBUG com.rometools.modules.base.io.GoogleBaseParser - Property: uri doesn't have a tag mapping.
23:44:28.920 [main] DEBUG com.rometools.modules.base.io.GoogleBaseParser - Property: licenses doesn't have a tag mapping.
23:44:28.979 [main] DEBUG com.rometools.modules.base.io.GoogleBaseParser - Property: format doesn't have a tag mapping.
23:44:28.979 [main] DEBUG com.rometools.modules.base.io.GoogleBaseParser - Property: expirationDateTime doesn't have a tag mapping.
23:44:28.979 [main] DEBUG com.rometools.modules.base.io.GoogleBaseParser - Property: interface doesn't have a tag mapping.
23:44:28.979 [main] DEBUG com.rometools.modules.base.io.GoogleBaseParser - Property: uri doesn't have a tag mapping.
23:44:28.979 [main] DEBUG com.rometools.modules.base.io.GoogleBaseParser - Property: licenses doesn't have a tag mapping.
23:44:28.980 [main] DEBUG com.rometools.modules.base.io.GoogleBaseParser - Property: format doesn't have a tag mapping.
23:44:28.980 [main] DEBUG com.rometools.modules.base.io.GoogleBaseParser - Property: expirationDateTime doesn't have a tag mapping.
23:44:28.980 [main] DEBUG com.rometools.modules.base.io.GoogleBaseParser - Property: interface doesn't have a tag mapping.
23:44:28.980 [main] DEBUG com.rometools.modules.base.io.GoogleBaseParser - Property: uri doesn't have a tag mapping.
23:44:28.980 [main] DEBUG com.rometools.modules.base.io.GoogleBaseParser - Property: licenses doesn't have a tag mapping.
23:44:28.981 [main] DEBUG com.rometools.modules.yahooweather.io.WeatherGeneratorTest - processingC:\Users\67171876\git\rome\rome-modules\target\test-classes\xml\reviews-atom.xml
23:44:28.989 [main] DEBUG com.rometools.modules.base.io.GoogleBaseParser - Property: format doesn't have a tag mapping.
23:44:28.989 [main] DEBUG com.rometools.modules.base.io.GoogleBaseParser - Property: expirationDateTime doesn't have a tag mapping.
23:44:28.990 [main] DEBUG com.rometools.modules.base.io.GoogleBaseParser - Property: interface doesn't have a tag mapping.
23:44:28.990 [main] DEBUG com.rometools.modules.base.io.GoogleBaseParser - Property: uri doesn't have a tag mapping.
23:44:28.990 [main] DEBUG com.rometools.modules.base.io.GoogleBaseParser - Property: licenses doesn't have a tag mapping.
23:44:29.000 [main] DEBUG com.rometools.modules.base.io.GoogleBaseParser - Property: format doesn't have a tag mapping.
23:44:29.000 [main] DEBUG com.rometools.modules.base.io.GoogleBaseParser - Property: expirationDateTime doesn't have a tag mapping.
23:44:29.000 [main] DEBUG com.rometools.modules.base.io.GoogleBaseParser - Property: interface doesn't have a tag mapping.
23:44:29.000 [main] DEBUG com.rometools.modules.base.io.GoogleBaseParser - Property: uri doesn't have a tag mapping.
23:44:29.000 [main] DEBUG com.rometools.modules.base.io.GoogleBaseParser - Property: licenses doesn't have a tag mapping.
23:44:29.020 [main] DEBUG com.rometools.modules.base.io.GoogleBaseParser - Property: format doesn't have a tag mapping.
23:44:29.020 [main] DEBUG com.rometools.modules.base.io.GoogleBaseParser - Property: expirationDateTime doesn't have a tag mapping.
23:44:29.020 [main] DEBUG com.rometools.modules.base.io.GoogleBaseParser - Property: interface doesn't have a tag mapping.
23:44:29.020 [main] DEBUG com.rometools.modules.base.io.GoogleBaseParser - Property: uri doesn't have a tag mapping.
23:44:29.020 [main] DEBUG com.rometools.modules.base.io.GoogleBaseParser - Property: licenses doesn't have a tag mapping.
23:44:29.022 [main] DEBUG com.rometools.modules.base.io.GoogleBaseParser - Property: format doesn't have a tag mapping.
23:44:29.022 [main] DEBUG com.rometools.modules.base.io.GoogleBaseParser - Property: expirationDateTime doesn't have a tag mapping.
23:44:29.023 [main] DEBUG com.rometools.modules.base.io.GoogleBaseParser - Property: interface doesn't have a tag mapping.
23:44:29.023 [main] DEBUG com.rometools.modules.base.io.GoogleBaseParser - Property: uri doesn't have a tag mapping.
23:44:29.023 [main] DEBUG com.rometools.modules.base.io.GoogleBaseParser - Property: licenses doesn't have a tag mapping.
23:44:29.024 [main] DEBUG com.rometools.modules.yahooweather.io.WeatherGeneratorTest - processingC:\Users\67171876\git\rome\rome-modules\target\test-classes\xml\reviews2.xml
23:44:29.027 [main] DEBUG com.rometools.modules.base.io.GoogleBaseParser - Property: format doesn't have a tag mapping.
23:44:29.027 [main] DEBUG com.rometools.modules.base.io.GoogleBaseParser - Property: expirationDateTime doesn't have a tag mapping.
23:44:29.027 [main] DEBUG com.rometools.modules.base.io.GoogleBaseParser - Property: interface doesn't have a tag mapping.
23:44:29.027 [main] DEBUG com.rometools.modules.base.io.GoogleBaseParser - Property: uri doesn't have a tag mapping.
23:44:29.027 [main] DEBUG com.rometools.modules.base.io.GoogleBaseParser - Property: licenses doesn't have a tag mapping.
23:44:29.028 [main] DEBUG com.rometools.modules.base.io.GoogleBaseParser - Property: format doesn't have a tag mapping.
23:44:29.028 [main] DEBUG com.rometools.modules.base.io.GoogleBaseParser - Property: expirationDateTime doesn't have a tag mapping.
23:44:29.028 [main] DEBUG com.rometools.modules.base.io.GoogleBaseParser - Property: interface doesn't have a tag mapping.
23:44:29.028 [main] DEBUG com.rometools.modules.base.io.GoogleBaseParser - Property: uri doesn't have a tag mapping.
23:44:29.028 [main] DEBUG com.rometools.modules.base.io.GoogleBaseParser - Property: licenses doesn't have a tag mapping.
23:44:29.052 [main] DEBUG com.rometools.modules.base.io.GoogleBaseParser - Property: format doesn't have a tag mapping.
23:44:29.052 [main] DEBUG com.rometools.modules.base.io.GoogleBaseParser - Property: expirationDateTime doesn't have a tag mapping.
23:44:29.052 [main] DEBUG com.rometools.modules.base.io.GoogleBaseParser - Property: interface doesn't have a tag mapping.
23:44:29.052 [main] DEBUG com.rometools.modules.base.io.GoogleBaseParser - Property: uri doesn't have a tag mapping.
23:44:29.052 [main] DEBUG com.rometools.modules.base.io.GoogleBaseParser - Property: licenses doesn't have a tag mapping.
23:44:29.053 [main] DEBUG com.rometools.modules.base.io.GoogleBaseParser - Property: format doesn't have a tag mapping.
23:44:29.053 [main] DEBUG com.rometools.modules.base.io.GoogleBaseParser - Property: expirationDateTime doesn't have a tag mapping.
23:44:29.053 [main] DEBUG com.rometools.modules.base.io.GoogleBaseParser - Property: interface doesn't have a tag mapping.
23:44:29.053 [main] DEBUG com.rometools.modules.base.io.GoogleBaseParser - Property: uri doesn't have a tag mapping.
23:44:29.053 [main] DEBUG com.rometools.modules.base.io.GoogleBaseParser - Property: licenses doesn't have a tag mapping.
23:44:29.053 [main] DEBUG com.rometools.modules.yahooweather.io.WeatherGeneratorTest - processingC:\Users\67171876\git\rome\rome-modules\target\test-classes\xml\rsr.xml
23:44:29.175 [main] WARN  com.rometools.modules.itunes.io.ITunesParser - Failed to parse duration: 
23:44:29.175 [main] WARN  com.rometools.modules.itunes.io.ITunesParser - Failed to parse duration: 
23:44:29.176 [main] WARN  com.rometools.modules.itunes.io.ITunesParser - Failed to parse duration: 
23:44:29.177 [main] WARN  com.rometools.modules.itunes.io.ITunesParser - Failed to parse duration: 
23:44:29.178 [main] WARN  com.rometools.modules.itunes.io.ITunesParser - Failed to parse duration: 
23:44:29.178 [main] WARN  com.rometools.modules.itunes.io.ITunesParser - Failed to parse duration: 
23:44:29.179 [main] WARN  com.rometools.modules.itunes.io.ITunesParser - Failed to parse duration: 
23:44:29.180 [main] WARN  com.rometools.modules.itunes.io.ITunesParser - Failed to parse duration: 
23:44:29.181 [main] WARN  com.rometools.modules.itunes.io.ITunesParser - Failed to parse duration: 
23:44:29.182 [main] WARN  com.rometools.modules.itunes.io.ITunesParser - Failed to parse duration: 
23:44:29.183 [main] WARN  com.rometools.modules.itunes.io.ITunesParser - Failed to parse duration: 
23:44:29.184 [main] WARN  com.rometools.modules.itunes.io.ITunesParser - Failed to parse duration: 
23:44:29.185 [main] WARN  com.rometools.modules.itunes.io.ITunesParser - Failed to parse duration: 
23:44:29.186 [main] WARN  com.rometools.modules.itunes.io.ITunesParser - Failed to parse duration: 
23:44:29.187 [main] WARN  com.rometools.modules.itunes.io.ITunesParser - Failed to parse duration: 
23:44:29.189 [main] DEBUG com.rometools.modules.yahooweather.io.WeatherGeneratorTest - processingC:\Users\67171876\git\rome\rome-modules\target\test-classes\xml\rss-playlist-sse.xml
23:44:29.214 [main] DEBUG com.rometools.modules.yahooweather.io.WeatherGeneratorTest - processingC:\Users\67171876\git\rome\rome-modules\target\test-classes\xml\rss-playlist.xml
23:44:29.252 [main] DEBUG com.rometools.modules.yahooweather.io.WeatherGeneratorTest - processingC:\Users\67171876\git\rome\rome-modules\target\test-classes\xml\rss-test-1.xml
23:44:29.254 [main] DEBUG com.rometools.modules.base.io.GoogleBaseParser - Property: format doesn't have a tag mapping.
23:44:29.254 [main] DEBUG com.rometools.modules.base.io.GoogleBaseParser - Property: expirationDateTime doesn't have a tag mapping.
23:44:29.254 [main] DEBUG com.rometools.modules.base.io.GoogleBaseParser - Property: interface doesn't have a tag mapping.
23:44:29.254 [main] DEBUG com.rometools.modules.base.io.GoogleBaseParser - Property: uri doesn't have a tag mapping.
23:44:29.255 [main] DEBUG com.rometools.modules.base.io.GoogleBaseParser - Property: licenses doesn't have a tag mapping.
23:44:29.268 [main] DEBUG com.rometools.modules.base.io.GoogleBaseParser - Property: format doesn't have a tag mapping.
23:44:29.268 [main] DEBUG com.rometools.modules.base.io.GoogleBaseParser - Property: expirationDateTime doesn't have a tag mapping.
23:44:29.268 [main] DEBUG com.rometools.modules.base.io.GoogleBaseParser - Property: interface doesn't have a tag mapping.
23:44:29.268 [main] DEBUG com.rometools.modules.base.io.GoogleBaseParser - Property: uri doesn't have a tag mapping.
23:44:29.268 [main] DEBUG com.rometools.modules.base.io.GoogleBaseParser - Property: licenses doesn't have a tag mapping.
23:44:29.269 [main] DEBUG com.rometools.modules.yahooweather.io.WeatherGeneratorTest - processingC:\Users\67171876\git\rome\rome-modules\target\test-classes\xml\rss1sample.xml
23:44:29.294 [main] DEBUG com.rometools.modules.yahooweather.io.WeatherGeneratorTest - processingC:\Users\67171876\git\rome\rome-modules\target\test-classes\xml\rssCreativeCommonsExample.xml
23:44:29.314 [main] DEBUG com.rometools.modules.cc.io.CCModuleGenerator - channel
23:44:29.314 [main] DEBUG com.rometools.modules.cc.io.CCModuleGenerator - Is Root? [rss: null]
23:44:29.321 [main] DEBUG com.rometools.modules.yahooweather.io.WeatherGeneratorTest - processingC:\Users\67171876\git\rome\rome-modules\target\test-classes\xml\services-atom.xml
23:44:29.329 [main] DEBUG com.rometools.modules.base.io.GoogleBaseParser - Property: format doesn't have a tag mapping.
23:44:29.329 [main] DEBUG com.rometools.modules.base.io.GoogleBaseParser - Property: expirationDateTime doesn't have a tag mapping.
23:44:29.329 [main] DEBUG com.rometools.modules.base.io.GoogleBaseParser - Property: interface doesn't have a tag mapping.
23:44:29.329 [main] DEBUG com.rometools.modules.base.io.GoogleBaseParser - Property: uri doesn't have a tag mapping.
23:44:29.329 [main] DEBUG com.rometools.modules.base.io.GoogleBaseParser - Property: licenses doesn't have a tag mapping.
23:44:29.332 [main] DEBUG com.rometools.modules.base.io.GoogleBaseParser - Property: format doesn't have a tag mapping.
23:44:29.332 [main] DEBUG com.rometools.modules.base.io.GoogleBaseParser - Property: expirationDateTime doesn't have a tag mapping.
23:44:29.332 [main] DEBUG com.rometools.modules.base.io.GoogleBaseParser - Property: interface doesn't have a tag mapping.
23:44:29.333 [main] DEBUG com.rometools.modules.base.io.GoogleBaseParser - Property: uri doesn't have a tag mapping.
23:44:29.333 [main] DEBUG com.rometools.modules.base.io.GoogleBaseParser - Property: licenses doesn't have a tag mapping.
23:44:29.343 [main] DEBUG com.rometools.modules.base.io.GoogleBaseParser - Property: format doesn't have a tag mapping.
23:44:29.343 [main] DEBUG com.rometools.modules.base.io.GoogleBaseParser - Property: expirationDateTime doesn't have a tag mapping.
23:44:29.343 [main] DEBUG com.rometools.modules.base.io.GoogleBaseParser - Property: interface doesn't have a tag mapping.
23:44:29.344 [main] DEBUG com.rometools.modules.base.io.GoogleBaseParser - Property: uri doesn't have a tag mapping.
23:44:29.344 [main] DEBUG com.rometools.modules.base.io.GoogleBaseParser - Property: licenses doesn't have a tag mapping.
23:44:29.345 [main] DEBUG com.rometools.modules.base.io.GoogleBaseParser - Property: format doesn't have a tag mapping.
23:44:29.345 [main] DEBUG com.rometools.modules.base.io.GoogleBaseParser - Property: expirationDateTime doesn't have a tag mapping.
23:44:29.345 [main] DEBUG com.rometools.modules.base.io.GoogleBaseParser - Property: interface doesn't have a tag mapping.
23:44:29.345 [main] DEBUG com.rometools.modules.base.io.GoogleBaseParser - Property: uri doesn't have a tag mapping.
23:44:29.345 [main] DEBUG com.rometools.modules.base.io.GoogleBaseParser - Property: licenses doesn't have a tag mapping.
23:44:29.346 [main] DEBUG com.rometools.modules.yahooweather.io.WeatherGeneratorTest - processingC:\Users\67171876\git\rome\rome-modules\target\test-classes\xml\services2.xml
23:44:29.348 [main] DEBUG com.rometools.modules.base.io.GoogleBaseParser - Property: format doesn't have a tag mapping.
23:44:29.348 [main] DEBUG com.rometools.modules.base.io.GoogleBaseParser - Property: expirationDateTime doesn't have a tag mapping.
23:44:29.348 [main] DEBUG com.rometools.modules.base.io.GoogleBaseParser - Property: interface doesn't have a tag mapping.
23:44:29.348 [main] DEBUG com.rometools.modules.base.io.GoogleBaseParser - Property: uri doesn't have a tag mapping.
23:44:29.348 [main] DEBUG com.rometools.modules.base.io.GoogleBaseParser - Property: licenses doesn't have a tag mapping.
23:44:29.349 [main] DEBUG com.rometools.modules.base.io.GoogleBaseParser - Property: format doesn't have a tag mapping.
23:44:29.349 [main] DEBUG com.rometools.modules.base.io.GoogleBaseParser - Property: expirationDateTime doesn't have a tag mapping.
23:44:29.349 [main] DEBUG com.rometools.modules.base.io.GoogleBaseParser - Property: interface doesn't have a tag mapping.
23:44:29.349 [main] DEBUG com.rometools.modules.base.io.GoogleBaseParser - Property: uri doesn't have a tag mapping.
23:44:29.349 [main] DEBUG com.rometools.modules.base.io.GoogleBaseParser - Property: licenses doesn't have a tag mapping.
23:44:29.356 [main] DEBUG com.rometools.modules.base.io.GoogleBaseParser - Property: format doesn't have a tag mapping.
23:44:29.356 [main] DEBUG com.rometools.modules.base.io.GoogleBaseParser - Property: expirationDateTime doesn't have a tag mapping.
23:44:29.356 [main] DEBUG com.rometools.modules.base.io.GoogleBaseParser - Property: interface doesn't have a tag mapping.
23:44:29.356 [main] DEBUG com.rometools.modules.base.io.GoogleBaseParser - Property: uri doesn't have a tag mapping.
23:44:29.356 [main] DEBUG com.rometools.modules.base.io.GoogleBaseParser - Property: licenses doesn't have a tag mapping.
23:44:29.356 [main] DEBUG com.rometools.modules.base.io.GoogleBaseParser - Property: format doesn't have a tag mapping.
23:44:29.356 [main] DEBUG com.rometools.modules.base.io.GoogleBaseParser - Property: expirationDateTime doesn't have a tag mapping.
23:44:29.356 [main] DEBUG com.rometools.modules.base.io.GoogleBaseParser - Property: interface doesn't have a tag mapping.
23:44:29.356 [main] DEBUG com.rometools.modules.base.io.GoogleBaseParser - Property: uri doesn't have a tag mapping.
23:44:29.357 [main] DEBUG com.rometools.modules.base.io.GoogleBaseParser - Property: licenses doesn't have a tag mapping.
23:44:29.358 [main] DEBUG com.rometools.modules.yahooweather.io.WeatherGeneratorTest - processingC:\Users\67171876\git\rome\rome-modules\target\test-classes\xml\slashdot.xml
23:44:29.381 [main] DEBUG com.rometools.modules.yahooweather.io.WeatherGeneratorTest - processingC:\Users\67171876\git\rome\rome-modules\target\test-classes\xml\sunnyvale.xml
23:44:29.404 [main] DEBUG com.rometools.modules.yahooweather.io.WeatherGeneratorTest - processingC:\Users\67171876\git\rome\rome-modules\target\test-classes\xml\test-rdf.xml
23:44:29.412 [main] DEBUG com.rometools.modules.content.io.ContentModuleGenerator - 0
23:44:29.421 [main] DEBUG com.rometools.modules.yahooweather.io.WeatherGeneratorTest - processingC:\Users\67171876\git\rome\rome-modules\target\test-classes\xml\totsp.xml
23:44:29.428 [main] DEBUG com.rometools.modules.content.io.ContentModuleGenerator - 1
23:44:29.435 [main] DEBUG com.rometools.modules.yahooweather.io.WeatherGeneratorTest - processingC:\Users\67171876\git\rome\rome-modules\target\test-classes\xml\travel-atom.xml
23:44:29.440 [main] DEBUG com.rometools.modules.base.io.GoogleBaseParser - Property: format doesn't have a tag mapping.
23:44:29.440 [main] DEBUG com.rometools.modules.base.io.GoogleBaseParser - Property: expirationDateTime doesn't have a tag mapping.
23:44:29.440 [main] DEBUG com.rometools.modules.base.io.GoogleBaseParser - Property: interface doesn't have a tag mapping.
23:44:29.440 [main] DEBUG com.rometools.modules.base.io.GoogleBaseParser - Property: uri doesn't have a tag mapping.
23:44:29.440 [main] DEBUG com.rometools.modules.base.io.GoogleBaseParser - Property: licenses doesn't have a tag mapping.
23:44:29.442 [main] DEBUG com.rometools.modules.base.io.GoogleBaseParser - Property: format doesn't have a tag mapping.
23:44:29.442 [main] DEBUG com.rometools.modules.base.io.GoogleBaseParser - Property: expirationDateTime doesn't have a tag mapping.
23:44:29.442 [main] DEBUG com.rometools.modules.base.io.GoogleBaseParser - Property: interface doesn't have a tag mapping.
23:44:29.442 [main] DEBUG com.rometools.modules.base.io.GoogleBaseParser - Property: uri doesn't have a tag mapping.
23:44:29.442 [main] DEBUG com.rometools.modules.base.io.GoogleBaseParser - Property: licenses doesn't have a tag mapping.
23:44:29.458 [main] DEBUG com.rometools.modules.base.io.GoogleBaseParser - Property: format doesn't have a tag mapping.
23:44:29.458 [main] DEBUG com.rometools.modules.base.io.GoogleBaseParser - Property: expirationDateTime doesn't have a tag mapping.
23:44:29.459 [main] DEBUG com.rometools.modules.base.io.GoogleBaseParser - Property: interface doesn't have a tag mapping.
23:44:29.459 [main] DEBUG com.rometools.modules.base.io.GoogleBaseParser - Property: uri doesn't have a tag mapping.
23:44:29.459 [main] DEBUG com.rometools.modules.base.io.GoogleBaseParser - Property: licenses doesn't have a tag mapping.
23:44:29.461 [main] DEBUG com.rometools.modules.base.io.GoogleBaseParser - Property: format doesn't have a tag mapping.
23:44:29.461 [main] DEBUG com.rometools.modules.base.io.GoogleBaseParser - Property: expirationDateTime doesn't have a tag mapping.
23:44:29.461 [main] DEBUG com.rometools.modules.base.io.GoogleBaseParser - Property: interface doesn't have a tag mapping.
23:44:29.461 [main] DEBUG com.rometools.modules.base.io.GoogleBaseParser - Property: uri doesn't have a tag mapping.
23:44:29.461 [main] DEBUG com.rometools.modules.base.io.GoogleBaseParser - Property: licenses doesn't have a tag mapping.
23:44:29.462 [main] DEBUG com.rometools.modules.yahooweather.io.WeatherGeneratorTest - processingC:\Users\67171876\git\rome\rome-modules\target\test-classes\xml\travel2.xml
23:44:29.465 [main] DEBUG com.rometools.modules.base.io.GoogleBaseParser - Property: format doesn't have a tag mapping.
23:44:29.465 [main] DEBUG com.rometools.modules.base.io.GoogleBaseParser - Property: expirationDateTime doesn't have a tag mapping.
23:44:29.465 [main] DEBUG com.rometools.modules.base.io.GoogleBaseParser - Property: interface doesn't have a tag mapping.
23:44:29.465 [main] DEBUG com.rometools.modules.base.io.GoogleBaseParser - Property: uri doesn't have a tag mapping.
23:44:29.465 [main] DEBUG com.rometools.modules.base.io.GoogleBaseParser - Property: licenses doesn't have a tag mapping.
23:44:29.465 [main] DEBUG com.rometools.modules.base.io.GoogleBaseParser - Property: format doesn't have a tag mapping.
23:44:29.465 [main] DEBUG com.rometools.modules.base.io.GoogleBaseParser - Property: expirationDateTime doesn't have a tag mapping.
23:44:29.465 [main] DEBUG com.rometools.modules.base.io.GoogleBaseParser - Property: interface doesn't have a tag mapping.
23:44:29.465 [main] DEBUG com.rometools.modules.base.io.GoogleBaseParser - Property: uri doesn't have a tag mapping.
23:44:29.465 [main] DEBUG com.rometools.modules.base.io.GoogleBaseParser - Property: licenses doesn't have a tag mapping.
23:44:29.476 [main] DEBUG com.rometools.modules.base.io.GoogleBaseParser - Property: format doesn't have a tag mapping.
23:44:29.477 [main] DEBUG com.rometools.modules.base.io.GoogleBaseParser - Property: expirationDateTime doesn't have a tag mapping.
23:44:29.477 [main] DEBUG com.rometools.modules.base.io.GoogleBaseParser - Property: interface doesn't have a tag mapping.
23:44:29.477 [main] DEBUG com.rometools.modules.base.io.GoogleBaseParser - Property: uri doesn't have a tag mapping.
23:44:29.477 [main] DEBUG com.rometools.modules.base.io.GoogleBaseParser - Property: licenses doesn't have a tag mapping.
23:44:29.477 [main] DEBUG com.rometools.modules.base.io.GoogleBaseParser - Property: format doesn't have a tag mapping.
23:44:29.477 [main] DEBUG com.rometools.modules.base.io.GoogleBaseParser - Property: expirationDateTime doesn't have a tag mapping.
23:44:29.477 [main] DEBUG com.rometools.modules.base.io.GoogleBaseParser - Property: interface doesn't have a tag mapping.
23:44:29.477 [main] DEBUG com.rometools.modules.base.io.GoogleBaseParser - Property: uri doesn't have a tag mapping.
23:44:29.477 [main] DEBUG com.rometools.modules.base.io.GoogleBaseParser - Property: licenses doesn't have a tag mapping.
23:44:29.478 [main] DEBUG com.rometools.modules.yahooweather.io.WeatherGeneratorTest - processingC:\Users\67171876\git\rome\rome-modules\target\test-classes\xml\vehicles-atom.xml
23:44:29.484 [main] DEBUG com.rometools.modules.base.io.GoogleBaseParser - Property: format doesn't have a tag mapping.
23:44:29.485 [main] DEBUG com.rometools.modules.base.io.GoogleBaseParser - Property: expirationDateTime doesn't have a tag mapping.
23:44:29.485 [main] DEBUG com.rometools.modules.base.io.GoogleBaseParser - Property: interface doesn't have a tag mapping.
23:44:29.485 [main] DEBUG com.rometools.modules.base.io.GoogleBaseParser - Property: uri doesn't have a tag mapping.
23:44:29.485 [main] DEBUG com.rometools.modules.base.io.GoogleBaseParser - Property: licenses doesn't have a tag mapping.
23:44:29.491 [main] DEBUG com.rometools.modules.base.io.GoogleBaseParser - Property: format doesn't have a tag mapping.
23:44:29.491 [main] DEBUG com.rometools.modules.base.io.GoogleBaseParser - Property: expirationDateTime doesn't have a tag mapping.
23:44:29.491 [main] DEBUG com.rometools.modules.base.io.GoogleBaseParser - Property: interface doesn't have a tag mapping.
23:44:29.491 [main] DEBUG com.rometools.modules.base.io.GoogleBaseParser - Property: uri doesn't have a tag mapping.
23:44:29.491 [main] DEBUG com.rometools.modules.base.io.GoogleBaseParser - Property: licenses doesn't have a tag mapping.
23:44:29.556 [main] DEBUG com.rometools.modules.base.io.GoogleBaseParser - Property: format doesn't have a tag mapping.
23:44:29.557 [main] DEBUG com.rometools.modules.base.io.GoogleBaseParser - Property: expirationDateTime doesn't have a tag mapping.
23:44:29.557 [main] DEBUG com.rometools.modules.base.io.GoogleBaseParser - Property: interface doesn't have a tag mapping.
23:44:29.557 [main] DEBUG com.rometools.modules.base.io.GoogleBaseParser - Property: uri doesn't have a tag mapping.
23:44:29.557 [main] DEBUG com.rometools.modules.base.io.GoogleBaseParser - Property: licenses doesn't have a tag mapping.
23:44:29.558 [main] DEBUG com.rometools.modules.base.io.GoogleBaseParser - Property: format doesn't have a tag mapping.
23:44:29.558 [main] DEBUG com.rometools.modules.base.io.GoogleBaseParser - Property: expirationDateTime doesn't have a tag mapping.
23:44:29.558 [main] DEBUG com.rometools.modules.base.io.GoogleBaseParser - Property: interface doesn't have a tag mapping.
23:44:29.558 [main] DEBUG com.rometools.modules.base.io.GoogleBaseParser - Property: uri doesn't have a tag mapping.
23:44:29.558 [main] DEBUG com.rometools.modules.base.io.GoogleBaseParser - Property: licenses doesn't have a tag mapping.
23:44:29.559 [main] DEBUG com.rometools.modules.yahooweather.io.WeatherGeneratorTest - processingC:\Users\67171876\git\rome\rome-modules\target\test-classes\xml\vehicles2.xml
23:44:29.562 [main] DEBUG com.rometools.modules.base.io.GoogleBaseParser - Property: format doesn't have a tag mapping.
23:44:29.562 [main] DEBUG com.rometools.modules.base.io.GoogleBaseParser - Property: expirationDateTime doesn't have a tag mapping.
23:44:29.562 [main] DEBUG com.rometools.modules.base.io.GoogleBaseParser - Property: interface doesn't have a tag mapping.
23:44:29.562 [main] DEBUG com.rometools.modules.base.io.GoogleBaseParser - Property: uri doesn't have a tag mapping.
23:44:29.562 [main] DEBUG com.rometools.modules.base.io.GoogleBaseParser - Property: licenses doesn't have a tag mapping.
23:44:29.563 [main] DEBUG com.rometools.modules.base.io.GoogleBaseParser - Property: format doesn't have a tag mapping.
23:44:29.563 [main] DEBUG com.rometools.modules.base.io.GoogleBaseParser - Property: expirationDateTime doesn't have a tag mapping.
23:44:29.563 [main] DEBUG com.rometools.modules.base.io.GoogleBaseParser - Property: interface doesn't have a tag mapping.
23:44:29.563 [main] DEBUG com.rometools.modules.base.io.GoogleBaseParser - Property: uri doesn't have a tag mapping.
23:44:29.563 [main] DEBUG com.rometools.modules.base.io.GoogleBaseParser - Property: licenses doesn't have a tag mapping.
23:44:29.614 [main] DEBUG com.rometools.modules.base.io.GoogleBaseParser - Property: format doesn't have a tag mapping.
23:44:29.614 [main] DEBUG com.rometools.modules.base.io.GoogleBaseParser - Property: expirationDateTime doesn't have a tag mapping.
23:44:29.614 [main] DEBUG com.rometools.modules.base.io.GoogleBaseParser - Property: interface doesn't have a tag mapping.
23:44:29.614 [main] DEBUG com.rometools.modules.base.io.GoogleBaseParser - Property: uri doesn't have a tag mapping.
23:44:29.614 [main] DEBUG com.rometools.modules.base.io.GoogleBaseParser - Property: licenses doesn't have a tag mapping.
23:44:29.615 [main] DEBUG com.rometools.modules.base.io.GoogleBaseParser - Property: format doesn't have a tag mapping.
23:44:29.615 [main] DEBUG com.rometools.modules.base.io.GoogleBaseParser - Property: expirationDateTime doesn't have a tag mapping.
23:44:29.615 [main] DEBUG com.rometools.modules.base.io.GoogleBaseParser - Property: interface doesn't have a tag mapping.
23:44:29.615 [main] DEBUG com.rometools.modules.base.io.GoogleBaseParser - Property: uri doesn't have a tag mapping.
23:44:29.615 [main] DEBUG com.rometools.modules.base.io.GoogleBaseParser - Property: licenses doesn't have a tag mapping.
23:44:29.616 [main] DEBUG com.rometools.modules.yahooweather.io.WeatherGeneratorTest - processingC:\Users\67171876\git\rome\rome-modules\target\test-classes\xml\wanted-atom.xml
23:44:29.621 [main] DEBUG com.rometools.modules.base.io.GoogleBaseParser - Property: format doesn't have a tag mapping.
23:44:29.621 [main] DEBUG com.rometools.modules.base.io.GoogleBaseParser - Property: expirationDateTime doesn't have a tag mapping.
23:44:29.621 [main] DEBUG com.rometools.modules.base.io.GoogleBaseParser - Property: interface doesn't have a tag mapping.
23:44:29.621 [main] DEBUG com.rometools.modules.base.io.GoogleBaseParser - Property: uri doesn't have a tag mapping.
23:44:29.621 [main] DEBUG com.rometools.modules.base.io.GoogleBaseParser - Property: licenses doesn't have a tag mapping.
23:44:29.623 [main] DEBUG com.rometools.modules.base.io.GoogleBaseParser - Property: format doesn't have a tag mapping.
23:44:29.623 [main] DEBUG com.rometools.modules.base.io.GoogleBaseParser - Property: expirationDateTime doesn't have a tag mapping.
23:44:29.623 [main] DEBUG com.rometools.modules.base.io.GoogleBaseParser - Property: interface doesn't have a tag mapping.
23:44:29.623 [main] DEBUG com.rometools.modules.base.io.GoogleBaseParser - Property: uri doesn't have a tag mapping.
23:44:29.623 [main] DEBUG com.rometools.modules.base.io.GoogleBaseParser - Property: licenses doesn't have a tag mapping.
23:44:29.681 [main] DEBUG com.rometools.modules.base.io.GoogleBaseParser - Property: format doesn't have a tag mapping.
23:44:29.681 [main] DEBUG com.rometools.modules.base.io.GoogleBaseParser - Property: expirationDateTime doesn't have a tag mapping.
23:44:29.681 [main] DEBUG com.rometools.modules.base.io.GoogleBaseParser - Property: interface doesn't have a tag mapping.
23:44:29.681 [main] DEBUG com.rometools.modules.base.io.GoogleBaseParser - Property: uri doesn't have a tag mapping.
23:44:29.681 [main] DEBUG com.rometools.modules.base.io.GoogleBaseParser - Property: licenses doesn't have a tag mapping.
23:44:29.683 [main] DEBUG com.rometools.modules.base.io.GoogleBaseParser - Property: format doesn't have a tag mapping.
23:44:29.684 [main] DEBUG com.rometools.modules.base.io.GoogleBaseParser - Property: expirationDateTime doesn't have a tag mapping.
23:44:29.684 [main] DEBUG com.rometools.modules.base.io.GoogleBaseParser - Property: interface doesn't have a tag mapping.
23:44:29.684 [main] DEBUG com.rometools.modules.base.io.GoogleBaseParser - Property: uri doesn't have a tag mapping.
23:44:29.684 [main] DEBUG com.rometools.modules.base.io.GoogleBaseParser - Property: licenses doesn't have a tag mapping.
23:44:29.685 [main] DEBUG com.rometools.modules.yahooweather.io.WeatherGeneratorTest - processingC:\Users\67171876\git\rome\rome-modules\target\test-classes\xml\wanted2.xml
23:44:29.688 [main] DEBUG com.rometools.modules.base.io.GoogleBaseParser - Property: format doesn't have a tag mapping.
23:44:29.689 [main] DEBUG com.rometools.modules.base.io.GoogleBaseParser - Property: expirationDateTime doesn't have a tag mapping.
23:44:29.689 [main] DEBUG com.rometools.modules.base.io.GoogleBaseParser - Property: interface doesn't have a tag mapping.
23:44:29.689 [main] DEBUG com.rometools.modules.base.io.GoogleBaseParser - Property: uri doesn't have a tag mapping.
23:44:29.689 [main] DEBUG com.rometools.modules.base.io.GoogleBaseParser - Property: licenses doesn't have a tag mapping.
23:44:29.690 [main] DEBUG com.rometools.modules.base.io.GoogleBaseParser - Property: format doesn't have a tag mapping.
23:44:29.690 [main] DEBUG com.rometools.modules.base.io.GoogleBaseParser - Property: expirationDateTime doesn't have a tag mapping.
23:44:29.690 [main] DEBUG com.rometools.modules.base.io.GoogleBaseParser - Property: interface doesn't have a tag mapping.
23:44:29.690 [main] DEBUG com.rometools.modules.base.io.GoogleBaseParser - Property: uri doesn't have a tag mapping.
23:44:29.690 [main] DEBUG com.rometools.modules.base.io.GoogleBaseParser - Property: licenses doesn't have a tag mapping.
23:44:29.708 [main] DEBUG com.rometools.modules.base.io.GoogleBaseParser - Property: format doesn't have a tag mapping.
23:44:29.708 [main] DEBUG com.rometools.modules.base.io.GoogleBaseParser - Property: expirationDateTime doesn't have a tag mapping.
23:44:29.708 [main] DEBUG com.rometools.modules.base.io.GoogleBaseParser - Property: interface doesn't have a tag mapping.
23:44:29.708 [main] DEBUG com.rometools.modules.base.io.GoogleBaseParser - Property: uri doesn't have a tag mapping.
23:44:29.708 [main] DEBUG com.rometools.modules.base.io.GoogleBaseParser - Property: licenses doesn't have a tag mapping.
23:44:29.708 [main] DEBUG com.rometools.modules.base.io.GoogleBaseParser - Property: format doesn't have a tag mapping.
23:44:29.708 [main] DEBUG com.rometools.modules.base.io.GoogleBaseParser - Property: expirationDateTime doesn't have a tag mapping.
23:44:29.708 [main] DEBUG com.rometools.modules.base.io.GoogleBaseParser - Property: interface doesn't have a tag mapping.
23:44:29.708 [main] DEBUG com.rometools.modules.base.io.GoogleBaseParser - Property: uri doesn't have a tag mapping.
23:44:29.708 [main] DEBUG com.rometools.modules.base.io.GoogleBaseParser - Property: licenses doesn't have a tag mapping.
23:44:29.708 [main] DEBUG com.rometools.modules.yahooweather.io.WeatherGeneratorTest - processingC:\Users\67171876\git\rome\rome-modules\target\test-classes\xml\yweather.xml
[INFO] Tests run: 1, Failures: 0, Errors: 0, Skipped: 0, Time elapsed: 1.561 s - in com.rometools.modules.yahooweather.io.WeatherGeneratorTest
[INFO] Running com.rometools.modules.yahooweather.io.WeatherModuleParserTest
23:44:29.746 [main] DEBUG com.rometools.modules.cc.io.CCModuleGenerator - testParse
23:44:29.757 [main] WARN  com.rometools.modules.itunes.io.ITunesParser - Malformed URL Exception reading itunes:image tag: 
23:44:29.779 [main] DEBUG com.rometools.modules.cc.io.CCModuleGenerator - 2
23:44:29.780 [main] DEBUG com.rometools.modules.cc.io.CCModuleGenerator - class com.rometools.modules.itunes.EntryInformationImpl
23:44:29.780 [main] DEBUG com.rometools.modules.cc.io.CCModuleGenerator - class com.rometools.rome.feed.module.DCModuleImpl
23:44:29.780 [main] DEBUG com.rometools.modules.cc.io.CCModuleGenerator - 2
23:44:29.780 [main] DEBUG com.rometools.modules.cc.io.CCModuleGenerator - class com.rometools.modules.itunes.EntryInformationImpl
23:44:29.780 [main] DEBUG com.rometools.modules.cc.io.CCModuleGenerator - class com.rometools.rome.feed.module.DCModuleImpl
23:44:29.780 [main] DEBUG com.rometools.modules.cc.io.CCModuleGenerator - 2
23:44:29.780 [main] DEBUG com.rometools.modules.cc.io.CCModuleGenerator - class com.rometools.modules.itunes.EntryInformationImpl
23:44:29.780 [main] DEBUG com.rometools.modules.cc.io.CCModuleGenerator - class com.rometools.rome.feed.module.DCModuleImpl
23:44:29.780 [main] DEBUG com.rometools.modules.cc.io.CCModuleGenerator - 2
23:44:29.780 [main] DEBUG com.rometools.modules.cc.io.CCModuleGenerator - class com.rometools.modules.itunes.EntryInformationImpl
23:44:29.780 [main] DEBUG com.rometools.modules.cc.io.CCModuleGenerator - class com.rometools.rome.feed.module.DCModuleImpl
23:44:29.780 [main] DEBUG com.rometools.modules.cc.io.CCModuleGenerator - 2
23:44:29.780 [main] DEBUG com.rometools.modules.cc.io.CCModuleGenerator - class com.rometools.modules.itunes.EntryInformationImpl
23:44:29.781 [main] DEBUG com.rometools.modules.cc.io.CCModuleGenerator - class com.rometools.rome.feed.module.DCModuleImpl
23:44:29.781 [main] DEBUG com.rometools.modules.cc.io.CCModuleGenerator - 2
23:44:29.781 [main] DEBUG com.rometools.modules.cc.io.CCModuleGenerator - class com.rometools.modules.itunes.EntryInformationImpl
23:44:29.781 [main] DEBUG com.rometools.modules.cc.io.CCModuleGenerator - class com.rometools.rome.feed.module.DCModuleImpl
23:44:29.781 [main] DEBUG com.rometools.modules.cc.io.CCModuleGenerator - 2
23:44:29.781 [main] DEBUG com.rometools.modules.cc.io.CCModuleGenerator - class com.rometools.modules.itunes.EntryInformationImpl
23:44:29.781 [main] DEBUG com.rometools.modules.cc.io.CCModuleGenerator - class com.rometools.rome.feed.module.DCModuleImpl
23:44:29.781 [main] DEBUG com.rometools.modules.cc.io.CCModuleGenerator - 2
23:44:29.781 [main] DEBUG com.rometools.modules.cc.io.CCModuleGenerator - class com.rometools.modules.itunes.EntryInformationImpl
23:44:29.781 [main] DEBUG com.rometools.modules.cc.io.CCModuleGenerator - class com.rometools.rome.feed.module.DCModuleImpl
23:44:29.781 [main] DEBUG com.rometools.modules.cc.io.CCModuleGenerator - 2
23:44:29.781 [main] DEBUG com.rometools.modules.cc.io.CCModuleGenerator - class com.rometools.modules.itunes.EntryInformationImpl
23:44:29.781 [main] DEBUG com.rometools.modules.cc.io.CCModuleGenerator - class com.rometools.rome.feed.module.DCModuleImpl
23:44:29.794 [main] DEBUG com.rometools.modules.base.io.GoogleBaseParser - Property: format doesn't have a tag mapping.
23:44:29.794 [main] DEBUG com.rometools.modules.base.io.GoogleBaseParser - Property: expirationDateTime doesn't have a tag mapping.
23:44:29.794 [main] DEBUG com.rometools.modules.base.io.GoogleBaseParser - Property: interface doesn't have a tag mapping.
23:44:29.794 [main] DEBUG com.rometools.modules.base.io.GoogleBaseParser - Property: uri doesn't have a tag mapping.
23:44:29.794 [main] DEBUG com.rometools.modules.base.io.GoogleBaseParser - Property: licenses doesn't have a tag mapping.
23:44:29.797 [main] DEBUG com.rometools.modules.base.io.GoogleBaseParser - Property: format doesn't have a tag mapping.
23:44:29.797 [main] DEBUG com.rometools.modules.base.io.GoogleBaseParser - Property: expirationDateTime doesn't have a tag mapping.
23:44:29.797 [main] DEBUG com.rometools.modules.base.io.GoogleBaseParser - Property: interface doesn't have a tag mapping.
23:44:29.797 [main] DEBUG com.rometools.modules.base.io.GoogleBaseParser - Property: uri doesn't have a tag mapping.
23:44:29.797 [main] DEBUG com.rometools.modules.base.io.GoogleBaseParser - Property: licenses doesn't have a tag mapping.
23:44:29.798 [main] DEBUG com.rometools.modules.cc.io.CCModuleGenerator - 2
23:44:29.798 [main] DEBUG com.rometools.modules.cc.io.CCModuleGenerator - class com.rometools.modules.base.GoogleBaseImpl
23:44:29.798 [main] DEBUG com.rometools.modules.cc.io.CCModuleGenerator - class com.rometools.rome.feed.module.DCModuleImpl
23:44:29.798 [main] DEBUG com.rometools.modules.cc.io.CCModuleGenerator - 2
23:44:29.798 [main] DEBUG com.rometools.modules.cc.io.CCModuleGenerator - class com.rometools.modules.base.GoogleBaseImpl
23:44:29.798 [main] DEBUG com.rometools.modules.cc.io.CCModuleGenerator - class com.rometools.rome.feed.module.DCModuleImpl
23:44:29.808 [main] DEBUG com.rometools.modules.base.io.GoogleBaseParser - Property: format doesn't have a tag mapping.
23:44:29.808 [main] DEBUG com.rometools.modules.base.io.GoogleBaseParser - Property: expirationDateTime doesn't have a tag mapping.
23:44:29.808 [main] DEBUG com.rometools.modules.base.io.GoogleBaseParser - Property: interface doesn't have a tag mapping.
23:44:29.808 [main] DEBUG com.rometools.modules.base.io.GoogleBaseParser - Property: uri doesn't have a tag mapping.
23:44:29.808 [main] DEBUG com.rometools.modules.base.io.GoogleBaseParser - Property: licenses doesn't have a tag mapping.
23:44:29.808 [main] DEBUG com.rometools.modules.base.io.GoogleBaseParser - Property: format doesn't have a tag mapping.
23:44:29.808 [main] DEBUG com.rometools.modules.base.io.GoogleBaseParser - Property: expirationDateTime doesn't have a tag mapping.
23:44:29.808 [main] DEBUG com.rometools.modules.base.io.GoogleBaseParser - Property: interface doesn't have a tag mapping.
23:44:29.808 [main] DEBUG com.rometools.modules.base.io.GoogleBaseParser - Property: uri doesn't have a tag mapping.
23:44:29.808 [main] DEBUG com.rometools.modules.base.io.GoogleBaseParser - Property: licenses doesn't have a tag mapping.
23:44:29.809 [main] DEBUG com.rometools.modules.cc.io.CCModuleGenerator - 2
23:44:29.809 [main] DEBUG com.rometools.modules.cc.io.CCModuleGenerator - class com.rometools.modules.base.GoogleBaseImpl
23:44:29.809 [main] DEBUG com.rometools.modules.cc.io.CCModuleGenerator - class com.rometools.rome.feed.module.DCModuleImpl
23:44:29.809 [main] DEBUG com.rometools.modules.cc.io.CCModuleGenerator - 2
23:44:29.809 [main] DEBUG com.rometools.modules.cc.io.CCModuleGenerator - class com.rometools.modules.base.GoogleBaseImpl
23:44:29.809 [main] DEBUG com.rometools.modules.cc.io.CCModuleGenerator - class com.rometools.rome.feed.module.DCModuleImpl
23:44:29.837 [main] DEBUG com.rometools.modules.base.io.GoogleBaseParser - Property: format doesn't have a tag mapping.
23:44:29.837 [main] DEBUG com.rometools.modules.base.io.GoogleBaseParser - Property: expirationDateTime doesn't have a tag mapping.
23:44:29.837 [main] DEBUG com.rometools.modules.base.io.GoogleBaseParser - Property: interface doesn't have a tag mapping.
23:44:29.837 [main] DEBUG com.rometools.modules.base.io.GoogleBaseParser - Property: uri doesn't have a tag mapping.
23:44:29.837 [main] DEBUG com.rometools.modules.base.io.GoogleBaseParser - Property: licenses doesn't have a tag mapping.
23:44:29.837 [main] DEBUG com.rometools.modules.cc.io.CCModuleGenerator - 3
23:44:29.837 [main] DEBUG com.rometools.modules.cc.io.CCModuleGenerator - class com.rometools.modules.base.GoogleBaseImpl
23:44:29.837 [main] DEBUG com.rometools.modules.cc.io.CCModuleGenerator - class com.rometools.modules.base.CustomTagsImpl
23:44:29.837 [main] DEBUG com.rometools.modules.cc.io.CCModuleGenerator - class com.rometools.rome.feed.module.DCModuleImpl
23:44:29.844 [main] DEBUG com.rometools.modules.base.io.GoogleBaseParser - Property: format doesn't have a tag mapping.
23:44:29.844 [main] DEBUG com.rometools.modules.base.io.GoogleBaseParser - Property: expirationDateTime doesn't have a tag mapping.
23:44:29.844 [main] DEBUG com.rometools.modules.base.io.GoogleBaseParser - Property: interface doesn't have a tag mapping.
23:44:29.844 [main] DEBUG com.rometools.modules.base.io.GoogleBaseParser - Property: uri doesn't have a tag mapping.
23:44:29.844 [main] DEBUG com.rometools.modules.base.io.GoogleBaseParser - Property: licenses doesn't have a tag mapping.
23:44:29.850 [main] DEBUG com.rometools.modules.base.io.GoogleBaseParser - Property: format doesn't have a tag mapping.
23:44:29.851 [main] DEBUG com.rometools.modules.base.io.GoogleBaseParser - Property: expirationDateTime doesn't have a tag mapping.
23:44:29.851 [main] DEBUG com.rometools.modules.base.io.GoogleBaseParser - Property: interface doesn't have a tag mapping.
23:44:29.851 [main] DEBUG com.rometools.modules.base.io.GoogleBaseParser - Property: uri doesn't have a tag mapping.
23:44:29.851 [main] DEBUG com.rometools.modules.base.io.GoogleBaseParser - Property: licenses doesn't have a tag mapping.
23:44:29.852 [main] DEBUG com.rometools.modules.cc.io.CCModuleGenerator - 2
23:44:29.853 [main] DEBUG com.rometools.modules.cc.io.CCModuleGenerator - class com.rometools.modules.base.GoogleBaseImpl
23:44:29.853 [main] DEBUG com.rometools.modules.cc.io.CCModuleGenerator - class com.rometools.rome.feed.module.DCModuleImpl
23:44:29.853 [main] DEBUG com.rometools.modules.cc.io.CCModuleGenerator - 2
23:44:29.853 [main] DEBUG com.rometools.modules.cc.io.CCModuleGenerator - class com.rometools.modules.base.GoogleBaseImpl
23:44:29.853 [main] DEBUG com.rometools.modules.cc.io.CCModuleGenerator - class com.rometools.rome.feed.module.DCModuleImpl
23:44:29.856 [main] DEBUG com.rometools.modules.base.io.GoogleBaseParser - Property: format doesn't have a tag mapping.
23:44:29.856 [main] DEBUG com.rometools.modules.base.io.GoogleBaseParser - Property: expirationDateTime doesn't have a tag mapping.
23:44:29.856 [main] DEBUG com.rometools.modules.base.io.GoogleBaseParser - Property: interface doesn't have a tag mapping.
23:44:29.856 [main] DEBUG com.rometools.modules.base.io.GoogleBaseParser - Property: uri doesn't have a tag mapping.
23:44:29.856 [main] DEBUG com.rometools.modules.base.io.GoogleBaseParser - Property: licenses doesn't have a tag mapping.
23:44:29.859 [main] DEBUG com.rometools.modules.base.io.GoogleBaseParser - Property: format doesn't have a tag mapping.
23:44:29.859 [main] DEBUG com.rometools.modules.base.io.GoogleBaseParser - Property: expirationDateTime doesn't have a tag mapping.
23:44:29.859 [main] DEBUG com.rometools.modules.base.io.GoogleBaseParser - Property: interface doesn't have a tag mapping.
23:44:29.859 [main] DEBUG com.rometools.modules.base.io.GoogleBaseParser - Property: uri doesn't have a tag mapping.
23:44:29.859 [main] DEBUG com.rometools.modules.base.io.GoogleBaseParser - Property: licenses doesn't have a tag mapping.
23:44:29.860 [main] DEBUG com.rometools.modules.cc.io.CCModuleGenerator - 2
23:44:29.860 [main] DEBUG com.rometools.modules.cc.io.CCModuleGenerator - class com.rometools.modules.base.GoogleBaseImpl
23:44:29.860 [main] DEBUG com.rometools.modules.cc.io.CCModuleGenerator - class com.rometools.rome.feed.module.DCModuleImpl
23:44:29.860 [main] DEBUG com.rometools.modules.cc.io.CCModuleGenerator - 2
23:44:29.860 [main] DEBUG com.rometools.modules.cc.io.CCModuleGenerator - class com.rometools.modules.base.GoogleBaseImpl
23:44:29.860 [main] DEBUG com.rometools.modules.cc.io.CCModuleGenerator - class com.rometools.rome.feed.module.DCModuleImpl
23:44:29.870 [main] DEBUG com.rometools.modules.base.io.GoogleBaseParser - Property: format doesn't have a tag mapping.
23:44:29.870 [main] DEBUG com.rometools.modules.base.io.GoogleBaseParser - Property: expirationDateTime doesn't have a tag mapping.
23:44:29.870 [main] DEBUG com.rometools.modules.base.io.GoogleBaseParser - Property: interface doesn't have a tag mapping.
23:44:29.870 [main] DEBUG com.rometools.modules.base.io.GoogleBaseParser - Property: uri doesn't have a tag mapping.
23:44:29.870 [main] DEBUG com.rometools.modules.base.io.GoogleBaseParser - Property: licenses doesn't have a tag mapping.
23:44:29.926 [main] DEBUG com.rometools.modules.base.io.GoogleBaseParser - Property: format doesn't have a tag mapping.
23:44:29.926 [main] DEBUG com.rometools.modules.base.io.GoogleBaseParser - Property: expirationDateTime doesn't have a tag mapping.
23:44:29.926 [main] DEBUG com.rometools.modules.base.io.GoogleBaseParser - Property: interface doesn't have a tag mapping.
23:44:29.926 [main] DEBUG com.rometools.modules.base.io.GoogleBaseParser - Property: uri doesn't have a tag mapping.
23:44:29.926 [main] DEBUG com.rometools.modules.base.io.GoogleBaseParser - Property: licenses doesn't have a tag mapping.
23:44:29.927 [main] DEBUG com.rometools.modules.cc.io.CCModuleGenerator - 2
23:44:29.927 [main] DEBUG com.rometools.modules.cc.io.CCModuleGenerator - class com.rometools.modules.base.GoogleBaseImpl
23:44:29.927 [main] DEBUG com.rometools.modules.cc.io.CCModuleGenerator - class com.rometools.rome.feed.module.DCModuleImpl
23:44:29.927 [main] DEBUG com.rometools.modules.cc.io.CCModuleGenerator - 2
23:44:29.927 [main] DEBUG com.rometools.modules.cc.io.CCModuleGenerator - class com.rometools.modules.base.GoogleBaseImpl
23:44:29.927 [main] DEBUG com.rometools.modules.cc.io.CCModuleGenerator - class com.rometools.rome.feed.module.DCModuleImpl
23:44:29.930 [main] DEBUG com.rometools.modules.base.io.GoogleBaseParser - Property: format doesn't have a tag mapping.
23:44:29.930 [main] DEBUG com.rometools.modules.base.io.GoogleBaseParser - Property: expirationDateTime doesn't have a tag mapping.
23:44:29.930 [main] DEBUG com.rometools.modules.base.io.GoogleBaseParser - Property: interface doesn't have a tag mapping.
23:44:29.930 [main] DEBUG com.rometools.modules.base.io.GoogleBaseParser - Property: uri doesn't have a tag mapping.
23:44:29.930 [main] DEBUG com.rometools.modules.base.io.GoogleBaseParser - Property: licenses doesn't have a tag mapping.
23:44:29.931 [main] DEBUG com.rometools.modules.base.io.GoogleBaseParser - Property: format doesn't have a tag mapping.
23:44:29.931 [main] DEBUG com.rometools.modules.base.io.GoogleBaseParser - Property: expirationDateTime doesn't have a tag mapping.
23:44:29.931 [main] DEBUG com.rometools.modules.base.io.GoogleBaseParser - Property: interface doesn't have a tag mapping.
23:44:29.931 [main] DEBUG com.rometools.modules.base.io.GoogleBaseParser - Property: uri doesn't have a tag mapping.
23:44:29.931 [main] DEBUG com.rometools.modules.base.io.GoogleBaseParser - Property: licenses doesn't have a tag mapping.
23:44:29.931 [main] DEBUG com.rometools.modules.cc.io.CCModuleGenerator - 2
23:44:29.932 [main] DEBUG com.rometools.modules.cc.io.CCModuleGenerator - class com.rometools.modules.base.GoogleBaseImpl
23:44:29.932 [main] DEBUG com.rometools.modules.cc.io.CCModuleGenerator - class com.rometools.rome.feed.module.DCModuleImpl
23:44:29.932 [main] DEBUG com.rometools.modules.cc.io.CCModuleGenerator - 2
23:44:29.932 [main] DEBUG com.rometools.modules.cc.io.CCModuleGenerator - class com.rometools.modules.base.GoogleBaseImpl
23:44:29.932 [main] DEBUG com.rometools.modules.cc.io.CCModuleGenerator - class com.rometools.rome.feed.module.DCModuleImpl
23:44:29.941 [main] DEBUG com.rometools.modules.base.io.GoogleBaseParser - Property: format doesn't have a tag mapping.
23:44:29.941 [main] DEBUG com.rometools.modules.base.io.GoogleBaseParser - Property: expirationDateTime doesn't have a tag mapping.
23:44:29.941 [main] DEBUG com.rometools.modules.base.io.GoogleBaseParser - Property: interface doesn't have a tag mapping.
23:44:29.941 [main] DEBUG com.rometools.modules.base.io.GoogleBaseParser - Property: uri doesn't have a tag mapping.
23:44:29.941 [main] DEBUG com.rometools.modules.base.io.GoogleBaseParser - Property: licenses doesn't have a tag mapping.
23:44:29.944 [main] DEBUG com.rometools.modules.base.io.GoogleBaseParser - Property: format doesn't have a tag mapping.
23:44:29.944 [main] DEBUG com.rometools.modules.base.io.GoogleBaseParser - Property: expirationDateTime doesn't have a tag mapping.
23:44:29.944 [main] DEBUG com.rometools.modules.base.io.GoogleBaseParser - Property: interface doesn't have a tag mapping.
23:44:29.944 [main] DEBUG com.rometools.modules.base.io.GoogleBaseParser - Property: uri doesn't have a tag mapping.
23:44:29.945 [main] DEBUG com.rometools.modules.base.io.GoogleBaseParser - Property: licenses doesn't have a tag mapping.
23:44:29.948 [main] DEBUG com.rometools.modules.cc.io.CCModuleGenerator - 2
23:44:29.948 [main] DEBUG com.rometools.modules.cc.io.CCModuleGenerator - class com.rometools.modules.base.GoogleBaseImpl
23:44:29.948 [main] DEBUG com.rometools.modules.cc.io.CCModuleGenerator - class com.rometools.rome.feed.module.DCModuleImpl
23:44:29.948 [main] DEBUG com.rometools.modules.cc.io.CCModuleGenerator - 2
23:44:29.948 [main] DEBUG com.rometools.modules.cc.io.CCModuleGenerator - class com.rometools.modules.base.GoogleBaseImpl
23:44:29.948 [main] DEBUG com.rometools.modules.cc.io.CCModuleGenerator - class com.rometools.rome.feed.module.DCModuleImpl
23:44:29.963 [main] DEBUG com.rometools.modules.base.io.GoogleBaseParser - Property: format doesn't have a tag mapping.
23:44:29.963 [main] DEBUG com.rometools.modules.base.io.GoogleBaseParser - Property: expirationDateTime doesn't have a tag mapping.
23:44:29.963 [main] DEBUG com.rometools.modules.base.io.GoogleBaseParser - Property: interface doesn't have a tag mapping.
23:44:29.963 [main] DEBUG com.rometools.modules.base.io.GoogleBaseParser - Property: uri doesn't have a tag mapping.
23:44:29.963 [main] DEBUG com.rometools.modules.base.io.GoogleBaseParser - Property: licenses doesn't have a tag mapping.
23:44:29.969 [main] DEBUG com.rometools.modules.base.io.GoogleBaseParser - Property: format doesn't have a tag mapping.
23:44:29.969 [main] DEBUG com.rometools.modules.base.io.GoogleBaseParser - Property: expirationDateTime doesn't have a tag mapping.
23:44:29.969 [main] DEBUG com.rometools.modules.base.io.GoogleBaseParser - Property: interface doesn't have a tag mapping.
23:44:29.969 [main] DEBUG com.rometools.modules.base.io.GoogleBaseParser - Property: uri doesn't have a tag mapping.
23:44:29.969 [main] DEBUG com.rometools.modules.base.io.GoogleBaseParser - Property: licenses doesn't have a tag mapping.
23:44:29.970 [main] DEBUG com.rometools.modules.cc.io.CCModuleGenerator - 2
23:44:29.970 [main] DEBUG com.rometools.modules.cc.io.CCModuleGenerator - class com.rometools.modules.base.GoogleBaseImpl
23:44:29.970 [main] DEBUG com.rometools.modules.cc.io.CCModuleGenerator - class com.rometools.rome.feed.module.DCModuleImpl
23:44:29.970 [main] DEBUG com.rometools.modules.cc.io.CCModuleGenerator - 2
23:44:29.970 [main] DEBUG com.rometools.modules.cc.io.CCModuleGenerator - class com.rometools.modules.base.GoogleBaseImpl
23:44:29.970 [main] DEBUG com.rometools.modules.cc.io.CCModuleGenerator - class com.rometools.rome.feed.module.DCModuleImpl
23:44:29.981 [main] DEBUG com.rometools.modules.cc.io.CCModuleGenerator - 2
23:44:29.981 [main] DEBUG com.rometools.modules.cc.io.CCModuleGenerator - class com.rometools.modules.itunes.EntryInformationImpl
23:44:29.981 [main] DEBUG com.rometools.modules.cc.io.CCModuleGenerator - class com.rometools.rome.feed.module.DCModuleImpl
23:44:29.981 [main] DEBUG com.rometools.modules.cc.io.CCModuleGenerator - 2
23:44:29.981 [main] DEBUG com.rometools.modules.cc.io.CCModuleGenerator - class com.rometools.modules.itunes.EntryInformationImpl
23:44:29.981 [main] DEBUG com.rometools.modules.cc.io.CCModuleGenerator - class com.rometools.rome.feed.module.DCModuleImpl
23:44:29.981 [main] DEBUG com.rometools.modules.cc.io.CCModuleGenerator - 2
23:44:29.981 [main] DEBUG com.rometools.modules.cc.io.CCModuleGenerator - class com.rometools.modules.itunes.EntryInformationImpl
23:44:29.981 [main] DEBUG com.rometools.modules.cc.io.CCModuleGenerator - class com.rometools.rome.feed.module.DCModuleImpl
23:44:29.982 [main] DEBUG com.rometools.modules.cc.io.CCModuleGenerator - 2
23:44:29.982 [main] DEBUG com.rometools.modules.cc.io.CCModuleGenerator - class com.rometools.modules.itunes.EntryInformationImpl
23:44:29.982 [main] DEBUG com.rometools.modules.cc.io.CCModuleGenerator - class com.rometools.rome.feed.module.DCModuleImpl
23:44:29.986 [main] WARN  com.rometools.modules.itunes.io.ITunesParser - Malformed URL Exception reading itunes:image tag: 
23:44:30.000 [main] DEBUG com.rometools.modules.cc.io.CCModuleGenerator - 2
23:44:30.000 [main] DEBUG com.rometools.modules.cc.io.CCModuleGenerator - class com.rometools.modules.itunes.EntryInformationImpl
23:44:30.000 [main] DEBUG com.rometools.modules.cc.io.CCModuleGenerator - class com.rometools.rome.feed.module.DCModuleImpl
23:44:30.000 [main] DEBUG com.rometools.modules.cc.io.CCModuleGenerator - 2
23:44:30.000 [main] DEBUG com.rometools.modules.cc.io.CCModuleGenerator - class com.rometools.modules.itunes.EntryInformationImpl
23:44:30.000 [main] DEBUG com.rometools.modules.cc.io.CCModuleGenerator - class com.rometools.rome.feed.module.DCModuleImpl
23:44:30.000 [main] DEBUG com.rometools.modules.cc.io.CCModuleGenerator - 2
23:44:30.000 [main] DEBUG com.rometools.modules.cc.io.CCModuleGenerator - class com.rometools.modules.itunes.EntryInformationImpl
23:44:30.000 [main] DEBUG com.rometools.modules.cc.io.CCModuleGenerator - class com.rometools.rome.feed.module.DCModuleImpl
23:44:30.000 [main] DEBUG com.rometools.modules.cc.io.CCModuleGenerator - 2
23:44:30.000 [main] DEBUG com.rometools.modules.cc.io.CCModuleGenerator - class com.rometools.modules.itunes.EntryInformationImpl
23:44:30.000 [main] DEBUG com.rometools.modules.cc.io.CCModuleGenerator - class com.rometools.rome.feed.module.DCModuleImpl
23:44:30.000 [main] DEBUG com.rometools.modules.cc.io.CCModuleGenerator - 2
23:44:30.000 [main] DEBUG com.rometools.modules.cc.io.CCModuleGenerator - class com.rometools.modules.itunes.EntryInformationImpl
23:44:30.000 [main] DEBUG com.rometools.modules.cc.io.CCModuleGenerator - class com.rometools.rome.feed.module.DCModuleImpl
23:44:30.000 [main] DEBUG com.rometools.modules.cc.io.CCModuleGenerator - 2
23:44:30.001 [main] DEBUG com.rometools.modules.cc.io.CCModuleGenerator - class com.rometools.modules.itunes.EntryInformationImpl
23:44:30.001 [main] DEBUG com.rometools.modules.cc.io.CCModuleGenerator - class com.rometools.rome.feed.module.DCModuleImpl
23:44:30.001 [main] DEBUG com.rometools.modules.cc.io.CCModuleGenerator - 2
23:44:30.001 [main] DEBUG com.rometools.modules.cc.io.CCModuleGenerator - class com.rometools.modules.itunes.EntryInformationImpl
23:44:30.001 [main] DEBUG com.rometools.modules.cc.io.CCModuleGenerator - class com.rometools.rome.feed.module.DCModuleImpl
23:44:30.001 [main] DEBUG com.rometools.modules.cc.io.CCModuleGenerator - 2
23:44:30.001 [main] DEBUG com.rometools.modules.cc.io.CCModuleGenerator - class com.rometools.modules.itunes.EntryInformationImpl
23:44:30.001 [main] DEBUG com.rometools.modules.cc.io.CCModuleGenerator - class com.rometools.rome.feed.module.DCModuleImpl
23:44:30.001 [main] DEBUG com.rometools.modules.cc.io.CCModuleGenerator - 2
23:44:30.001 [main] DEBUG com.rometools.modules.cc.io.CCModuleGenerator - class com.rometools.modules.itunes.EntryInformationImpl
23:44:30.001 [main] DEBUG com.rometools.modules.cc.io.CCModuleGenerator - class com.rometools.rome.feed.module.DCModuleImpl
23:44:30.009 [main] DEBUG com.rometools.modules.base.io.GoogleBaseParser - Property: format doesn't have a tag mapping.
23:44:30.009 [main] DEBUG com.rometools.modules.base.io.GoogleBaseParser - Property: expirationDateTime doesn't have a tag mapping.
23:44:30.009 [main] DEBUG com.rometools.modules.base.io.GoogleBaseParser - Property: interface doesn't have a tag mapping.
23:44:30.009 [main] DEBUG com.rometools.modules.base.io.GoogleBaseParser - Property: uri doesn't have a tag mapping.
23:44:30.009 [main] DEBUG com.rometools.modules.base.io.GoogleBaseParser - Property: licenses doesn't have a tag mapping.
23:44:30.022 [main] DEBUG com.rometools.modules.base.io.GoogleBaseParser - Property: format doesn't have a tag mapping.
23:44:30.023 [main] DEBUG com.rometools.modules.base.io.GoogleBaseParser - Property: expirationDateTime doesn't have a tag mapping.
23:44:30.023 [main] DEBUG com.rometools.modules.base.io.GoogleBaseParser - Property: interface doesn't have a tag mapping.
23:44:30.023 [main] DEBUG com.rometools.modules.base.io.GoogleBaseParser - Property: uri doesn't have a tag mapping.
23:44:30.023 [main] DEBUG com.rometools.modules.base.io.GoogleBaseParser - Property: licenses doesn't have a tag mapping.
23:44:30.023 [main] DEBUG com.rometools.modules.cc.io.CCModuleGenerator - 2
23:44:30.023 [main] DEBUG com.rometools.modules.cc.io.CCModuleGenerator - class com.rometools.modules.base.GoogleBaseImpl
23:44:30.024 [main] DEBUG com.rometools.modules.cc.io.CCModuleGenerator - class com.rometools.rome.feed.module.DCModuleImpl
23:44:30.024 [main] DEBUG com.rometools.modules.cc.io.CCModuleGenerator - 2
23:44:30.024 [main] DEBUG com.rometools.modules.cc.io.CCModuleGenerator - class com.rometools.modules.base.GoogleBaseImpl
23:44:30.024 [main] DEBUG com.rometools.modules.cc.io.CCModuleGenerator - class com.rometools.rome.feed.module.DCModuleImpl
23:44:30.028 [main] DEBUG com.rometools.modules.base.io.GoogleBaseParser - Property: format doesn't have a tag mapping.
23:44:30.028 [main] DEBUG com.rometools.modules.base.io.GoogleBaseParser - Property: expirationDateTime doesn't have a tag mapping.
23:44:30.028 [main] DEBUG com.rometools.modules.base.io.GoogleBaseParser - Property: interface doesn't have a tag mapping.
23:44:30.028 [main] DEBUG com.rometools.modules.base.io.GoogleBaseParser - Property: uri doesn't have a tag mapping.
23:44:30.029 [main] DEBUG com.rometools.modules.base.io.GoogleBaseParser - Property: licenses doesn't have a tag mapping.
23:44:30.029 [main] DEBUG com.rometools.modules.base.io.GoogleBaseParser - Property: format doesn't have a tag mapping.
23:44:30.030 [main] DEBUG com.rometools.modules.base.io.GoogleBaseParser - Property: expirationDateTime doesn't have a tag mapping.
23:44:30.030 [main] DEBUG com.rometools.modules.base.io.GoogleBaseParser - Property: interface doesn't have a tag mapping.
23:44:30.030 [main] DEBUG com.rometools.modules.base.io.GoogleBaseParser - Property: uri doesn't have a tag mapping.
23:44:30.030 [main] DEBUG com.rometools.modules.base.io.GoogleBaseParser - Property: licenses doesn't have a tag mapping.
23:44:30.030 [main] DEBUG com.rometools.modules.cc.io.CCModuleGenerator - 2
23:44:30.030 [main] DEBUG com.rometools.modules.cc.io.CCModuleGenerator - class com.rometools.modules.base.GoogleBaseImpl
23:44:30.030 [main] DEBUG com.rometools.modules.cc.io.CCModuleGenerator - class com.rometools.rome.feed.module.DCModuleImpl
23:44:30.030 [main] DEBUG com.rometools.modules.cc.io.CCModuleGenerator - 2
23:44:30.030 [main] DEBUG com.rometools.modules.cc.io.CCModuleGenerator - class com.rometools.modules.base.GoogleBaseImpl
23:44:30.030 [main] DEBUG com.rometools.modules.cc.io.CCModuleGenerator - class com.rometools.rome.feed.module.DCModuleImpl
23:44:30.047 [main] DEBUG com.rometools.modules.base.io.GoogleBaseParser - Property: format doesn't have a tag mapping.
23:44:30.047 [main] DEBUG com.rometools.modules.base.io.GoogleBaseParser - Property: expirationDateTime doesn't have a tag mapping.
23:44:30.047 [main] DEBUG com.rometools.modules.base.io.GoogleBaseParser - Property: interface doesn't have a tag mapping.
23:44:30.047 [main] DEBUG com.rometools.modules.base.io.GoogleBaseParser - Property: uri doesn't have a tag mapping.
23:44:30.047 [main] DEBUG com.rometools.modules.base.io.GoogleBaseParser - Property: licenses doesn't have a tag mapping.
23:44:30.050 [main] DEBUG com.rometools.modules.base.io.GoogleBaseParser - Property: format doesn't have a tag mapping.
23:44:30.050 [main] DEBUG com.rometools.modules.base.io.GoogleBaseParser - Property: expirationDateTime doesn't have a tag mapping.
23:44:30.050 [main] DEBUG com.rometools.modules.base.io.GoogleBaseParser - Property: interface doesn't have a tag mapping.
23:44:30.050 [main] DEBUG com.rometools.modules.base.io.GoogleBaseParser - Property: uri doesn't have a tag mapping.
23:44:30.050 [main] DEBUG com.rometools.modules.base.io.GoogleBaseParser - Property: licenses doesn't have a tag mapping.
23:44:30.054 [main] DEBUG com.rometools.modules.cc.io.CCModuleGenerator - 2
23:44:30.054 [main] DEBUG com.rometools.modules.cc.io.CCModuleGenerator - class com.rometools.modules.base.GoogleBaseImpl
23:44:30.054 [main] DEBUG com.rometools.modules.cc.io.CCModuleGenerator - class com.rometools.rome.feed.module.DCModuleImpl
23:44:30.055 [main] DEBUG com.rometools.modules.cc.io.CCModuleGenerator - 2
23:44:30.055 [main] DEBUG com.rometools.modules.cc.io.CCModuleGenerator - class com.rometools.modules.base.GoogleBaseImpl
23:44:30.055 [main] DEBUG com.rometools.modules.cc.io.CCModuleGenerator - class com.rometools.rome.feed.module.DCModuleImpl
23:44:30.063 [main] DEBUG com.rometools.modules.base.io.GoogleBaseParser - Property: format doesn't have a tag mapping.
23:44:30.063 [main] DEBUG com.rometools.modules.base.io.GoogleBaseParser - Property: expirationDateTime doesn't have a tag mapping.
23:44:30.063 [main] DEBUG com.rometools.modules.base.io.GoogleBaseParser - Property: interface doesn't have a tag mapping.
23:44:30.063 [main] DEBUG com.rometools.modules.base.io.GoogleBaseParser - Property: uri doesn't have a tag mapping.
23:44:30.063 [main] DEBUG com.rometools.modules.base.io.GoogleBaseParser - Property: licenses doesn't have a tag mapping.
23:44:30.063 [main] DEBUG com.rometools.modules.base.io.GoogleBaseParser - Property: format doesn't have a tag mapping.
23:44:30.064 [main] DEBUG com.rometools.modules.base.io.GoogleBaseParser - Property: expirationDateTime doesn't have a tag mapping.
23:44:30.064 [main] DEBUG com.rometools.modules.base.io.GoogleBaseParser - Property: interface doesn't have a tag mapping.
23:44:30.064 [main] DEBUG com.rometools.modules.base.io.GoogleBaseParser - Property: uri doesn't have a tag mapping.
23:44:30.064 [main] DEBUG com.rometools.modules.base.io.GoogleBaseParser - Property: licenses doesn't have a tag mapping.
23:44:30.064 [main] DEBUG com.rometools.modules.cc.io.CCModuleGenerator - 2
23:44:30.064 [main] DEBUG com.rometools.modules.cc.io.CCModuleGenerator - class com.rometools.modules.base.GoogleBaseImpl
23:44:30.064 [main] DEBUG com.rometools.modules.cc.io.CCModuleGenerator - class com.rometools.rome.feed.module.DCModuleImpl
23:44:30.064 [main] DEBUG com.rometools.modules.cc.io.CCModuleGenerator - 2
23:44:30.064 [main] DEBUG com.rometools.modules.cc.io.CCModuleGenerator - class com.rometools.modules.base.GoogleBaseImpl
23:44:30.067 [main] DEBUG com.rometools.modules.cc.io.CCModuleGenerator - class com.rometools.rome.feed.module.DCModuleImpl
23:44:30.076 [main] DEBUG com.rometools.modules.base.io.GoogleBaseParser - Property: format doesn't have a tag mapping.
23:44:30.076 [main] DEBUG com.rometools.modules.base.io.GoogleBaseParser - Property: expirationDateTime doesn't have a tag mapping.
23:44:30.076 [main] DEBUG com.rometools.modules.base.io.GoogleBaseParser - Property: interface doesn't have a tag mapping.
23:44:30.076 [main] DEBUG com.rometools.modules.base.io.GoogleBaseParser - Property: uri doesn't have a tag mapping.
23:44:30.076 [main] DEBUG com.rometools.modules.base.io.GoogleBaseParser - Property: licenses doesn't have a tag mapping.
23:44:30.081 [main] DEBUG com.rometools.modules.base.io.GoogleBaseParser - Property: format doesn't have a tag mapping.
23:44:30.081 [main] DEBUG com.rometools.modules.base.io.GoogleBaseParser - Property: expirationDateTime doesn't have a tag mapping.
23:44:30.081 [main] DEBUG com.rometools.modules.base.io.GoogleBaseParser - Property: interface doesn't have a tag mapping.
23:44:30.081 [main] DEBUG com.rometools.modules.base.io.GoogleBaseParser - Property: uri doesn't have a tag mapping.
23:44:30.081 [main] DEBUG com.rometools.modules.base.io.GoogleBaseParser - Property: licenses doesn't have a tag mapping.
23:44:30.082 [main] DEBUG com.rometools.modules.cc.io.CCModuleGenerator - 2
23:44:30.082 [main] DEBUG com.rometools.modules.cc.io.CCModuleGenerator - class com.rometools.modules.base.GoogleBaseImpl
23:44:30.082 [main] DEBUG com.rometools.modules.cc.io.CCModuleGenerator - class com.rometools.rome.feed.module.DCModuleImpl
23:44:30.082 [main] DEBUG com.rometools.modules.cc.io.CCModuleGenerator - 2
23:44:30.082 [main] DEBUG com.rometools.modules.cc.io.CCModuleGenerator - class com.rometools.modules.base.GoogleBaseImpl
23:44:30.082 [main] DEBUG com.rometools.modules.cc.io.CCModuleGenerator - class com.rometools.rome.feed.module.DCModuleImpl
23:44:30.085 [main] DEBUG com.rometools.modules.base.io.GoogleBaseParser - Property: format doesn't have a tag mapping.
23:44:30.086 [main] DEBUG com.rometools.modules.base.io.GoogleBaseParser - Property: expirationDateTime doesn't have a tag mapping.
23:44:30.086 [main] DEBUG com.rometools.modules.base.io.GoogleBaseParser - Property: interface doesn't have a tag mapping.
23:44:30.086 [main] DEBUG com.rometools.modules.base.io.GoogleBaseParser - Property: uri doesn't have a tag mapping.
23:44:30.086 [main] DEBUG com.rometools.modules.base.io.GoogleBaseParser - Property: licenses doesn't have a tag mapping.
23:44:30.087 [main] DEBUG com.rometools.modules.base.io.GoogleBaseParser - Property: format doesn't have a tag mapping.
23:44:30.087 [main] DEBUG com.rometools.modules.base.io.GoogleBaseParser - Property: expirationDateTime doesn't have a tag mapping.
23:44:30.087 [main] DEBUG com.rometools.modules.base.io.GoogleBaseParser - Property: interface doesn't have a tag mapping.
23:44:30.087 [main] DEBUG com.rometools.modules.base.io.GoogleBaseParser - Property: uri doesn't have a tag mapping.
23:44:30.087 [main] DEBUG com.rometools.modules.base.io.GoogleBaseParser - Property: licenses doesn't have a tag mapping.
23:44:30.088 [main] DEBUG com.rometools.modules.cc.io.CCModuleGenerator - 2
23:44:30.088 [main] DEBUG com.rometools.modules.cc.io.CCModuleGenerator - class com.rometools.modules.base.GoogleBaseImpl
23:44:30.088 [main] DEBUG com.rometools.modules.cc.io.CCModuleGenerator - class com.rometools.rome.feed.module.DCModuleImpl
23:44:30.088 [main] DEBUG com.rometools.modules.cc.io.CCModuleGenerator - 2
23:44:30.088 [main] DEBUG com.rometools.modules.cc.io.CCModuleGenerator - class com.rometools.modules.base.GoogleBaseImpl
23:44:30.088 [main] DEBUG com.rometools.modules.cc.io.CCModuleGenerator - class com.rometools.rome.feed.module.DCModuleImpl
23:44:30.097 [main] DEBUG com.rometools.modules.base.io.GoogleBaseParser - Property: format doesn't have a tag mapping.
23:44:30.097 [main] DEBUG com.rometools.modules.base.io.GoogleBaseParser - Property: expirationDateTime doesn't have a tag mapping.
23:44:30.097 [main] DEBUG com.rometools.modules.base.io.GoogleBaseParser - Property: interface doesn't have a tag mapping.
23:44:30.097 [main] DEBUG com.rometools.modules.base.io.GoogleBaseParser - Property: uri doesn't have a tag mapping.
23:44:30.097 [main] DEBUG com.rometools.modules.base.io.GoogleBaseParser - Property: licenses doesn't have a tag mapping.
23:44:30.101 [main] DEBUG com.rometools.modules.base.io.GoogleBaseParser - Property: format doesn't have a tag mapping.
23:44:30.101 [main] DEBUG com.rometools.modules.base.io.GoogleBaseParser - Property: expirationDateTime doesn't have a tag mapping.
23:44:30.101 [main] DEBUG com.rometools.modules.base.io.GoogleBaseParser - Property: interface doesn't have a tag mapping.
23:44:30.101 [main] DEBUG com.rometools.modules.base.io.GoogleBaseParser - Property: uri doesn't have a tag mapping.
23:44:30.101 [main] DEBUG com.rometools.modules.base.io.GoogleBaseParser - Property: licenses doesn't have a tag mapping.
23:44:30.102 [main] DEBUG com.rometools.modules.cc.io.CCModuleGenerator - 2
23:44:30.102 [main] DEBUG com.rometools.modules.cc.io.CCModuleGenerator - class com.rometools.modules.base.GoogleBaseImpl
23:44:30.102 [main] DEBUG com.rometools.modules.cc.io.CCModuleGenerator - class com.rometools.rome.feed.module.DCModuleImpl
23:44:30.102 [main] DEBUG com.rometools.modules.cc.io.CCModuleGenerator - 2
23:44:30.102 [main] DEBUG com.rometools.modules.cc.io.CCModuleGenerator - class com.rometools.modules.base.GoogleBaseImpl
23:44:30.102 [main] DEBUG com.rometools.modules.cc.io.CCModuleGenerator - class com.rometools.rome.feed.module.DCModuleImpl
23:44:30.106 [main] DEBUG com.rometools.modules.base.io.GoogleBaseParser - Property: format doesn't have a tag mapping.
23:44:30.106 [main] DEBUG com.rometools.modules.base.io.GoogleBaseParser - Property: expirationDateTime doesn't have a tag mapping.
23:44:30.106 [main] DEBUG com.rometools.modules.base.io.GoogleBaseParser - Property: interface doesn't have a tag mapping.
23:44:30.107 [main] DEBUG com.rometools.modules.base.io.GoogleBaseParser - Property: uri doesn't have a tag mapping.
23:44:30.107 [main] DEBUG com.rometools.modules.base.io.GoogleBaseParser - Property: licenses doesn't have a tag mapping.
23:44:30.107 [main] DEBUG com.rometools.modules.base.io.GoogleBaseParser - Property: format doesn't have a tag mapping.
23:44:30.107 [main] DEBUG com.rometools.modules.base.io.GoogleBaseParser - Property: expirationDateTime doesn't have a tag mapping.
23:44:30.107 [main] DEBUG com.rometools.modules.base.io.GoogleBaseParser - Property: interface doesn't have a tag mapping.
23:44:30.107 [main] DEBUG com.rometools.modules.base.io.GoogleBaseParser - Property: uri doesn't have a tag mapping.
23:44:30.107 [main] DEBUG com.rometools.modules.base.io.GoogleBaseParser - Property: licenses doesn't have a tag mapping.
23:44:30.107 [main] DEBUG com.rometools.modules.cc.io.CCModuleGenerator - 2
23:44:30.107 [main] DEBUG com.rometools.modules.cc.io.CCModuleGenerator - class com.rometools.modules.base.GoogleBaseImpl
23:44:30.107 [main] DEBUG com.rometools.modules.cc.io.CCModuleGenerator - class com.rometools.rome.feed.module.DCModuleImpl
23:44:30.108 [main] DEBUG com.rometools.modules.cc.io.CCModuleGenerator - 2
23:44:30.108 [main] DEBUG com.rometools.modules.cc.io.CCModuleGenerator - class com.rometools.modules.base.GoogleBaseImpl
23:44:30.108 [main] DEBUG com.rometools.modules.cc.io.CCModuleGenerator - class com.rometools.rome.feed.module.DCModuleImpl
23:44:30.123 [main] DEBUG com.rometools.modules.base.io.GoogleBaseParser - Property: format doesn't have a tag mapping.
23:44:30.123 [main] DEBUG com.rometools.modules.base.io.GoogleBaseParser - Property: expirationDateTime doesn't have a tag mapping.
23:44:30.123 [main] DEBUG com.rometools.modules.base.io.GoogleBaseParser - Property: interface doesn't have a tag mapping.
23:44:30.123 [main] DEBUG com.rometools.modules.base.io.GoogleBaseParser - Property: uri doesn't have a tag mapping.
23:44:30.123 [main] DEBUG com.rometools.modules.base.io.GoogleBaseParser - Property: licenses doesn't have a tag mapping.
23:44:30.126 [main] DEBUG com.rometools.modules.base.io.GoogleBaseParser - Property: format doesn't have a tag mapping.
23:44:30.126 [main] DEBUG com.rometools.modules.base.io.GoogleBaseParser - Property: expirationDateTime doesn't have a tag mapping.
23:44:30.126 [main] DEBUG com.rometools.modules.base.io.GoogleBaseParser - Property: interface doesn't have a tag mapping.
23:44:30.126 [main] DEBUG com.rometools.modules.base.io.GoogleBaseParser - Property: uri doesn't have a tag mapping.
23:44:30.126 [main] DEBUG com.rometools.modules.base.io.GoogleBaseParser - Property: licenses doesn't have a tag mapping.
23:44:30.126 [main] DEBUG com.rometools.modules.cc.io.CCModuleGenerator - 2
23:44:30.126 [main] DEBUG com.rometools.modules.cc.io.CCModuleGenerator - class com.rometools.modules.base.GoogleBaseImpl
23:44:30.126 [main] DEBUG com.rometools.modules.cc.io.CCModuleGenerator - class com.rometools.rome.feed.module.DCModuleImpl
23:44:30.126 [main] DEBUG com.rometools.modules.cc.io.CCModuleGenerator - 2
23:44:30.126 [main] DEBUG com.rometools.modules.cc.io.CCModuleGenerator - class com.rometools.modules.base.GoogleBaseImpl
23:44:30.126 [main] DEBUG com.rometools.modules.cc.io.CCModuleGenerator - class com.rometools.rome.feed.module.DCModuleImpl
23:44:30.129 [main] DEBUG com.rometools.modules.base.io.GoogleBaseParser - Property: format doesn't have a tag mapping.
23:44:30.129 [main] DEBUG com.rometools.modules.base.io.GoogleBaseParser - Property: expirationDateTime doesn't have a tag mapping.
23:44:30.129 [main] DEBUG com.rometools.modules.base.io.GoogleBaseParser - Property: interface doesn't have a tag mapping.
23:44:30.130 [main] DEBUG com.rometools.modules.base.io.GoogleBaseParser - Property: uri doesn't have a tag mapping.
23:44:30.130 [main] DEBUG com.rometools.modules.base.io.GoogleBaseParser - Property: licenses doesn't have a tag mapping.
23:44:30.130 [main] DEBUG com.rometools.modules.base.io.GoogleBaseParser - Property: format doesn't have a tag mapping.
23:44:30.130 [main] DEBUG com.rometools.modules.base.io.GoogleBaseParser - Property: expirationDateTime doesn't have a tag mapping.
23:44:30.130 [main] DEBUG com.rometools.modules.base.io.GoogleBaseParser - Property: interface doesn't have a tag mapping.
23:44:30.130 [main] DEBUG com.rometools.modules.base.io.GoogleBaseParser - Property: uri doesn't have a tag mapping.
23:44:30.130 [main] DEBUG com.rometools.modules.base.io.GoogleBaseParser - Property: licenses doesn't have a tag mapping.
23:44:30.131 [main] DEBUG com.rometools.modules.cc.io.CCModuleGenerator - 2
23:44:30.131 [main] DEBUG com.rometools.modules.cc.io.CCModuleGenerator - class com.rometools.modules.base.GoogleBaseImpl
23:44:30.131 [main] DEBUG com.rometools.modules.cc.io.CCModuleGenerator - class com.rometools.rome.feed.module.DCModuleImpl
23:44:30.131 [main] DEBUG com.rometools.modules.cc.io.CCModuleGenerator - 2
23:44:30.131 [main] DEBUG com.rometools.modules.cc.io.CCModuleGenerator - class com.rometools.modules.base.GoogleBaseImpl
23:44:30.131 [main] DEBUG com.rometools.modules.cc.io.CCModuleGenerator - class com.rometools.rome.feed.module.DCModuleImpl
23:44:30.146 [main] DEBUG com.rometools.modules.cc.io.CCModuleGenerator - 2
23:44:30.146 [main] DEBUG com.rometools.modules.cc.io.CCModuleGenerator - class com.rometools.modules.itunes.EntryInformationImpl
23:44:30.146 [main] DEBUG com.rometools.modules.cc.io.CCModuleGenerator - class com.rometools.rome.feed.module.DCModuleImpl
23:44:30.146 [main] DEBUG com.rometools.modules.cc.io.CCModuleGenerator - 2
23:44:30.146 [main] DEBUG com.rometools.modules.cc.io.CCModuleGenerator - class com.rometools.modules.itunes.EntryInformationImpl
23:44:30.146 [main] DEBUG com.rometools.modules.cc.io.CCModuleGenerator - class com.rometools.rome.feed.module.DCModuleImpl
23:44:30.146 [main] DEBUG com.rometools.modules.cc.io.CCModuleGenerator - 2
23:44:30.146 [main] DEBUG com.rometools.modules.cc.io.CCModuleGenerator - class com.rometools.modules.itunes.EntryInformationImpl
23:44:30.146 [main] DEBUG com.rometools.modules.cc.io.CCModuleGenerator - class com.rometools.rome.feed.module.DCModuleImpl
23:44:30.147 [main] DEBUG com.rometools.modules.cc.io.CCModuleGenerator - 2
23:44:30.147 [main] DEBUG com.rometools.modules.cc.io.CCModuleGenerator - class com.rometools.modules.itunes.EntryInformationImpl
23:44:30.147 [main] DEBUG com.rometools.modules.cc.io.CCModuleGenerator - class com.rometools.rome.feed.module.DCModuleImpl
23:44:30.147 [main] DEBUG com.rometools.modules.cc.io.CCModuleGenerator - 2
23:44:30.147 [main] DEBUG com.rometools.modules.cc.io.CCModuleGenerator - class com.rometools.modules.itunes.EntryInformationImpl
23:44:30.147 [main] DEBUG com.rometools.modules.cc.io.CCModuleGenerator - class com.rometools.rome.feed.module.DCModuleImpl
23:44:30.147 [main] DEBUG com.rometools.modules.cc.io.CCModuleGenerator - 2
23:44:30.147 [main] DEBUG com.rometools.modules.cc.io.CCModuleGenerator - class com.rometools.modules.itunes.EntryInformationImpl
23:44:30.147 [main] DEBUG com.rometools.modules.cc.io.CCModuleGenerator - class com.rometools.rome.feed.module.DCModuleImpl
23:44:30.147 [main] DEBUG com.rometools.modules.cc.io.CCModuleGenerator - 2
23:44:30.147 [main] DEBUG com.rometools.modules.cc.io.CCModuleGenerator - class com.rometools.modules.itunes.EntryInformationImpl
23:44:30.147 [main] DEBUG com.rometools.modules.cc.io.CCModuleGenerator - class com.rometools.rome.feed.module.DCModuleImpl
23:44:30.147 [main] DEBUG com.rometools.modules.cc.io.CCModuleGenerator - 2
23:44:30.147 [main] DEBUG com.rometools.modules.cc.io.CCModuleGenerator - class com.rometools.modules.itunes.EntryInformationImpl
23:44:30.147 [main] DEBUG com.rometools.modules.cc.io.CCModuleGenerator - class com.rometools.rome.feed.module.DCModuleImpl
23:44:30.147 [main] DEBUG com.rometools.modules.cc.io.CCModuleGenerator - 2
23:44:30.147 [main] DEBUG com.rometools.modules.cc.io.CCModuleGenerator - class com.rometools.modules.itunes.EntryInformationImpl
23:44:30.147 [main] DEBUG com.rometools.modules.cc.io.CCModuleGenerator - class com.rometools.rome.feed.module.DCModuleImpl
23:44:30.147 [main] DEBUG com.rometools.modules.cc.io.CCModuleGenerator - 2
23:44:30.147 [main] DEBUG com.rometools.modules.cc.io.CCModuleGenerator - class com.rometools.modules.itunes.EntryInformationImpl
23:44:30.147 [main] DEBUG com.rometools.modules.cc.io.CCModuleGenerator - class com.rometools.rome.feed.module.DCModuleImpl
23:44:30.147 [main] DEBUG com.rometools.modules.cc.io.CCModuleGenerator - 2
23:44:30.147 [main] DEBUG com.rometools.modules.cc.io.CCModuleGenerator - class com.rometools.modules.itunes.EntryInformationImpl
23:44:30.147 [main] DEBUG com.rometools.modules.cc.io.CCModuleGenerator - class com.rometools.rome.feed.module.DCModuleImpl
23:44:30.147 [main] DEBUG com.rometools.modules.cc.io.CCModuleGenerator - 2
23:44:30.147 [main] DEBUG com.rometools.modules.cc.io.CCModuleGenerator - class com.rometools.modules.itunes.EntryInformationImpl
23:44:30.147 [main] DEBUG com.rometools.modules.cc.io.CCModuleGenerator - class com.rometools.rome.feed.module.DCModuleImpl
23:44:30.147 [main] DEBUG com.rometools.modules.cc.io.CCModuleGenerator - 2
23:44:30.147 [main] DEBUG com.rometools.modules.cc.io.CCModuleGenerator - class com.rometools.modules.itunes.EntryInformationImpl
23:44:30.147 [main] DEBUG com.rometools.modules.cc.io.CCModuleGenerator - class com.rometools.rome.feed.module.DCModuleImpl
23:44:30.147 [main] DEBUG com.rometools.modules.cc.io.CCModuleGenerator - 2
23:44:30.147 [main] DEBUG com.rometools.modules.cc.io.CCModuleGenerator - class com.rometools.modules.itunes.EntryInformationImpl
23:44:30.147 [main] DEBUG com.rometools.modules.cc.io.CCModuleGenerator - class com.rometools.rome.feed.module.DCModuleImpl
23:44:30.147 [main] DEBUG com.rometools.modules.cc.io.CCModuleGenerator - 2
23:44:30.147 [main] DEBUG com.rometools.modules.cc.io.CCModuleGenerator - class com.rometools.modules.itunes.EntryInformationImpl
23:44:30.147 [main] DEBUG com.rometools.modules.cc.io.CCModuleGenerator - class com.rometools.rome.feed.module.DCModuleImpl
23:44:30.157 [main] DEBUG com.rometools.modules.cc.io.CCModuleGenerator - 1
23:44:30.157 [main] DEBUG com.rometools.modules.cc.io.CCModuleGenerator - class com.rometools.rome.feed.module.DCModuleImpl
23:44:30.157 [main] DEBUG com.rometools.modules.cc.io.CCModuleGenerator - 1
23:44:30.157 [main] DEBUG com.rometools.modules.cc.io.CCModuleGenerator - class com.rometools.rome.feed.module.DCModuleImpl
23:44:30.157 [main] DEBUG com.rometools.modules.cc.io.CCModuleGenerator - 1
23:44:30.157 [main] DEBUG com.rometools.modules.cc.io.CCModuleGenerator - class com.rometools.rome.feed.module.DCModuleImpl
23:44:30.157 [main] DEBUG com.rometools.modules.cc.io.CCModuleGenerator - 1
23:44:30.157 [main] DEBUG com.rometools.modules.cc.io.CCModuleGenerator - class com.rometools.rome.feed.module.DCModuleImpl
23:44:30.157 [main] DEBUG com.rometools.modules.cc.io.CCModuleGenerator - 1
23:44:30.157 [main] DEBUG com.rometools.modules.cc.io.CCModuleGenerator - class com.rometools.rome.feed.module.DCModuleImpl
23:44:30.157 [main] DEBUG com.rometools.modules.cc.io.CCModuleGenerator - 1
23:44:30.157 [main] DEBUG com.rometools.modules.cc.io.CCModuleGenerator - class com.rometools.rome.feed.module.DCModuleImpl
23:44:30.157 [main] DEBUG com.rometools.modules.cc.io.CCModuleGenerator - 1
23:44:30.157 [main] DEBUG com.rometools.modules.cc.io.CCModuleGenerator - class com.rometools.rome.feed.module.DCModuleImpl
23:44:30.157 [main] DEBUG com.rometools.modules.cc.io.CCModuleGenerator - 1
23:44:30.157 [main] DEBUG com.rometools.modules.cc.io.CCModuleGenerator - class com.rometools.rome.feed.module.DCModuleImpl
23:44:30.157 [main] DEBUG com.rometools.modules.cc.io.CCModuleGenerator - 1
23:44:30.157 [main] DEBUG com.rometools.modules.cc.io.CCModuleGenerator - class com.rometools.rome.feed.module.DCModuleImpl
23:44:30.157 [main] DEBUG com.rometools.modules.cc.io.CCModuleGenerator - 1
23:44:30.157 [main] DEBUG com.rometools.modules.cc.io.CCModuleGenerator - class com.rometools.rome.feed.module.DCModuleImpl
23:44:30.157 [main] DEBUG com.rometools.modules.cc.io.CCModuleGenerator - 1
23:44:30.157 [main] DEBUG com.rometools.modules.cc.io.CCModuleGenerator - class com.rometools.rome.feed.module.DCModuleImpl
23:44:30.157 [main] DEBUG com.rometools.modules.cc.io.CCModuleGenerator - 1
23:44:30.157 [main] DEBUG com.rometools.modules.cc.io.CCModuleGenerator - class com.rometools.rome.feed.module.DCModuleImpl
23:44:30.157 [main] DEBUG com.rometools.modules.cc.io.CCModuleGenerator - 1
23:44:30.160 [main] DEBUG com.rometools.modules.cc.io.CCModuleGenerator - class com.rometools.rome.feed.module.DCModuleImpl
23:44:30.165 [main] DEBUG com.rometools.modules.cc.io.CCModuleGenerator - 1
23:44:30.165 [main] DEBUG com.rometools.modules.cc.io.CCModuleGenerator - class com.rometools.rome.feed.module.DCModuleImpl
23:44:30.165 [main] DEBUG com.rometools.modules.cc.io.CCModuleGenerator - 1
23:44:30.165 [main] DEBUG com.rometools.modules.cc.io.CCModuleGenerator - class com.rometools.rome.feed.module.DCModuleImpl
23:44:30.165 [main] DEBUG com.rometools.modules.cc.io.CCModuleGenerator - 1
23:44:30.166 [main] DEBUG com.rometools.modules.cc.io.CCModuleGenerator - class com.rometools.rome.feed.module.DCModuleImpl
23:44:30.166 [main] DEBUG com.rometools.modules.cc.io.CCModuleGenerator - 1
23:44:30.166 [main] DEBUG com.rometools.modules.cc.io.CCModuleGenerator - class com.rometools.rome.feed.module.DCModuleImpl
23:44:30.166 [main] DEBUG com.rometools.modules.cc.io.CCModuleGenerator - 1
23:44:30.166 [main] DEBUG com.rometools.modules.cc.io.CCModuleGenerator - class com.rometools.rome.feed.module.DCModuleImpl
23:44:30.166 [main] DEBUG com.rometools.modules.cc.io.CCModuleGenerator - 1
23:44:30.166 [main] DEBUG com.rometools.modules.cc.io.CCModuleGenerator - class com.rometools.rome.feed.module.DCModuleImpl
23:44:30.166 [main] DEBUG com.rometools.modules.cc.io.CCModuleGenerator - 1
23:44:30.166 [main] DEBUG com.rometools.modules.cc.io.CCModuleGenerator - class com.rometools.rome.feed.module.DCModuleImpl
23:44:30.166 [main] DEBUG com.rometools.modules.cc.io.CCModuleGenerator - 1
23:44:30.167 [main] DEBUG com.rometools.modules.cc.io.CCModuleGenerator - class com.rometools.rome.feed.module.DCModuleImpl
23:44:30.167 [main] DEBUG com.rometools.modules.cc.io.CCModuleGenerator - 1
23:44:30.167 [main] DEBUG com.rometools.modules.cc.io.CCModuleGenerator - class com.rometools.rome.feed.module.DCModuleImpl
23:44:30.167 [main] DEBUG com.rometools.modules.cc.io.CCModuleGenerator - 1
23:44:30.167 [main] DEBUG com.rometools.modules.cc.io.CCModuleGenerator - class com.rometools.rome.feed.module.DCModuleImpl
23:44:30.168 [main] DEBUG com.rometools.modules.cc.io.CCModuleGenerator - 1
23:44:30.169 [main] DEBUG com.rometools.modules.cc.io.CCModuleGenerator - class com.rometools.rome.feed.module.DCModuleImpl
23:44:30.169 [main] DEBUG com.rometools.modules.cc.io.CCModuleGenerator - 1
23:44:30.169 [main] DEBUG com.rometools.modules.cc.io.CCModuleGenerator - class com.rometools.rome.feed.module.DCModuleImpl
23:44:30.169 [main] DEBUG com.rometools.modules.cc.io.CCModuleGenerator - 1
23:44:30.169 [main] DEBUG com.rometools.modules.cc.io.CCModuleGenerator - class com.rometools.rome.feed.module.DCModuleImpl
23:44:30.174 [main] DEBUG com.rometools.modules.base.io.GoogleBaseParser - Property: format doesn't have a tag mapping.
23:44:30.174 [main] DEBUG com.rometools.modules.base.io.GoogleBaseParser - Property: expirationDateTime doesn't have a tag mapping.
23:44:30.174 [main] DEBUG com.rometools.modules.base.io.GoogleBaseParser - Property: interface doesn't have a tag mapping.
23:44:30.175 [main] DEBUG com.rometools.modules.base.io.GoogleBaseParser - Property: uri doesn't have a tag mapping.
23:44:30.175 [main] DEBUG com.rometools.modules.base.io.GoogleBaseParser - Property: licenses doesn't have a tag mapping.
23:44:30.175 [main] DEBUG com.rometools.modules.cc.io.CCModuleGenerator - 2
23:44:30.175 [main] DEBUG com.rometools.modules.cc.io.CCModuleGenerator - class com.rometools.rome.feed.module.DCModuleImpl
23:44:30.175 [main] DEBUG com.rometools.modules.cc.io.CCModuleGenerator - class com.rometools.modules.base.GoogleBaseImpl
23:44:30.178 [main] DEBUG com.rometools.modules.cc.io.CCModuleGenerator - 2
23:44:30.178 [main] DEBUG com.rometools.modules.cc.io.CCModuleGenerator - class com.rometools.modules.cc.CreativeCommonsImpl
23:44:30.178 [main] DEBUG com.rometools.modules.cc.io.CCModuleGenerator - class com.rometools.rome.feed.module.DCModuleImpl
23:44:30.183 [main] DEBUG com.rometools.modules.cc.io.CCModuleGenerator - 1
23:44:30.183 [main] DEBUG com.rometools.modules.cc.io.CCModuleGenerator - class com.rometools.rome.feed.module.DCModuleImpl
23:44:30.183 [main] DEBUG com.rometools.modules.cc.io.CCModuleGenerator - 2
23:44:30.183 [main] DEBUG com.rometools.modules.cc.io.CCModuleGenerator - class com.rometools.modules.cc.CreativeCommonsImpl
23:44:30.183 [main] DEBUG com.rometools.modules.cc.io.CCModuleGenerator - class com.rometools.rome.feed.module.DCModuleImpl
23:44:30.199 [main] DEBUG com.rometools.modules.base.io.GoogleBaseParser - Property: format doesn't have a tag mapping.
23:44:30.199 [main] DEBUG com.rometools.modules.base.io.GoogleBaseParser - Property: expirationDateTime doesn't have a tag mapping.
23:44:30.199 [main] DEBUG com.rometools.modules.base.io.GoogleBaseParser - Property: interface doesn't have a tag mapping.
23:44:30.199 [main] DEBUG com.rometools.modules.base.io.GoogleBaseParser - Property: uri doesn't have a tag mapping.
23:44:30.199 [main] DEBUG com.rometools.modules.base.io.GoogleBaseParser - Property: licenses doesn't have a tag mapping.
23:44:30.205 [main] DEBUG com.rometools.modules.base.io.GoogleBaseParser - Property: format doesn't have a tag mapping.
23:44:30.205 [main] DEBUG com.rometools.modules.base.io.GoogleBaseParser - Property: expirationDateTime doesn't have a tag mapping.
23:44:30.205 [main] DEBUG com.rometools.modules.base.io.GoogleBaseParser - Property: interface doesn't have a tag mapping.
23:44:30.205 [main] DEBUG com.rometools.modules.base.io.GoogleBaseParser - Property: uri doesn't have a tag mapping.
23:44:30.205 [main] DEBUG com.rometools.modules.base.io.GoogleBaseParser - Property: licenses doesn't have a tag mapping.
23:44:30.205 [main] DEBUG com.rometools.modules.cc.io.CCModuleGenerator - 2
23:44:30.205 [main] DEBUG com.rometools.modules.cc.io.CCModuleGenerator - class com.rometools.modules.base.GoogleBaseImpl
23:44:30.205 [main] DEBUG com.rometools.modules.cc.io.CCModuleGenerator - class com.rometools.rome.feed.module.DCModuleImpl
23:44:30.205 [main] DEBUG com.rometools.modules.cc.io.CCModuleGenerator - 2
23:44:30.205 [main] DEBUG com.rometools.modules.cc.io.CCModuleGenerator - class com.rometools.modules.base.GoogleBaseImpl
23:44:30.205 [main] DEBUG com.rometools.modules.cc.io.CCModuleGenerator - class com.rometools.rome.feed.module.DCModuleImpl
23:44:30.210 [main] DEBUG com.rometools.modules.base.io.GoogleBaseParser - Property: format doesn't have a tag mapping.
23:44:30.210 [main] DEBUG com.rometools.modules.base.io.GoogleBaseParser - Property: expirationDateTime doesn't have a tag mapping.
23:44:30.210 [main] DEBUG com.rometools.modules.base.io.GoogleBaseParser - Property: interface doesn't have a tag mapping.
23:44:30.210 [main] DEBUG com.rometools.modules.base.io.GoogleBaseParser - Property: uri doesn't have a tag mapping.
23:44:30.210 [main] DEBUG com.rometools.modules.base.io.GoogleBaseParser - Property: licenses doesn't have a tag mapping.
23:44:30.211 [main] DEBUG com.rometools.modules.base.io.GoogleBaseParser - Property: format doesn't have a tag mapping.
23:44:30.211 [main] DEBUG com.rometools.modules.base.io.GoogleBaseParser - Property: expirationDateTime doesn't have a tag mapping.
23:44:30.211 [main] DEBUG com.rometools.modules.base.io.GoogleBaseParser - Property: interface doesn't have a tag mapping.
23:44:30.211 [main] DEBUG com.rometools.modules.base.io.GoogleBaseParser - Property: uri doesn't have a tag mapping.
23:44:30.211 [main] DEBUG com.rometools.modules.base.io.GoogleBaseParser - Property: licenses doesn't have a tag mapping.
23:44:30.211 [main] DEBUG com.rometools.modules.cc.io.CCModuleGenerator - 2
23:44:30.211 [main] DEBUG com.rometools.modules.cc.io.CCModuleGenerator - class com.rometools.modules.base.GoogleBaseImpl
23:44:30.212 [main] DEBUG com.rometools.modules.cc.io.CCModuleGenerator - class com.rometools.rome.feed.module.DCModuleImpl
23:44:30.212 [main] DEBUG com.rometools.modules.cc.io.CCModuleGenerator - 2
23:44:30.212 [main] DEBUG com.rometools.modules.cc.io.CCModuleGenerator - class com.rometools.modules.base.GoogleBaseImpl
23:44:30.212 [main] DEBUG com.rometools.modules.cc.io.CCModuleGenerator - class com.rometools.rome.feed.module.DCModuleImpl
23:44:30.251 [main] DEBUG com.rometools.modules.cc.io.CCModuleGenerator - 2
23:44:30.251 [main] DEBUG com.rometools.modules.cc.io.CCModuleGenerator - class com.rometools.rome.feed.module.DCModuleImpl
23:44:30.251 [main] DEBUG com.rometools.modules.cc.io.CCModuleGenerator - class com.rometools.modules.slash.SlashImpl
23:44:30.251 [main] DEBUG com.rometools.modules.cc.io.CCModuleGenerator - 2
23:44:30.251 [main] DEBUG com.rometools.modules.cc.io.CCModuleGenerator - class com.rometools.rome.feed.module.DCModuleImpl
23:44:30.251 [main] DEBUG com.rometools.modules.cc.io.CCModuleGenerator - class com.rometools.modules.slash.SlashImpl
23:44:30.251 [main] DEBUG com.rometools.modules.cc.io.CCModuleGenerator - 2
23:44:30.251 [main] DEBUG com.rometools.modules.cc.io.CCModuleGenerator - class com.rometools.rome.feed.module.DCModuleImpl
23:44:30.251 [main] DEBUG com.rometools.modules.cc.io.CCModuleGenerator - class com.rometools.modules.slash.SlashImpl
23:44:30.251 [main] DEBUG com.rometools.modules.cc.io.CCModuleGenerator - 2
23:44:30.251 [main] DEBUG com.rometools.modules.cc.io.CCModuleGenerator - class com.rometools.rome.feed.module.DCModuleImpl
23:44:30.251 [main] DEBUG com.rometools.modules.cc.io.CCModuleGenerator - class com.rometools.modules.slash.SlashImpl
23:44:30.252 [main] DEBUG com.rometools.modules.cc.io.CCModuleGenerator - 2
23:44:30.252 [main] DEBUG com.rometools.modules.cc.io.CCModuleGenerator - class com.rometools.rome.feed.module.DCModuleImpl
23:44:30.252 [main] DEBUG com.rometools.modules.cc.io.CCModuleGenerator - class com.rometools.modules.slash.SlashImpl
23:44:30.253 [main] DEBUG com.rometools.modules.cc.io.CCModuleGenerator - 2
23:44:30.253 [main] DEBUG com.rometools.modules.cc.io.CCModuleGenerator - class com.rometools.rome.feed.module.DCModuleImpl
23:44:30.254 [main] DEBUG com.rometools.modules.cc.io.CCModuleGenerator - class com.rometools.modules.slash.SlashImpl
23:44:30.254 [main] DEBUG com.rometools.modules.cc.io.CCModuleGenerator - 2
23:44:30.254 [main] DEBUG com.rometools.modules.cc.io.CCModuleGenerator - class com.rometools.rome.feed.module.DCModuleImpl
23:44:30.254 [main] DEBUG com.rometools.modules.cc.io.CCModuleGenerator - class com.rometools.modules.slash.SlashImpl
23:44:30.254 [main] DEBUG com.rometools.modules.cc.io.CCModuleGenerator - 2
23:44:30.254 [main] DEBUG com.rometools.modules.cc.io.CCModuleGenerator - class com.rometools.rome.feed.module.DCModuleImpl
23:44:30.254 [main] DEBUG com.rometools.modules.cc.io.CCModuleGenerator - class com.rometools.modules.slash.SlashImpl
23:44:30.254 [main] DEBUG com.rometools.modules.cc.io.CCModuleGenerator - 2
23:44:30.254 [main] DEBUG com.rometools.modules.cc.io.CCModuleGenerator - class com.rometools.rome.feed.module.DCModuleImpl
23:44:30.254 [main] DEBUG com.rometools.modules.cc.io.CCModuleGenerator - class com.rometools.modules.slash.SlashImpl
23:44:30.254 [main] DEBUG com.rometools.modules.cc.io.CCModuleGenerator - 2
23:44:30.254 [main] DEBUG com.rometools.modules.cc.io.CCModuleGenerator - class com.rometools.rome.feed.module.DCModuleImpl
23:44:30.254 [main] DEBUG com.rometools.modules.cc.io.CCModuleGenerator - class com.rometools.modules.slash.SlashImpl
23:44:30.258 [main] DEBUG com.rometools.modules.cc.io.CCModuleGenerator - 3
23:44:30.259 [main] DEBUG com.rometools.modules.cc.io.CCModuleGenerator - class com.rometools.modules.georss.W3CGeoModuleImpl
23:44:30.259 [main] DEBUG com.rometools.modules.cc.io.CCModuleGenerator - class com.rometools.modules.yahooweather.YWeatherModuleImpl
23:44:30.259 [main] DEBUG com.rometools.modules.cc.io.CCModuleGenerator - sunnyvale.xml
23:44:30.259 [main] DEBUG com.rometools.modules.cc.io.CCModuleGenerator - class com.rometools.rome.feed.module.DCModuleImpl
23:44:30.267 [main] DEBUG com.rometools.modules.cc.io.CCModuleGenerator - 2
23:44:30.267 [main] DEBUG com.rometools.modules.cc.io.CCModuleGenerator - class com.rometools.modules.content.ContentModuleImpl
23:44:30.267 [main] DEBUG com.rometools.modules.cc.io.CCModuleGenerator - class com.rometools.rome.feed.module.DCModuleImpl
23:44:30.272 [main] DEBUG com.rometools.modules.cc.io.CCModuleGenerator - 3
23:44:30.273 [main] DEBUG com.rometools.modules.cc.io.CCModuleGenerator - class com.rometools.rome.feed.module.DCModuleImpl
23:44:30.273 [main] DEBUG com.rometools.modules.cc.io.CCModuleGenerator - class com.rometools.modules.content.ContentModuleImpl
23:44:30.273 [main] DEBUG com.rometools.modules.cc.io.CCModuleGenerator - class com.rometools.modules.slash.SlashImpl
23:44:30.278 [main] DEBUG com.rometools.modules.base.io.GoogleBaseParser - Property: format doesn't have a tag mapping.
23:44:30.278 [main] DEBUG com.rometools.modules.base.io.GoogleBaseParser - Property: expirationDateTime doesn't have a tag mapping.
23:44:30.278 [main] DEBUG com.rometools.modules.base.io.GoogleBaseParser - Property: interface doesn't have a tag mapping.
23:44:30.278 [main] DEBUG com.rometools.modules.base.io.GoogleBaseParser - Property: uri doesn't have a tag mapping.
23:44:30.278 [main] DEBUG com.rometools.modules.base.io.GoogleBaseParser - Property: licenses doesn't have a tag mapping.
23:44:30.280 [main] DEBUG com.rometools.modules.base.io.GoogleBaseParser - Property: format doesn't have a tag mapping.
23:44:30.281 [main] DEBUG com.rometools.modules.base.io.GoogleBaseParser - Property: expirationDateTime doesn't have a tag mapping.
23:44:30.281 [main] DEBUG com.rometools.modules.base.io.GoogleBaseParser - Property: interface doesn't have a tag mapping.
23:44:30.281 [main] DEBUG com.rometools.modules.base.io.GoogleBaseParser - Property: uri doesn't have a tag mapping.
23:44:30.281 [main] DEBUG com.rometools.modules.base.io.GoogleBaseParser - Property: licenses doesn't have a tag mapping.
23:44:30.281 [main] DEBUG com.rometools.modules.cc.io.CCModuleGenerator - 2
23:44:30.281 [main] DEBUG com.rometools.modules.cc.io.CCModuleGenerator - class com.rometools.modules.base.GoogleBaseImpl
23:44:30.281 [main] DEBUG com.rometools.modules.cc.io.CCModuleGenerator - class com.rometools.rome.feed.module.DCModuleImpl
23:44:30.281 [main] DEBUG com.rometools.modules.cc.io.CCModuleGenerator - 2
23:44:30.281 [main] DEBUG com.rometools.modules.cc.io.CCModuleGenerator - class com.rometools.modules.base.GoogleBaseImpl
23:44:30.281 [main] DEBUG com.rometools.modules.cc.io.CCModuleGenerator - class com.rometools.rome.feed.module.DCModuleImpl
23:44:30.285 [main] DEBUG com.rometools.modules.base.io.GoogleBaseParser - Property: format doesn't have a tag mapping.
23:44:30.286 [main] DEBUG com.rometools.modules.base.io.GoogleBaseParser - Property: expirationDateTime doesn't have a tag mapping.
23:44:30.286 [main] DEBUG com.rometools.modules.base.io.GoogleBaseParser - Property: interface doesn't have a tag mapping.
23:44:30.287 [main] DEBUG com.rometools.modules.base.io.GoogleBaseParser - Property: uri doesn't have a tag mapping.
23:44:30.287 [main] DEBUG com.rometools.modules.base.io.GoogleBaseParser - Property: licenses doesn't have a tag mapping.
23:44:30.287 [main] DEBUG com.rometools.modules.base.io.GoogleBaseParser - Property: format doesn't have a tag mapping.
23:44:30.287 [main] DEBUG com.rometools.modules.base.io.GoogleBaseParser - Property: expirationDateTime doesn't have a tag mapping.
23:44:30.288 [main] DEBUG com.rometools.modules.base.io.GoogleBaseParser - Property: interface doesn't have a tag mapping.
23:44:30.288 [main] DEBUG com.rometools.modules.base.io.GoogleBaseParser - Property: uri doesn't have a tag mapping.
23:44:30.288 [main] DEBUG com.rometools.modules.base.io.GoogleBaseParser - Property: licenses doesn't have a tag mapping.
23:44:30.289 [main] DEBUG com.rometools.modules.cc.io.CCModuleGenerator - 2
23:44:30.289 [main] DEBUG com.rometools.modules.cc.io.CCModuleGenerator - class com.rometools.modules.base.GoogleBaseImpl
23:44:30.289 [main] DEBUG com.rometools.modules.cc.io.CCModuleGenerator - class com.rometools.rome.feed.module.DCModuleImpl
23:44:30.289 [main] DEBUG com.rometools.modules.cc.io.CCModuleGenerator - 2
23:44:30.289 [main] DEBUG com.rometools.modules.cc.io.CCModuleGenerator - class com.rometools.modules.base.GoogleBaseImpl
23:44:30.289 [main] DEBUG com.rometools.modules.cc.io.CCModuleGenerator - class com.rometools.rome.feed.module.DCModuleImpl
23:44:30.295 [main] DEBUG com.rometools.modules.base.io.GoogleBaseParser - Property: format doesn't have a tag mapping.
23:44:30.296 [main] DEBUG com.rometools.modules.base.io.GoogleBaseParser - Property: expirationDateTime doesn't have a tag mapping.
23:44:30.296 [main] DEBUG com.rometools.modules.base.io.GoogleBaseParser - Property: interface doesn't have a tag mapping.
23:44:30.296 [main] DEBUG com.rometools.modules.base.io.GoogleBaseParser - Property: uri doesn't have a tag mapping.
23:44:30.296 [main] DEBUG com.rometools.modules.base.io.GoogleBaseParser - Property: licenses doesn't have a tag mapping.
23:44:30.313 [main] DEBUG com.rometools.modules.base.io.GoogleBaseParser - Property: format doesn't have a tag mapping.
23:44:30.313 [main] DEBUG com.rometools.modules.base.io.GoogleBaseParser - Property: expirationDateTime doesn't have a tag mapping.
23:44:30.313 [main] DEBUG com.rometools.modules.base.io.GoogleBaseParser - Property: interface doesn't have a tag mapping.
23:44:30.313 [main] DEBUG com.rometools.modules.base.io.GoogleBaseParser - Property: uri doesn't have a tag mapping.
23:44:30.313 [main] DEBUG com.rometools.modules.base.io.GoogleBaseParser - Property: licenses doesn't have a tag mapping.
23:44:30.314 [main] DEBUG com.rometools.modules.cc.io.CCModuleGenerator - 2
23:44:30.314 [main] DEBUG com.rometools.modules.cc.io.CCModuleGenerator - class com.rometools.modules.base.GoogleBaseImpl
23:44:30.314 [main] DEBUG com.rometools.modules.cc.io.CCModuleGenerator - class com.rometools.rome.feed.module.DCModuleImpl
23:44:30.314 [main] DEBUG com.rometools.modules.cc.io.CCModuleGenerator - 2
23:44:30.314 [main] DEBUG com.rometools.modules.cc.io.CCModuleGenerator - class com.rometools.modules.base.GoogleBaseImpl
23:44:30.314 [main] DEBUG com.rometools.modules.cc.io.CCModuleGenerator - class com.rometools.rome.feed.module.DCModuleImpl
23:44:30.317 [main] DEBUG com.rometools.modules.base.io.GoogleBaseParser - Property: format doesn't have a tag mapping.
23:44:30.317 [main] DEBUG com.rometools.modules.base.io.GoogleBaseParser - Property: expirationDateTime doesn't have a tag mapping.
23:44:30.317 [main] DEBUG com.rometools.modules.base.io.GoogleBaseParser - Property: interface doesn't have a tag mapping.
23:44:30.317 [main] DEBUG com.rometools.modules.base.io.GoogleBaseParser - Property: uri doesn't have a tag mapping.
23:44:30.317 [main] DEBUG com.rometools.modules.base.io.GoogleBaseParser - Property: licenses doesn't have a tag mapping.
23:44:30.318 [main] DEBUG com.rometools.modules.base.io.GoogleBaseParser - Property: format doesn't have a tag mapping.
23:44:30.318 [main] DEBUG com.rometools.modules.base.io.GoogleBaseParser - Property: expirationDateTime doesn't have a tag mapping.
23:44:30.318 [main] DEBUG com.rometools.modules.base.io.GoogleBaseParser - Property: interface doesn't have a tag mapping.
23:44:30.318 [main] DEBUG com.rometools.modules.base.io.GoogleBaseParser - Property: uri doesn't have a tag mapping.
23:44:30.318 [main] DEBUG com.rometools.modules.base.io.GoogleBaseParser - Property: licenses doesn't have a tag mapping.
23:44:30.319 [main] DEBUG com.rometools.modules.cc.io.CCModuleGenerator - 2
23:44:30.319 [main] DEBUG com.rometools.modules.cc.io.CCModuleGenerator - class com.rometools.modules.base.GoogleBaseImpl
23:44:30.319 [main] DEBUG com.rometools.modules.cc.io.CCModuleGenerator - class com.rometools.rome.feed.module.DCModuleImpl
23:44:30.319 [main] DEBUG com.rometools.modules.cc.io.CCModuleGenerator - 2
23:44:30.319 [main] DEBUG com.rometools.modules.cc.io.CCModuleGenerator - class com.rometools.modules.base.GoogleBaseImpl
23:44:30.319 [main] DEBUG com.rometools.modules.cc.io.CCModuleGenerator - class com.rometools.rome.feed.module.DCModuleImpl
23:44:30.324 [main] DEBUG com.rometools.modules.base.io.GoogleBaseParser - Property: format doesn't have a tag mapping.
23:44:30.324 [main] DEBUG com.rometools.modules.base.io.GoogleBaseParser - Property: expirationDateTime doesn't have a tag mapping.
23:44:30.325 [main] DEBUG com.rometools.modules.base.io.GoogleBaseParser - Property: interface doesn't have a tag mapping.
23:44:30.325 [main] DEBUG com.rometools.modules.base.io.GoogleBaseParser - Property: uri doesn't have a tag mapping.
23:44:30.325 [main] DEBUG com.rometools.modules.base.io.GoogleBaseParser - Property: licenses doesn't have a tag mapping.
23:44:30.327 [main] DEBUG com.rometools.modules.base.io.GoogleBaseParser - Property: format doesn't have a tag mapping.
23:44:30.327 [main] DEBUG com.rometools.modules.base.io.GoogleBaseParser - Property: expirationDateTime doesn't have a tag mapping.
23:44:30.327 [main] DEBUG com.rometools.modules.base.io.GoogleBaseParser - Property: interface doesn't have a tag mapping.
23:44:30.327 [main] DEBUG com.rometools.modules.base.io.GoogleBaseParser - Property: uri doesn't have a tag mapping.
23:44:30.327 [main] DEBUG com.rometools.modules.base.io.GoogleBaseParser - Property: licenses doesn't have a tag mapping.
23:44:30.327 [main] DEBUG com.rometools.modules.cc.io.CCModuleGenerator - 2
23:44:30.327 [main] DEBUG com.rometools.modules.cc.io.CCModuleGenerator - class com.rometools.modules.base.GoogleBaseImpl
23:44:30.327 [main] DEBUG com.rometools.modules.cc.io.CCModuleGenerator - class com.rometools.rome.feed.module.DCModuleImpl
23:44:30.327 [main] DEBUG com.rometools.modules.cc.io.CCModuleGenerator - 2
23:44:30.327 [main] DEBUG com.rometools.modules.cc.io.CCModuleGenerator - class com.rometools.modules.base.GoogleBaseImpl
23:44:30.327 [main] DEBUG com.rometools.modules.cc.io.CCModuleGenerator - class com.rometools.rome.feed.module.DCModuleImpl
23:44:30.329 [main] DEBUG com.rometools.modules.base.io.GoogleBaseParser - Property: format doesn't have a tag mapping.
23:44:30.329 [main] DEBUG com.rometools.modules.base.io.GoogleBaseParser - Property: expirationDateTime doesn't have a tag mapping.
23:44:30.330 [main] DEBUG com.rometools.modules.base.io.GoogleBaseParser - Property: interface doesn't have a tag mapping.
23:44:30.336 [main] DEBUG com.rometools.modules.base.io.GoogleBaseParser - Property: uri doesn't have a tag mapping.
23:44:30.336 [main] DEBUG com.rometools.modules.base.io.GoogleBaseParser - Property: licenses doesn't have a tag mapping.
23:44:30.337 [main] DEBUG com.rometools.modules.base.io.GoogleBaseParser - Property: format doesn't have a tag mapping.
23:44:30.337 [main] DEBUG com.rometools.modules.base.io.GoogleBaseParser - Property: expirationDateTime doesn't have a tag mapping.
23:44:30.337 [main] DEBUG com.rometools.modules.base.io.GoogleBaseParser - Property: interface doesn't have a tag mapping.
23:44:30.337 [main] DEBUG com.rometools.modules.base.io.GoogleBaseParser - Property: uri doesn't have a tag mapping.
23:44:30.337 [main] DEBUG com.rometools.modules.base.io.GoogleBaseParser - Property: licenses doesn't have a tag mapping.
23:44:30.337 [main] DEBUG com.rometools.modules.cc.io.CCModuleGenerator - 2
23:44:30.337 [main] DEBUG com.rometools.modules.cc.io.CCModuleGenerator - class com.rometools.modules.base.GoogleBaseImpl
23:44:30.337 [main] DEBUG com.rometools.modules.cc.io.CCModuleGenerator - class com.rometools.rome.feed.module.DCModuleImpl
23:44:30.337 [main] DEBUG com.rometools.modules.cc.io.CCModuleGenerator - 2
23:44:30.337 [main] DEBUG com.rometools.modules.cc.io.CCModuleGenerator - class com.rometools.modules.base.GoogleBaseImpl
23:44:30.337 [main] DEBUG com.rometools.modules.cc.io.CCModuleGenerator - class com.rometools.rome.feed.module.DCModuleImpl
23:44:30.344 [main] DEBUG com.rometools.modules.cc.io.CCModuleGenerator - 3
23:44:30.344 [main] DEBUG com.rometools.modules.cc.io.CCModuleGenerator - class com.rometools.modules.georss.W3CGeoModuleImpl
23:44:30.344 [main] DEBUG com.rometools.modules.cc.io.CCModuleGenerator - class com.rometools.modules.yahooweather.YWeatherModuleImpl
23:44:30.344 [main] DEBUG com.rometools.modules.cc.io.CCModuleGenerator - yweather.xml
23:44:30.344 [main] DEBUG com.rometools.modules.cc.io.CCModuleGenerator - class com.rometools.rome.feed.module.DCModuleImpl
[INFO] Tests run: 2, Failures: 0, Errors: 0, Skipped: 0, Time elapsed: 1.445 s - in com.rometools.modules.yahooweather.io.WeatherModuleParserTest
[INFO] 
[INFO] Results:
[INFO] 
[INFO] Tests run: 138, Failures: 0, Errors: 0, Skipped: 0
[INFO] 
[INFO] 
[INFO] ----------------------< com.rometools:rome-opml >-----------------------
[INFO] Building rome-opml 1.19.0-SNAPSHOT                                 [6/6]
[INFO] --------------------------------[ jar ]---------------------------------
[INFO] 
[INFO] --- jacoco-maven-plugin:0.8.6:prepare-agent (jacoco-initialize) @ rome-opml ---
[INFO] argLine set to -javaagent:C:\\Users\\67171876\\.m2\\MVN_REPO\\org\\jacoco\\org.jacoco.agent\\0.8.6\\org.jacoco.agent-0.8.6-runtime.jar=destfile=C:\\Users\\67171876\\git\\rome\\rome-opml\\target\\jacoco-ut.exec
[INFO] 
[INFO] --- maven-resources-plugin:3.2.0:resources (default-resources) @ rome-opml ---
[INFO] Using 'UTF-8' encoding to copy filtered resources.
[INFO] Using 'UTF-8' encoding to copy filtered properties files.
[INFO] Copying 1 resource
[INFO] 
[INFO] --- flatten-maven-plugin:1.2.7:flatten (flatten) @ rome-opml ---
[INFO] Generating flattened POM of project com.rometools:rome-opml:jar:1.19.0-SNAPSHOT...
[INFO] 
[INFO] --- maven-compiler-plugin:3.10.0:compile (default-compile) @ rome-opml ---
[INFO] Nothing to compile - all classes are up to date
[INFO] 
[INFO] --- maven-resources-plugin:3.2.0:testResources (default-testResources) @ rome-opml ---
[INFO] Using 'UTF-8' encoding to copy filtered resources.
[INFO] Using 'UTF-8' encoding to copy filtered properties files.
[INFO] Copying 4 resources
[INFO] 
[INFO] --- maven-compiler-plugin:3.10.0:testCompile (default-testCompile) @ rome-opml ---
[INFO] Nothing to compile - all classes are up to date
[INFO] 
[INFO] --- maven-surefire-plugin:2.22.2:test (default-test) @ rome-opml ---
[INFO] 
[INFO] -------------------------------------------------------
[INFO]  T E S T S
[INFO] -------------------------------------------------------
[INFO] Running com.rometools.opml.io.impl.OPML20GeneratorTest
[INFO] Tests run: 5, Failures: 0, Errors: 0, Skipped: 0, Time elapsed: 0.895 s - in com.rometools.opml.io.impl.OPML20GeneratorTest
[INFO] Running com.rometools.opml.TestOpsOPML10
[INFO] Tests run: 10, Failures: 0, Errors: 0, Skipped: 0, Time elapsed: 1.914 s - in com.rometools.opml.TestOpsOPML10
[INFO] Running com.rometools.opml.TestOpsOPML10links
[INFO] Tests run: 11, Failures: 0, Errors: 0, Skipped: 0, Time elapsed: 0.703 s - in com.rometools.opml.TestOpsOPML10links
[INFO] Running com.rometools.opml.TestOpsOPML20
[INFO] Tests run: 10, Failures: 0, Errors: 0, Skipped: 0, Time elapsed: 0.242 s - in com.rometools.opml.TestOpsOPML20
[INFO] Running com.rometools.opml.TestXmlFixerReader
[INFO] Tests run: 2, Failures: 0, Errors: 0, Skipped: 0, Time elapsed: 0.124 s - in com.rometools.opml.TestXmlFixerReader
[INFO] Running com.rometools.opml.TestXmlReader
[INFO] Tests run: 3, Failures: 0, Errors: 0, Skipped: 0, Time elapsed: 0.439 s - in com.rometools.opml.TestXmlReader
[INFO] 
[INFO] Results:
[INFO] 
[INFO] Tests run: 41, Failures: 0, Errors: 0, Skipped: 0
[INFO] 
[INFO] ------------------------------------------------------------------------
[INFO] Reactor Summary for rome 1.19.0-SNAPSHOT:
[INFO] 
[INFO] rome ............................................... SUCCESS [  0.841 s]
[INFO] rome-test .......................................... SUCCESS [  1.433 s]
[INFO] rome-utils ......................................... SUCCESS [  5.626 s]
[INFO] rome-core .......................................... SUCCESS [ 18.329 s]
[INFO] rome-modules ....................................... SUCCESS [ 24.374 s]
[INFO] rome-opml .......................................... SUCCESS [  8.345 s]
[INFO] ------------------------------------------------------------------------
[INFO] BUILD SUCCESS
[INFO] ------------------------------------------------------------------------
[INFO] Total time:  01:00 min
[INFO] Finished at: 2022-03-19T23:44:42+01:00
[INFO] ------------------------------------------------------------------------
